{"type":"FeatureCollection","crs":{"type":"name","properties":{"name":"EPSG:4326"}},"features":[
{"type":"Feature","geometry":{"type":"MultiPolygon","coordinates":[[[[-74.11174462,4.50141797],[-74.11175569,4.50142568],[-74.11176121,4.50141749],[-74.11176901,4.50142263],[-74.11178045,4.50140690],[-74.11182870,4.50133932],[-74.11182751,4.50133718],[-74.11200169,4.50109138],[-74.11200740,4.50108329],[-74.11197789,4.50106212],[-74.11199812,4.50103261],[-74.11189747,4.50096099],[-74.11187225,4.50099406],[-74.11182656,4.50096051],[-74.11176255,4.50104903],[-74.11171568,4.50101667],[-74.11166214,4.50109281],[-74.11162264,4.50115967],[-74.11162406,4.50116641],[-74.11162876,4.50118870],[-74.11164715,4.50127603],[-74.11167380,4.50139352],[-74.11170206,4.50138757],[-74.11174273,4.50141666],[-74.11174462,4.50141797]]]]},"properties":{"GmlID":"ESCENARIOS_DEPORTIVOS.961","OBJECTID":961,"Ubicación_Referencia":"05-016","Identificador_Dotación":"1","Tipo":5,"Nombre":2,"Coordenada_X":-74.11179708,"Coordenada_Y":4.50117386,"Descripción_":"Centro acuatico","Material_Piso":13,"Área__m2_":1275.58064683,"Capacidad_":0.00000000,"Iluminación_":1,"Cubierto_":1,"Cerramiento_":3,"Tipo_cerramiento_lateral":0,"Tipo_Cerramiento_Frontal":0,"Carriles_":0.00000000,"Camerino_":1,"Servicio_de_Luz":1,"Servicio_de_Agua":1,"Servicio_de_Gas":1,"Red_Contra_Incendios":1,"Uso_Incluyente":2,"Fecha_Creación":"5/24/2023 7:17:43 PM","Fecha_Actualización":"5/24/2023 7:17:43 PM","Riesgo_1":2,"Riesgo_2":2,"Riesgo_3":2,"Riesgo_4":1,"Estado_Diagnóstico":2,"Número_Contrato_Actualización_Datos":"3056-2022","Número_de_Piso":2,"GLOBALID":"{24C1EF13-4577-4D60-A6A0-4C7B5860C4C8}","CREATED_USER":"USR_ARCGIS","CREATED_DATE":"8/30/2023 4:24:27 AM","LAST_EDITED_USER":"Administrador_IDRD","LAST_EDITED_DATE":"9/24/2025 10:01:10 PM","Nombre_del_Parque":"El Virrey Sur","ID_LLAVE":"961","SHAPE.AREA":0.00000010,"SHAPE.LEN":0.00140019}},
{"type":"Feature","geometry":{"type":"MultiPolygon","coordinates":[[[[-74.09860826,4.56131971],[-74.09860824,4.56131970],[-74.09859455,4.56130832],[-74.09855065,4.56127183],[-74.09854645,4.56126864],[-74.09849017,4.56122590],[-74.09848794,4.56122830],[-74.09847698,4.56121922],[-74.09847424,4.56122265],[-74.09846969,4.56122066],[-74.09840839,4.56130125],[-74.09840586,4.56130159],[-74.09839652,4.56131465],[-74.09838403,4.56131465],[-74.09834774,4.56136164],[-74.09835072,4.56137770],[-74.09834834,4.56138246],[-74.09834100,4.56139259],[-74.09828112,4.56147526],[-74.09848932,4.56163350],[-74.09849230,4.56162814],[-74.09851550,4.56164539],[-74.09858202,4.56155740],[-74.09859849,4.56155444],[-74.09863568,4.56150458],[-74.09863525,4.56148557],[-74.09870002,4.56139951],[-74.09867770,4.56138118],[-74.09868180,4.56137514],[-74.09863403,4.56133914],[-74.09860826,4.56131971]]]]},"properties":{"GmlID":"ESCENARIOS_DEPORTIVOS.962","OBJECTID":962,"Ubicación_Referencia":"04-075","Identificador_Dotación":"2","Tipo":2,"Nombre":1,"Coordenada_X":-74.09849214,"Coordenada_Y":4.56143251,"Descripción_":"Coliseo","Material_Piso":41,"Área__m2_":1174.02005847,"Capacidad_":0.00000000,"Iluminación_":1,"Cubierto_":1,"Cerramiento_":1,"Tipo_cerramiento_lateral":16,"Tipo_Cerramiento_Frontal":16,"Carriles_":0.00000000,"Camerino_":2,"Servicio_de_Luz":1,"Servicio_de_Agua":1,"Servicio_de_Gas":2,"Red_Contra_Incendios":2,"Uso_Incluyente":2,"Fecha_Creación":"5/24/2023 7:17:43 PM","Fecha_Actualización":"5/24/2023 7:17:43 PM","Riesgo_1":2,"Riesgo_2":2,"Riesgo_3":2,"Riesgo_4":2,"Estado_Diagnóstico":1,"Número_Contrato_Actualización_Datos":"3056-2022","Número_de_Piso":1,"GLOBALID":"{4E9AFE2D-84D1-402D-BDC4-B297DC2CCA01}","CREATED_USER":"USR_ARCGIS","CREATED_DATE":"8/30/2023 4:24:27 AM","LAST_EDITED_USER":"Administrador_IDRD","LAST_EDITED_DATE":"9/24/2025 10:01:10 PM","Nombre_del_Parque":"Villa De Los Alpes","ID_LLAVE":"962","SHAPE.AREA":0.00000010,"SHAPE.LEN":0.00124646}},
{"type":"Feature","geometry":{"type":"MultiPolygon","coordinates":[[[[-74.20210601,4.61743889],[-74.20236283,4.61750754],[-74.20239138,4.61739904],[-74.20242208,4.61740617],[-74.20243707,4.61739547],[-74.20245063,4.61733907],[-74.20244278,4.61732408],[-74.20241280,4.61731766],[-74.20244350,4.61720915],[-74.20220004,4.61714220],[-74.20218651,4.61713848],[-74.20215568,4.61725346],[-74.20214650,4.61725788],[-74.20214446,4.61726469],[-74.20213595,4.61726299],[-74.20212506,4.61730756],[-74.20213221,4.61730960],[-74.20213187,4.61731436],[-74.20213765,4.61732423],[-74.20210601,4.61743889]]]]},"properties":{"GmlID":"ESCENARIOS_DEPORTIVOS.963","OBJECTID":963,"Ubicación_Referencia":"07-164","Identificador_Dotación":"3","Tipo":2,"Nombre":1,"Coordenada_X":-74.20227886,"Coordenada_Y":4.61732454,"Descripción_":"Coliseo cancha múltiple","Material_Piso":32,"Área__m2_":1063.62084344,"Capacidad_":0.00000000,"Iluminación_":1,"Cubierto_":1,"Cerramiento_":1,"Tipo_cerramiento_lateral":16,"Tipo_Cerramiento_Frontal":16,"Carriles_":0.00000000,"Camerino_":2,"Servicio_de_Luz":2,"Servicio_de_Agua":2,"Servicio_de_Gas":2,"Red_Contra_Incendios":2,"Uso_Incluyente":2,"Fecha_Creación":"5/24/2023 7:17:43 PM","Fecha_Actualización":"5/24/2023 7:17:43 PM","Riesgo_1":2,"Riesgo_2":2,"Riesgo_3":2,"Riesgo_4":2,"Estado_Diagnóstico":1,"Número_Contrato_Actualización_Datos":"3056-2022","Número_de_Piso":1,"GLOBALID":"{930D11A7-58BF-4463-9B6E-DF61278F02BC}","CREATED_USER":"USR_ARCGIS","CREATED_DATE":"8/30/2023 4:24:27 AM","LAST_EDITED_USER":"Administrador_IDRD","LAST_EDITED_DATE":"9/24/2025 10:01:10 PM","Nombre_del_Parque":"Parque Del Rio (San Jose De Maryland)","ID_LLAVE":"963","SHAPE.AREA":0.00000009,"SHAPE.LEN":0.00124633}},
{"type":"Feature","geometry":{"type":"MultiPolygon","coordinates":[[[[-74.08384914,4.65561150],[-74.08390458,4.65568550],[-74.08393123,4.65566480],[-74.08394527,4.65568336],[-74.08404045,4.65569633],[-74.08415775,4.65560390],[-74.08419380,4.65565351],[-74.08421522,4.65563602],[-74.08422450,4.65563495],[-74.08423485,4.65563174],[-74.08424484,4.65562817],[-74.08426090,4.65561853],[-74.08426947,4.65561139],[-74.08427768,4.65560104],[-74.08428410,4.65558998],[-74.08428839,4.65558034],[-74.08431373,4.65556178],[-74.08427661,4.65551324],[-74.08439927,4.65542079],[-74.08441355,4.65532561],[-74.08422795,4.65508053],[-74.08413634,4.65506982],[-74.08377585,4.65534108],[-74.08376514,4.65543625],[-74.08378894,4.65547671],[-74.08377704,4.65551597],[-74.08377597,4.65551870],[-74.08380452,4.65555654],[-74.08380631,4.65556546],[-74.08380809,4.65557403],[-74.08380927,4.65557638],[-74.08380960,4.65557705],[-74.08381345,4.65558473],[-74.08382023,4.65559401],[-74.08382701,4.65560079],[-74.08383807,4.65560686],[-74.08384656,4.65561042],[-74.08384914,4.65561150]]]]},"properties":{"GmlID":"ESCENARIOS_DEPORTIVOS.964","OBJECTID":964,"Ubicación_Referencia":"12-125","Identificador_Dotación":"4","Tipo":2,"Nombre":1,"Coordenada_X":-74.08408535,"Coordenada_Y":4.65539611,"Descripción_":"Palacio de los deportes","Material_Piso":13,"Área__m2_":3288.62822844,"Capacidad_":0.00000000,"Iluminación_":1,"Cubierto_":1,"Cerramiento_":1,"Tipo_cerramiento_lateral":16,"Tipo_Cerramiento_Frontal":16,"Carriles_":0.00000000,"Camerino_":1,"Servicio_de_Luz":1,"Servicio_de_Agua":1,"Servicio_de_Gas":2,"Red_Contra_Incendios":2,"Uso_Incluyente":2,"Fecha_Creación":"5/24/2023 7:17:43 PM","Fecha_Actualización":"5/24/2023 7:17:43 PM","Riesgo_1":2,"Riesgo_2":2,"Riesgo_3":2,"Riesgo_4":2,"Estado_Diagnóstico":1,"Número_Contrato_Actualización_Datos":"3056-2022","Número_de_Piso":1,"GLOBALID":"{E76180E5-7F79-4668-AE0E-C45398C0497B}","CREATED_USER":"USR_ARCGIS","CREATED_DATE":"8/30/2023 4:24:27 AM","LAST_EDITED_USER":"Administrador_IDRD","LAST_EDITED_DATE":"9/24/2025 10:01:10 PM","Nombre_del_Parque":"Simon Bolivar (Sector Palacio De Los Deportes)","ID_LLAVE":"964","SHAPE.AREA":0.00000027,"SHAPE.LEN":0.00208385}},
{"type":"Feature","geometry":{"type":"MultiPolygon","coordinates":[[[[-74.14723270,4.58573721],[-74.14721099,4.58574536],[-74.14720764,4.58574706],[-74.14720460,4.58574927],[-74.14720197,4.58575194],[-74.14719980,4.58575501],[-74.14719815,4.58575838],[-74.14719707,4.58576198],[-74.14719659,4.58576570],[-74.14719671,4.58576945],[-74.14720147,4.58576975],[-74.14719314,4.58585125],[-74.14719314,4.58587237],[-74.14720563,4.58590657],[-74.14721974,4.58594453],[-74.14722972,4.58597141],[-74.14725340,4.58603957],[-74.14726848,4.58608299],[-74.14754898,4.58601437],[-74.14754702,4.58600620],[-74.14755855,4.58600334],[-74.14753697,4.58591635],[-74.14754506,4.58590409],[-74.14754165,4.58588989],[-74.14754878,4.58587890],[-74.14754097,4.58584698],[-74.14753434,4.58581991],[-74.14752316,4.58581352],[-74.14751943,4.58579806],[-74.14750717,4.58579107],[-74.14750083,4.58576465],[-74.14748668,4.58570562],[-74.14747343,4.58570881],[-74.14747124,4.58569973],[-74.14736595,4.58569259],[-74.14734989,4.58569319],[-74.14723270,4.58573721]]]]},"properties":{"GmlID":"ESCENARIOS_DEPORTIVOS.965","OBJECTID":965,"Ubicación_Referencia":"06-017","Identificador_Dotación":"5","Tipo":2,"Nombre":1,"Coordenada_X":-74.14736714,"Coordenada_Y":4.58588115,"Descripción_":"CANCHA Multiple 1, SECTOR COLISEO CUBIERTO","Material_Piso":10,"Área__m2_":1301.77987897,"Capacidad_":20.00000000,"Iluminación_":1,"Cubierto_":1,"Cerramiento_":3,"Tipo_cerramiento_lateral":0,"Tipo_Cerramiento_Frontal":0,"Carriles_":0.00000000,"Camerino_":2,"Servicio_de_Luz":1,"Servicio_de_Agua":2,"Servicio_de_Gas":2,"Red_Contra_Incendios":2,"Uso_Incluyente":1,"Fecha_Creación":"5/24/2023 7:17:43 PM","Fecha_Actualización":"5/24/2023 7:17:43 PM","Riesgo_1":2,"Riesgo_2":2,"Riesgo_3":2,"Riesgo_4":2,"Estado_Diagnóstico":1,"Número_Contrato_Actualización_Datos":"3056-2022","Número_de_Piso":2,"GLOBALID":"{CD36E91D-1AAC-4887-9543-35CEEEDA011D}","CREATED_USER":"USR_ARCGIS","CREATED_DATE":"8/30/2023 4:24:27 AM","LAST_EDITED_USER":"Administrador_IDRD","LAST_EDITED_DATE":"9/24/2025 10:01:10 PM","Nombre_del_Parque":"Nuevo Muzu","ID_LLAVE":"965","SHAPE.AREA":0.00000011,"SHAPE.LEN":0.00128708}},
{"type":"Feature","geometry":{"type":"MultiPolygon","coordinates":[[[[-74.19147492,4.61231225],[-74.19147581,4.61231723],[-74.19148045,4.61231723],[-74.19148509,4.61234221],[-74.19159395,4.61232651],[-74.19160608,4.61233864],[-74.19167318,4.61232865],[-74.19168282,4.61231437],[-74.19171186,4.61230987],[-74.19173372,4.61230648],[-74.19179561,4.61229688],[-74.19177522,4.61216421],[-74.19178378,4.61216288],[-74.19176260,4.61202725],[-74.19175278,4.61201813],[-74.19174600,4.61200956],[-74.19173847,4.61201058],[-74.19165610,4.61202173],[-74.19163785,4.61202420],[-74.19162607,4.61201706],[-74.19156504,4.61202598],[-74.19155826,4.61203455],[-74.19152813,4.61203881],[-74.19143726,4.61205168],[-74.19143762,4.61206274],[-74.19145582,4.61223014],[-74.19146034,4.61223014],[-74.19146615,4.61226286],[-74.19147492,4.61231225]]]]},"properties":{"GmlID":"ESCENARIOS_DEPORTIVOS.966","OBJECTID":966,"Ubicación_Referencia":"07-165","Identificador_Dotación":"6","Tipo":2,"Nombre":1,"Coordenada_X":-74.19161651,"Coordenada_Y":4.61217498,"Descripción_":"No Aplica","Material_Piso":13,"Área__m2_":1190.16842381,"Capacidad_":0.00000000,"Iluminación_":1,"Cubierto_":1,"Cerramiento_":3,"Tipo_cerramiento_lateral":0,"Tipo_Cerramiento_Frontal":0,"Carriles_":0.00000000,"Camerino_":2,"Servicio_de_Luz":1,"Servicio_de_Agua":1,"Servicio_de_Gas":2,"Red_Contra_Incendios":2,"Uso_Incluyente":2,"Fecha_Creación":"5/24/2023 7:17:43 PM","Fecha_Actualización":"5/24/2023 7:17:43 PM","Riesgo_1":2,"Riesgo_2":2,"Riesgo_3":2,"Riesgo_4":2,"Estado_Diagnóstico":1,"Número_Contrato_Actualización_Datos":"3056-2022","Número_de_Piso":1,"GLOBALID":"{CEF66963-6D06-46C7-A745-D0AB4E8F2C3A}","CREATED_USER":"USR_ARCGIS","CREATED_DATE":"8/30/2023 4:24:27 AM","LAST_EDITED_USER":"Administrador_IDRD","LAST_EDITED_DATE":"9/24/2025 10:01:10 PM","Nombre_del_Parque":"Palestina","ID_LLAVE":"966","SHAPE.AREA":0.00000010,"SHAPE.LEN":0.00125103}},
{"type":"Feature","geometry":{"type":"MultiPolygon","coordinates":[[[[-74.16263600,4.56801509],[-74.16268052,4.56802742],[-74.16273798,4.56802813],[-74.16278938,4.56800815],[-74.16283578,4.56796960],[-74.16286790,4.56792320],[-74.16288539,4.56786823],[-74.16289003,4.56781041],[-74.16293046,4.56780830],[-74.16293107,4.56780827],[-74.16292643,4.56776009],[-74.16291358,4.56771833],[-74.16288655,4.56767245],[-74.16285657,4.56770600],[-74.16281731,4.56765818],[-74.16276978,4.56762580],[-74.16276806,4.56762462],[-74.16273323,4.56761026],[-74.16271095,4.56760107],[-74.16264599,4.56759750],[-74.16266312,4.56766817],[-74.16260530,4.56768816],[-74.16258081,4.56770289],[-74.16254988,4.56774902],[-74.16253239,4.56779078],[-74.16251990,4.56783325],[-74.16252107,4.56788518],[-74.16252892,4.56791016],[-74.16255024,4.56794997],[-74.16258615,4.56798332],[-74.16263600,4.56801509]]]]},"properties":{"GmlID":"ESCENARIOS_DEPORTIVOS.967","OBJECTID":967,"Ubicación_Referencia":"19-188","Identificador_Dotación":"7","Tipo":2,"Nombre":1,"Coordenada_X":-74.16271731,"Coordenada_Y":4.56782291,"Descripción_":"No Aplica","Material_Piso":19,"Área__m2_":1497.72270167,"Capacidad_":300.00000000,"Iluminación_":1,"Cubierto_":1,"Cerramiento_":1,"Tipo_cerramiento_lateral":16,"Tipo_Cerramiento_Frontal":16,"Carriles_":0.00000000,"Camerino_":1,"Servicio_de_Luz":1,"Servicio_de_Agua":1,"Servicio_de_Gas":2,"Red_Contra_Incendios":2,"Uso_Incluyente":2,"Fecha_Creación":"5/24/2023 7:17:43 PM","Fecha_Actualización":"5/24/2023 7:17:43 PM","Riesgo_1":2,"Riesgo_2":2,"Riesgo_3":2,"Riesgo_4":2,"Estado_Diagnóstico":1,"Número_Contrato_Actualización_Datos":"3056-2022","Número_de_Piso":1,"GLOBALID":"{28B096C2-EA88-4E43-98E7-A4DACC8A6DBA}","CREATED_USER":"USR_ARCGIS","CREATED_DATE":"8/30/2023 4:24:27 AM","LAST_EDITED_USER":"Administrador_IDRD","LAST_EDITED_DATE":"9/24/2025 10:01:10 PM","Nombre_del_Parque":"Arborizadora Alta","ID_LLAVE":"967","SHAPE.AREA":0.00000012,"SHAPE.LEN":0.00140996}},
{"type":"Feature","geometry":{"type":"MultiPolygon","coordinates":[[[[-74.13270663,4.57105189],[-74.13271758,4.57108401],[-74.13282417,4.57105165],[-74.13282656,4.57096290],[-74.13284726,4.57096313],[-74.13284845,4.57081894],[-74.13282656,4.57081870],[-74.13282584,4.57073542],[-74.13276540,4.57073542],[-74.13276540,4.57072114],[-74.13273114,4.57072019],[-74.13273090,4.57070401],[-74.13271139,4.57069830],[-74.13269759,4.57069759],[-74.13267712,4.57069925],[-74.13264738,4.57070377],[-74.13264786,4.57073494],[-74.13258177,4.57073453],[-74.13258052,4.57071281],[-74.13255006,4.57071710],[-74.13251794,4.57080228],[-74.13251342,4.57081846],[-74.13251175,4.57083940],[-74.13251223,4.57086058],[-74.13251485,4.57088509],[-74.13253150,4.57098479],[-74.13253674,4.57104475],[-74.13254031,4.57105260],[-74.13254649,4.57106045],[-74.13255363,4.57106498],[-74.13256244,4.57106807],[-74.13258147,4.57107092],[-74.13258195,4.57105046],[-74.13270663,4.57105189]]]]},"properties":{"GmlID":"ESCENARIOS_DEPORTIVOS.969","OBJECTID":969,"Ubicación_Referencia":"06-063","Identificador_Dotación":"9","Tipo":2,"Nombre":1,"Coordenada_X":-74.13268070,"Coordenada_Y":4.57088956,"Descripción_":"No Aplica","Material_Piso":13,"Área__m2_":1290.28950329,"Capacidad_":0.00000000,"Iluminación_":1,"Cubierto_":1,"Cerramiento_":3,"Tipo_cerramiento_lateral":0,"Tipo_Cerramiento_Frontal":0,"Carriles_":0.00000000,"Camerino_":1,"Servicio_de_Luz":1,"Servicio_de_Agua":1,"Servicio_de_Gas":2,"Red_Contra_Incendios":2,"Uso_Incluyente":2,"Fecha_Creación":"5/24/2023 7:17:43 PM","Fecha_Actualización":"5/24/2023 7:17:43 PM","Riesgo_1":2,"Riesgo_2":2,"Riesgo_3":2,"Riesgo_4":1,"Estado_Diagnóstico":2,"Número_Contrato_Actualización_Datos":"3056-2022","Número_de_Piso":1,"GLOBALID":"{60797E05-9894-4125-9915-ED4BFE949FE0}","CREATED_USER":"USR_ARCGIS","CREATED_DATE":"8/30/2023 4:24:27 AM","LAST_EDITED_USER":"Administrador_IDRD","LAST_EDITED_DATE":"9/24/2025 10:01:10 PM","Nombre_del_Parque":"El Tunal","ID_LLAVE":"969","SHAPE.AREA":0.00000011,"SHAPE.LEN":0.00140068}},
{"type":"Feature","geometry":{"type":"MultiPolygon","coordinates":[[[[-74.09792668,4.66587230],[-74.09796017,4.66589638],[-74.09799640,4.66591610],[-74.09803442,4.66593009],[-74.09807400,4.66593870],[-74.09811439,4.66594177],[-74.09815482,4.66593923],[-74.09819451,4.66593113],[-74.09823270,4.66591763],[-74.09826867,4.66589899],[-74.09828194,4.66589040],[-74.09831352,4.66586479],[-74.09834181,4.66583557],[-74.09834406,4.66583292],[-74.09834628,4.66583026],[-74.09835340,4.66582130],[-74.09835549,4.66581857],[-74.09836547,4.66580457],[-74.09838563,4.66577058],[-74.09840169,4.66573446],[-74.09840732,4.66571822],[-74.09840936,4.66571159],[-74.09842213,4.66565618],[-74.09842787,4.66559961],[-74.09842649,4.66554276],[-74.09842863,4.66538465],[-74.09842828,4.66514623],[-74.09842756,4.66494992],[-74.09842286,4.66490116],[-74.09841213,4.66485336],[-74.09839552,4.66480727],[-74.09837331,4.66476361],[-74.09834873,4.66472907],[-74.09831970,4.66469817],[-74.09828676,4.66467149],[-74.09826438,4.66465712],[-74.09824086,4.66464471],[-74.09823296,4.66464110],[-74.09819271,4.66462655],[-74.09815040,4.66461671],[-74.09810708,4.66461343],[-74.09806376,4.66461681],[-74.09802148,4.66462675],[-74.09798120,4.66464303],[-74.09794388,4.66466527],[-74.09791039,4.66469294],[-74.09787786,4.66472807],[-74.09785017,4.66476713],[-74.09782781,4.66480947],[-74.09781114,4.66485435],[-74.09780045,4.66490102],[-74.09779167,4.66495970],[-74.09779167,4.66497169],[-74.09779153,4.66497442],[-74.09779439,4.66560059],[-74.09779923,4.66564709],[-74.09780983,4.66569262],[-74.09782603,4.66573648],[-74.09784757,4.66577797],[-74.09786993,4.66581263],[-74.09789644,4.66584424],[-74.09792668,4.66587230]],[[-74.09816161,4.66468103],[-74.09819785,4.66469288],[-74.09823157,4.66471069],[-74.09826158,4.66473460],[-74.09828769,4.66476271],[-74.09830934,4.66479440],[-74.09832603,4.66482895],[-74.09833794,4.66486348],[-74.09834622,4.66489906],[-74.09835078,4.66493531],[-74.09835149,4.66497291],[-74.09835284,4.66508799],[-74.09835165,4.66518020],[-74.09835165,4.66524653],[-74.09835224,4.66530096],[-74.09835125,4.66543904],[-74.09835197,4.66552280],[-74.09835006,4.66561132],[-74.09834459,4.66565415],[-74.09833513,4.66569359],[-74.09831987,4.66573117],[-74.09829914,4.66576603],[-74.09827342,4.66579740],[-74.09824330,4.66582455],[-74.09820944,4.66584688],[-74.09817660,4.66586045],[-74.09814203,4.66586866],[-74.09810660,4.66587131],[-74.09807120,4.66586834],[-74.09803671,4.66585983],[-74.09800399,4.66584597],[-74.09797387,4.66582713],[-74.09794820,4.66580380],[-74.09792561,4.66577746],[-74.09790647,4.66574853],[-74.09789106,4.66571744],[-74.09787724,4.66567558],[-74.09786840,4.66563240],[-74.09786465,4.66558847],[-74.09786560,4.66530199],[-74.09786481,4.66512499],[-74.09786576,4.66499603],[-74.09786374,4.66496193],[-74.09786703,4.66492794],[-74.09787405,4.66488432],[-74.09788640,4.66484191],[-74.09790391,4.66480135],[-74.09792389,4.66476863],[-74.09794911,4.66473975],[-74.09797885,4.66471555],[-74.09801225,4.66469672],[-74.09804835,4.66468380],[-74.09808576,4.66467643],[-74.09812388,4.66467550],[-74.09816161,4.66468103]]]]},"properties":{"GmlID":"ESCENARIOS_DEPORTIVOS.970","OBJECTID":970,"Ubicación_Referencia":"10-290","Identificador_Dotación":"12","Tipo":3,"Nombre":1,"Coordenada_X":-74.09811858,"Coordenada_Y":4.66528759,"Descripción_":"No Aplica","Material_Piso":10,"Área__m2_":2733.76854830,"Capacidad_":0.00000000,"Iluminación_":1,"Cubierto_":2,"Cerramiento_":1,"Tipo_cerramiento_lateral":16,"Tipo_Cerramiento_Frontal":16,"Carriles_":0.00000000,"Camerino_":2,"Servicio_de_Luz":2,"Servicio_de_Agua":2,"Servicio_de_Gas":2,"Red_Contra_Incendios":2,"Uso_Incluyente":2,"Fecha_Creación":"5/24/2023 7:17:43 PM","Fecha_Actualización":"5/24/2023 7:17:43 PM","Riesgo_1":2,"Riesgo_2":2,"Riesgo_3":2,"Riesgo_4":2,"Estado_Diagnóstico":1,"Número_Contrato_Actualización_Datos":"3056-2022","Número_de_Piso":1,"GLOBALID":"{F5546C7C-5974-456B-BD22-FC63FD19D3CB}","CREATED_USER":"USR_ARCGIS","CREATED_DATE":"8/30/2023 4:24:27 AM","LAST_EDITED_USER":"Administrador_IDRD","LAST_EDITED_DATE":"9/24/2025 10:01:10 PM","Nombre_del_Parque":"Simon Bolivar ( Sector Unidad Deportiva El Salitre )","ID_LLAVE":"970","SHAPE.AREA":0.00000022,"SHAPE.LEN":0.00627217}},
{"type":"Feature","geometry":{"type":"MultiPolygon","coordinates":[[[[-74.09485117,4.66556831],[-74.09482182,4.66554547],[-74.09468024,4.66556391],[-74.09441255,4.66590507],[-74.09441731,4.66591012],[-74.09435812,4.66598835],[-74.09436592,4.66599412],[-74.09436532,4.66599590],[-74.09443551,4.66605063],[-74.09443016,4.66605658],[-74.09477542,4.66632379],[-74.09478113,4.66631713],[-74.09490700,4.66630095],[-74.09491286,4.66630661],[-74.09491409,4.66630584],[-74.09492219,4.66629553],[-74.09498829,4.66621141],[-74.09502497,4.66616472],[-74.09506750,4.66619982],[-74.09511507,4.66613884],[-74.09513700,4.66611074],[-74.09520468,4.66602397],[-74.09532389,4.66587116],[-74.09532448,4.66586670],[-74.09518039,4.66575498],[-74.09514604,4.66579772],[-74.09510200,4.66576349],[-74.09493361,4.66563245],[-74.09485177,4.66556877],[-74.09485117,4.66556831]]]]},"properties":{"GmlID":"ESCENARIOS_DEPORTIVOS.972","OBJECTID":972,"Ubicación_Referencia":"10-290","Identificador_Dotación":"14","Tipo":2,"Nombre":1,"Coordenada_X":-74.09482616,"Coordenada_Y":4.66593596,"Descripción_":"No Aplica","Material_Piso":13,"Área__m2_":5289.69023669,"Capacidad_":0.00000000,"Iluminación_":1,"Cubierto_":1,"Cerramiento_":3,"Tipo_cerramiento_lateral":0,"Tipo_Cerramiento_Frontal":0,"Carriles_":0.00000000,"Camerino_":2,"Servicio_de_Luz":2,"Servicio_de_Agua":2,"Servicio_de_Gas":2,"Red_Contra_Incendios":2,"Uso_Incluyente":2,"Fecha_Creación":"5/24/2023 7:17:43 PM","Fecha_Actualización":"5/24/2023 7:17:43 PM","Riesgo_1":2,"Riesgo_2":2,"Riesgo_3":2,"Riesgo_4":2,"Estado_Diagnóstico":1,"Número_Contrato_Actualización_Datos":"3056-2022","Número_de_Piso":2,"GLOBALID":"{46920E72-FB30-4BD7-9B73-8A4ACA3A0E5E}","CREATED_USER":"USR_ARCGIS","CREATED_DATE":"8/30/2023 4:24:27 AM","LAST_EDITED_USER":"Administrador_IDRD","LAST_EDITED_DATE":"9/24/2025 10:01:10 PM","Nombre_del_Parque":"Simon Bolivar ( Sector Unidad Deportiva El Salitre )","ID_LLAVE":"972","SHAPE.AREA":0.00000043,"SHAPE.LEN":0.00267581}},
{"type":"Feature","geometry":{"type":"MultiPolygon","coordinates":[[[[-74.09552100,4.66666914],[-74.09552890,4.66667584],[-74.09556840,4.66662516],[-74.09561409,4.66656722],[-74.09568095,4.66648049],[-74.09573401,4.66641184],[-74.09579278,4.66633629],[-74.09588511,4.66621780],[-74.09596315,4.66611691],[-74.09597781,4.66609825],[-74.09595605,4.66591557],[-74.09594402,4.66582338],[-74.09592903,4.66570750],[-74.09590809,4.66554403],[-74.09589994,4.66546962],[-74.09588805,4.66537039],[-74.09582951,4.66532590],[-74.09569555,4.66522144],[-74.09545998,4.66503679],[-74.09529794,4.66524095],[-74.09533116,4.66526690],[-74.09536647,4.66529449],[-74.09526772,4.66542369],[-74.09540978,4.66553553],[-74.09539145,4.66555980],[-74.09543661,4.66559501],[-74.09546165,4.66561452],[-74.09546540,4.66564631],[-74.09546831,4.66567092],[-74.09548378,4.66580107],[-74.09550023,4.66593819],[-74.09550376,4.66596764],[-74.09549698,4.66598018],[-74.09548825,4.66599070],[-74.09545035,4.66603633],[-74.09547390,4.66605513],[-74.09538324,4.66617267],[-74.09525095,4.66634131],[-74.09525236,4.66634272],[-74.09534202,4.66641258],[-74.09537899,4.66644361],[-74.09534930,4.66648103],[-74.09532415,4.66651273],[-74.09541766,4.66658709],[-74.09550463,4.66665526],[-74.09552100,4.66666914]]]]},"properties":{"GmlID":"ESCENARIOS_DEPORTIVOS.973","OBJECTID":973,"Ubicación_Referencia":"10-290","Identificador_Dotación":"15","Tipo":2,"Nombre":2,"Coordenada_X":-74.09562488,"Coordenada_Y":4.66584679,"Descripción_":"El coliseo se encuentra demolido","Material_Piso":19,"Área__m2_":8466.24356726,"Capacidad_":0.00000000,"Iluminación_":1,"Cubierto_":1,"Cerramiento_":3,"Tipo_cerramiento_lateral":0,"Tipo_Cerramiento_Frontal":0,"Carriles_":0.00000000,"Camerino_":2,"Servicio_de_Luz":2,"Servicio_de_Agua":2,"Servicio_de_Gas":2,"Red_Contra_Incendios":2,"Uso_Incluyente":2,"Fecha_Creación":"5/24/2023 7:17:43 PM","Fecha_Actualización":"5/24/2023 7:17:43 PM","Riesgo_1":1,"Riesgo_2":2,"Riesgo_3":2,"Riesgo_4":1,"Estado_Diagnóstico":3,"Número_Contrato_Actualización_Datos":"3056-2022","Número_de_Piso":1,"GLOBALID":"{5F6CE362-6FAA-41A1-88AE-C288B03F8158}","CREATED_USER":"USR_ARCGIS","CREATED_DATE":"8/30/2023 4:24:27 AM","LAST_EDITED_USER":"Administrador_IDRD","LAST_EDITED_DATE":"9/24/2025 10:01:10 PM","Nombre_del_Parque":"Simon Bolivar ( Sector Unidad Deportiva El Salitre )","ID_LLAVE":"973","SHAPE.AREA":0.00000069,"SHAPE.LEN":0.00416782}},
{"type":"Feature","geometry":{"type":"MultiPolygon","coordinates":[[[[-74.09789193,4.66445698],[-74.09789870,4.66435740],[-74.09792869,4.66434419],[-74.09803541,4.66446305],[-74.09802934,4.66446769],[-74.09804112,4.66447804],[-74.09808892,4.66443478],[-74.09809273,4.66443992],[-74.09808644,4.66444525],[-74.09810282,4.66446371],[-74.09810548,4.66446676],[-74.09811195,4.66446124],[-74.09827848,4.66431220],[-74.09828610,4.66430506],[-74.09826421,4.66427936],[-74.09829181,4.66424843],[-74.09828214,4.66423805],[-74.09818485,4.66413361],[-74.09816888,4.66411647],[-74.09811337,4.66405688],[-74.09809782,4.66404018],[-74.09807313,4.66401368],[-74.09806886,4.66401714],[-74.09798968,4.66392627],[-74.09797374,4.66394209],[-74.09781050,4.66409359],[-74.09781955,4.66410311],[-74.09776690,4.66415145],[-74.09786184,4.66425852],[-74.09784042,4.66427423],[-74.09777475,4.66432919],[-74.09789193,4.66445698]]]]},"properties":{"GmlID":"ESCENARIOS_DEPORTIVOS.974","OBJECTID":974,"Ubicación_Referencia":"10-290","Identificador_Dotación":"16","Tipo":5,"Nombre":3,"Coordenada_X":-74.09801942,"Coordenada_Y":4.66422186,"Descripción_":"Coliseo de Squash","Material_Piso":13,"Área__m2_":2025.64807831,"Capacidad_":0.00000000,"Iluminación_":1,"Cubierto_":1,"Cerramiento_":3,"Tipo_cerramiento_lateral":0,"Tipo_Cerramiento_Frontal":0,"Carriles_":0.00000000,"Camerino_":2,"Servicio_de_Luz":2,"Servicio_de_Agua":2,"Servicio_de_Gas":2,"Red_Contra_Incendios":2,"Uso_Incluyente":2,"Fecha_Creación":"5/24/2023 7:17:43 PM","Fecha_Actualización":"5/24/2023 7:17:43 PM","Riesgo_1":2,"Riesgo_2":2,"Riesgo_3":2,"Riesgo_4":2,"Estado_Diagnóstico":1,"Número_Contrato_Actualización_Datos":"3056-2022","Número_de_Piso":2,"GLOBALID":"{09B12D29-CD62-4DB8-9E3B-A934EFB77761}","CREATED_USER":"USR_ARCGIS","CREATED_DATE":"8/30/2023 4:24:27 AM","LAST_EDITED_USER":"Administrador_IDRD","LAST_EDITED_DATE":"9/24/2025 10:01:10 PM","Nombre_del_Parque":"Simon Bolivar ( Sector Unidad Deportiva El Salitre )","ID_LLAVE":"974","SHAPE.AREA":0.00000016,"SHAPE.LEN":0.00194639}},
{"type":"Feature","geometry":{"type":"MultiPolygon","coordinates":[[[[-74.09997387,4.66377050],[-74.09993207,4.66377205],[-74.09985439,4.66377494],[-74.09980977,4.66377732],[-74.09978627,4.66377948],[-74.09978940,4.66380706],[-74.09979706,4.66383374],[-74.09980904,4.66385878],[-74.09982501,4.66388149],[-74.09984452,4.66390124],[-74.09986703,4.66391748],[-74.09989193,4.66392977],[-74.09991851,4.66393775],[-74.09994605,4.66394122],[-74.09997358,4.66393986],[-74.10000053,4.66393410],[-74.10002620,4.66392409],[-74.10004994,4.66391009],[-74.10007112,4.66389246],[-74.10008920,4.66387166],[-74.10010370,4.66384823],[-74.10011426,4.66382277],[-74.10012059,4.66379595],[-74.10012047,4.66378518],[-74.10012089,4.66378505],[-74.10012015,4.66376507],[-74.09997387,4.66377050]]]]},"properties":{"GmlID":"ESCENARIOS_DEPORTIVOS.976","OBJECTID":976,"Ubicación_Referencia":"10-290","Identificador_Dotación":"18","Tipo":5,"Nombre":3,"Coordenada_X":-74.09995619,"Coordenada_Y":4.66384347,"Descripción_":"No Aplica","Material_Piso":7,"Área__m2_":550.86451571,"Capacidad_":0.00000000,"Iluminación_":2,"Cubierto_":2,"Cerramiento_":3,"Tipo_cerramiento_lateral":0,"Tipo_Cerramiento_Frontal":0,"Carriles_":0.00000000,"Camerino_":2,"Servicio_de_Luz":2,"Servicio_de_Agua":2,"Servicio_de_Gas":2,"Red_Contra_Incendios":2,"Uso_Incluyente":2,"Fecha_Creación":"5/24/2023 7:17:43 PM","Fecha_Actualización":"5/24/2023 7:17:43 PM","Riesgo_1":2,"Riesgo_2":2,"Riesgo_3":2,"Riesgo_4":2,"Estado_Diagnóstico":1,"Número_Contrato_Actualización_Datos":"3056-2022","Número_de_Piso":1,"GLOBALID":"{293DA9FE-D96C-4F8B-A7E9-9E865BC059D7}","CREATED_USER":"USR_ARCGIS","CREATED_DATE":"8/30/2023 4:24:27 AM","LAST_EDITED_USER":"Administrador_IDRD","LAST_EDITED_DATE":"9/24/2025 10:01:10 PM","Nombre_del_Parque":"Simon Bolivar ( Sector Unidad Deportiva El Salitre )","ID_LLAVE":"976","SHAPE.AREA":0.00000004,"SHAPE.LEN":0.00086329}},
{"type":"Feature","geometry":{"type":"MultiPolygon","coordinates":[[[[-74.09684628,4.66637666],[-74.09677739,4.66632168],[-74.09676811,4.66633381],[-74.09675811,4.66632739],[-74.09674883,4.66633667],[-74.09672813,4.66632239],[-74.09671243,4.66634095],[-74.09673242,4.66635523],[-74.09672242,4.66636808],[-74.09673242,4.66637664],[-74.09673099,4.66637878],[-74.09680020,4.66643375],[-74.09684628,4.66637666]]]]},"properties":{"GmlID":"ESCENARIOS_DEPORTIVOS.977","OBJECTID":977,"Ubicación_Referencia":"10-290","Identificador_Dotación":"19","Tipo":5,"Nombre":3,"Coordenada_X":-74.09678012,"Coordenada_Y":4.66637234,"Descripción_":"Muro de escalar","Material_Piso":19,"Área__m2_":95.82300882,"Capacidad_":0.00000000,"Iluminación_":1,"Cubierto_":1,"Cerramiento_":1,"Tipo_cerramiento_lateral":5,"Tipo_Cerramiento_Frontal":5,"Carriles_":0.00000000,"Camerino_":2,"Servicio_de_Luz":2,"Servicio_de_Agua":2,"Servicio_de_Gas":2,"Red_Contra_Incendios":2,"Uso_Incluyente":2,"Fecha_Creación":"5/24/2023 7:17:43 PM","Fecha_Actualización":"5/24/2023 7:17:43 PM","Riesgo_1":2,"Riesgo_2":2,"Riesgo_3":2,"Riesgo_4":2,"Estado_Diagnóstico":1,"Número_Contrato_Actualización_Datos":"3056-2022","Número_de_Piso":1,"GLOBALID":"{17AC09E4-F6D4-41E1-BACC-8A50C6653A69}","CREATED_USER":"USR_ARCGIS","CREATED_DATE":"8/30/2023 4:24:27 AM","LAST_EDITED_USER":"Administrador_IDRD","LAST_EDITED_DATE":"9/24/2025 10:01:10 PM","Nombre_del_Parque":"Simon Bolivar ( Sector Unidad Deportiva El Salitre )","ID_LLAVE":"977","SHAPE.AREA":0.00000001,"SHAPE.LEN":0.00039622}},
{"type":"Feature","geometry":{"type":"MultiPolygon","coordinates":[[[[-74.08809809,4.57444229],[-74.08810167,4.57444301],[-74.08815411,4.57438490],[-74.08816126,4.57439135],[-74.08817681,4.57437381],[-74.08818571,4.57436377],[-74.08818750,4.57436176],[-74.08821500,4.57433074],[-74.08822381,4.57432081],[-74.08825447,4.57428623],[-74.08824850,4.57427967],[-74.08826014,4.57426666],[-74.08830714,4.57421414],[-74.08830499,4.57421055],[-74.08830857,4.57420625],[-74.08824136,4.57413784],[-74.08824279,4.57413593],[-74.08823898,4.57413210],[-74.08824780,4.57412229],[-74.08824041,4.57411054],[-74.08823147,4.57409991],[-74.08822116,4.57409062],[-74.08820967,4.57408283],[-74.08810337,4.57401011],[-74.08809503,4.57401442],[-74.08809122,4.57401178],[-74.08802710,4.57404909],[-74.08800901,4.57405987],[-74.08799250,4.57407295],[-74.08797787,4.57408810],[-74.08796537,4.57410505],[-74.08792246,4.57416819],[-74.08787121,4.57424209],[-74.08786837,4.57424736],[-74.08786640,4.57425302],[-74.08786534,4.57425892],[-74.08786523,4.57426491],[-74.08786607,4.57427084],[-74.08786783,4.57427657],[-74.08787047,4.57428194],[-74.08787393,4.57428683],[-74.08787812,4.57429112],[-74.08788451,4.57429907],[-74.08790886,4.57432939],[-74.08791315,4.57432747],[-74.08793842,4.57430739],[-74.08794152,4.57431026],[-74.08801206,4.57437197],[-74.08809809,4.57444229]]]]},"properties":{"GmlID":"ESCENARIOS_DEPORTIVOS.982","OBJECTID":982,"Ubicación_Referencia":"04-196","Identificador_Dotación":"24","Tipo":2,"Nombre":1,"Coordenada_X":-74.08808704,"Coordenada_Y":4.57422021,"Descripción_":"No Aplica","Material_Piso":13,"Área__m2_":1344.71667383,"Capacidad_":0.00000000,"Iluminación_":1,"Cubierto_":1,"Cerramiento_":3,"Tipo_cerramiento_lateral":0,"Tipo_Cerramiento_Frontal":0,"Carriles_":0.00000000,"Camerino_":2,"Servicio_de_Luz":2,"Servicio_de_Agua":2,"Servicio_de_Gas":2,"Red_Contra_Incendios":2,"Uso_Incluyente":1,"Fecha_Creación":"5/24/2023 7:17:43 PM","Fecha_Actualización":"5/24/2023 7:17:43 PM","Riesgo_1":2,"Riesgo_2":2,"Riesgo_3":2,"Riesgo_4":2,"Estado_Diagnóstico":1,"Número_Contrato_Actualización_Datos":"3056-2022","Número_de_Piso":1,"GLOBALID":"{2512E771-5F0C-4B11-886F-75BD4A66650E}","CREATED_USER":"USR_ARCGIS","CREATED_DATE":"8/30/2023 4:24:27 AM","LAST_EDITED_USER":"Administrador_IDRD","LAST_EDITED_DATE":"9/24/2025 10:01:10 PM","Nombre_del_Parque":"Deportivo Primero De Mayo","ID_LLAVE":"982","SHAPE.AREA":0.00000011,"SHAPE.LEN":0.00132760}},
{"type":"Feature","geometry":{"type":"MultiPolygon","coordinates":[[[[-74.08931487,4.57365161],[-74.08935900,4.57367240],[-74.08940501,4.57368857],[-74.08945244,4.57369995],[-74.08949956,4.57370513],[-74.08954694,4.57370411],[-74.08959379,4.57369692],[-74.08963930,4.57368366],[-74.08968268,4.57366457],[-74.08972133,4.57364174],[-74.08975623,4.57361349],[-74.08978663,4.57358045],[-74.08981187,4.57354332],[-74.08983455,4.57349922],[-74.08985104,4.57345245],[-74.08986102,4.57340387],[-74.08986432,4.57335438],[-74.08986418,4.57335043],[-74.08986380,4.57334253],[-74.08986296,4.57333069],[-74.08985485,4.57327595],[-74.08983999,4.57322264],[-74.08983594,4.57321148],[-74.08983159,4.57320044],[-74.08983008,4.57319679],[-74.08982780,4.57319148],[-74.08982623,4.57318790],[-74.08982462,4.57318434],[-74.08980997,4.57315505],[-74.08979319,4.57312693],[-74.08978811,4.57311982],[-74.08978761,4.57311938],[-74.08977886,4.57310741],[-74.08977211,4.57309816],[-74.08976646,4.57309177],[-74.08973898,4.57306064],[-74.08973874,4.57306037],[-74.08973872,4.57306035],[-74.08969298,4.57301708],[-74.08939935,4.57275247],[-74.08917354,4.57255382],[-74.08913645,4.57252038],[-74.08909565,4.57249157],[-74.08905172,4.57246780],[-74.08900529,4.57244941],[-74.08895700,4.57243666],[-74.08890754,4.57242972],[-74.08885760,4.57242871],[-74.08880790,4.57243362],[-74.08875913,4.57244439],[-74.08874260,4.57245028],[-74.08872001,4.57245992],[-74.08871684,4.57246143],[-74.08871368,4.57246298],[-74.08868308,4.57248013],[-74.08865438,4.57250031],[-74.08865163,4.57250249],[-74.08864889,4.57250470],[-74.08863043,4.57252090],[-74.08860449,4.57254821],[-74.08859784,4.57255628],[-74.08859143,4.57256454],[-74.08856511,4.57260526],[-74.08854478,4.57264929],[-74.08853085,4.57269573],[-74.08852359,4.57274367],[-74.08852301,4.57276577],[-74.08852300,4.57276715],[-74.08852451,4.57280234],[-74.08852472,4.57280465],[-74.08853243,4.57285586],[-74.08854622,4.57290576],[-74.08856590,4.57295366],[-74.08859119,4.57299884],[-74.08862171,4.57304066],[-74.08865704,4.57307852],[-74.08882982,4.57323878],[-74.08886220,4.57326759],[-74.08899486,4.57338564],[-74.08915453,4.57352772],[-74.08923413,4.57359709],[-74.08927311,4.57362642],[-74.08931487,4.57365161]],[[-74.08889583,4.57249405],[-74.08893922,4.57250058],[-74.08898400,4.57251406],[-74.08902706,4.57253230],[-74.08906790,4.57255508],[-74.08910605,4.57258215],[-74.08915943,4.57262807],[-74.08930123,4.57275556],[-74.08936385,4.57281166],[-74.08942467,4.57286614],[-74.08943660,4.57287683],[-74.08961415,4.57303565],[-74.08967420,4.57309043],[-74.08969160,4.57310789],[-74.08971567,4.57313635],[-74.08974393,4.57317688],[-74.08974407,4.57317693],[-74.08974463,4.57317767],[-74.08975011,4.57318592],[-74.08976238,4.57320954],[-74.08977518,4.57323847],[-74.08978549,4.57326838],[-74.08979376,4.57330757],[-74.08979742,4.57334745],[-74.08979645,4.57338749],[-74.08979233,4.57341894],[-74.08978423,4.57344961],[-74.08977226,4.57347899],[-74.08975664,4.57350659],[-74.08973253,4.57353983],[-74.08970371,4.57356907],[-74.08967083,4.57359364],[-74.08963374,4.57361307],[-74.08959416,4.57362670],[-74.08955298,4.57363423],[-74.08951114,4.57363549],[-74.08946382,4.57363056],[-74.08941750,4.57361974],[-74.08937290,4.57360319],[-74.08933490,4.57358274],[-74.08929874,4.57355916],[-74.08926470,4.57353262],[-74.08924897,4.57351875],[-74.08917213,4.57345009],[-74.08915126,4.57343144],[-74.08902352,4.57331759],[-74.08895083,4.57325325],[-74.08888101,4.57318986],[-74.08880307,4.57312073],[-74.08872062,4.57304634],[-74.08870703,4.57303343],[-74.08869249,4.57301645],[-74.08866297,4.57298063],[-74.08863753,4.57294181],[-74.08861647,4.57290044],[-74.08860069,4.57285724],[-74.08859141,4.57281219],[-74.08858884,4.57276627],[-74.08859198,4.57272518],[-74.08860143,4.57268508],[-74.08861697,4.57264692],[-74.08863760,4.57261190],[-74.08866304,4.57258019],[-74.08869276,4.57255245],[-74.08872614,4.57252926],[-74.08876626,4.57251150],[-74.08880848,4.57249957],[-74.08885196,4.57249372],[-74.08889583,4.57249405]]]]},"properties":{"GmlID":"ESCENARIOS_DEPORTIVOS.983","OBJECTID":983,"Ubicación_Referencia":"04-196","Identificador_Dotación":"25","Tipo":3,"Nombre":1,"Coordenada_X":-74.08919412,"Coordenada_Y":4.57307130,"Descripción_":"No Aplica","Material_Piso":10,"Área__m2_":3096.12200441,"Capacidad_":0.00000000,"Iluminación_":1,"Cubierto_":2,"Cerramiento_":1,"Tipo_cerramiento_lateral":16,"Tipo_Cerramiento_Frontal":16,"Carriles_":0.00000000,"Camerino_":2,"Servicio_de_Luz":2,"Servicio_de_Agua":2,"Servicio_de_Gas":2,"Red_Contra_Incendios":2,"Uso_Incluyente":2,"Fecha_Creación":"5/24/2023 7:17:43 PM","Fecha_Actualización":"5/24/2023 7:17:43 PM","Riesgo_1":2,"Riesgo_2":2,"Riesgo_3":2,"Riesgo_4":2,"Estado_Diagnóstico":1,"Número_Contrato_Actualización_Datos":"3056-2022","Número_de_Piso":1,"GLOBALID":"{6DBFCEDF-66FD-45C2-8CD3-C593186CF0DE}","CREATED_USER":"USR_ARCGIS","CREATED_DATE":"8/30/2023 4:24:27 AM","LAST_EDITED_USER":"Administrador_IDRD","LAST_EDITED_DATE":"9/24/2025 10:01:10 PM","Nombre_del_Parque":"Deportivo Primero De Mayo","ID_LLAVE":"983","SHAPE.AREA":0.00000025,"SHAPE.LEN":0.00747076}},
{"type":"Feature","geometry":{"type":"MultiPolygon","coordinates":[[[[-74.09879045,4.61692443],[-74.09892349,4.61704125],[-74.09906518,4.61687941],[-74.09905387,4.61686965],[-74.09894036,4.61677174],[-74.09893220,4.61676471],[-74.09888586,4.61681693],[-74.09884223,4.61686608],[-74.09879045,4.61692443]]]]},"properties":{"GmlID":"ESCENARIOS_DEPORTIVOS.984","OBJECTID":984,"Ubicación_Referencia":"16-416","Identificador_Dotación":"26","Tipo":2,"Nombre":1,"Coordenada_X":-74.09892782,"Coordenada_Y":4.61690263,"Descripción_":"Coliseo de tejo","Material_Piso":19,"Área__m2_":464.07219678,"Capacidad_":0.00000000,"Iluminación_":1,"Cubierto_":1,"Cerramiento_":1,"Tipo_cerramiento_lateral":16,"Tipo_Cerramiento_Frontal":16,"Carriles_":8.00000000,"Camerino_":2,"Servicio_de_Luz":1,"Servicio_de_Agua":2,"Servicio_de_Gas":2,"Red_Contra_Incendios":2,"Uso_Incluyente":2,"Fecha_Creación":"5/24/2023 7:17:43 PM","Fecha_Actualización":"5/24/2023 7:17:43 PM","Riesgo_1":2,"Riesgo_2":2,"Riesgo_3":2,"Riesgo_4":1,"Estado_Diagnóstico":2,"Número_Contrato_Actualización_Datos":"3056-2022","Número_de_Piso":1,"GLOBALID":"{4F9773E9-9730-4568-8764-191660BE0F83}","CREATED_USER":"USR_ARCGIS","CREATED_DATE":"8/30/2023 4:24:27 AM","LAST_EDITED_USER":"Administrador_IDRD","LAST_EDITED_DATE":"9/24/2025 10:01:10 PM","Nombre_del_Parque":"Parque Industrial (Los Ejidos)","ID_LLAVE":"984","SHAPE.AREA":0.00000004,"SHAPE.LEN":0.00078131}},
{"type":"Feature","geometry":{"type":"MultiPolygon","coordinates":[[[[-74.08828535,4.66251272],[-74.08826215,4.66251927],[-74.08825679,4.66250023],[-74.08818006,4.66252462],[-74.08816518,4.66251570],[-74.08814734,4.66250975],[-74.08812652,4.66250915],[-74.08809499,4.66251391],[-74.08807536,4.66252343],[-74.08805751,4.66253830],[-74.08804502,4.66256210],[-74.08804145,4.66257042],[-74.08795044,4.66260076],[-74.08805930,4.66292615],[-74.08807298,4.66292258],[-74.08808012,4.66294341],[-74.08831833,4.66286528],[-74.08837577,4.66284644],[-74.08837101,4.66283455],[-74.08839183,4.66282622],[-74.08828535,4.66251272]]]]},"properties":{"GmlID":"ESCENARIOS_DEPORTIVOS.986","OBJECTID":986,"Ubicación_Referencia":"12-091","Identificador_Dotación":"28","Tipo":2,"Nombre":1,"Coordenada_X":-74.08817048,"Coordenada_Y":4.66271491,"Descripción_":"coliseo","Material_Piso":19,"Área__m2_":1590.32951656,"Capacidad_":0.00000000,"Iluminación_":1,"Cubierto_":1,"Cerramiento_":3,"Tipo_cerramiento_lateral":0,"Tipo_Cerramiento_Frontal":0,"Carriles_":0.00000000,"Camerino_":2,"Servicio_de_Luz":2,"Servicio_de_Agua":1,"Servicio_de_Gas":2,"Red_Contra_Incendios":2,"Uso_Incluyente":2,"Fecha_Creación":"5/24/2023 7:17:43 PM","Fecha_Actualización":"5/24/2023 7:17:43 PM","Riesgo_1":2,"Riesgo_2":2,"Riesgo_3":2,"Riesgo_4":2,"Estado_Diagnóstico":1,"Número_Contrato_Actualización_Datos":"3056-2022","Número_de_Piso":1,"GLOBALID":"{B7C1D519-1DEE-4363-A895-8B1F99A2E33A}","CREATED_USER":"USR_ARCGIS","CREATED_DATE":"8/30/2023 4:24:27 AM","LAST_EDITED_USER":"Administrador_IDRD","LAST_EDITED_DATE":"9/24/2025 10:01:10 PM","Nombre_del_Parque":"Simon Bolivar ( Sector Parque Deportivo El Salitre )","ID_LLAVE":"986","SHAPE.AREA":0.00000013,"SHAPE.LEN":0.00144692}},
{"type":"Feature","geometry":{"type":"MultiPolygon","coordinates":[[[[-74.16385541,4.59642497],[-74.16422740,4.59643001],[-74.16422988,4.59642354],[-74.16423292,4.59640860],[-74.16423471,4.59639075],[-74.16423613,4.59637255],[-74.16423649,4.59634756],[-74.16423685,4.59632936],[-74.16423649,4.59630759],[-74.16423578,4.59628760],[-74.16423328,4.59626340],[-74.16423221,4.59625418],[-74.16410243,4.59625262],[-74.16388394,4.59625000],[-74.16385587,4.59624966],[-74.16384883,4.59624395],[-74.16384783,4.59642487],[-74.16385541,4.59642497]]]]},"properties":{"GmlID":"ESCENARIOS_DEPORTIVOS.987","OBJECTID":987,"Ubicación_Referencia":"07-152","Identificador_Dotación":"30","Tipo":5,"Nombre":2,"Coordenada_X":-74.16404166,"Coordenada_Y":4.59633960,"Descripción_":"No Aplica","Material_Piso":13,"Área__m2_":833.89589522,"Capacidad_":0.00000000,"Iluminación_":2,"Cubierto_":1,"Cerramiento_":1,"Tipo_cerramiento_lateral":16,"Tipo_Cerramiento_Frontal":16,"Carriles_":0.00000000,"Camerino_":1,"Servicio_de_Luz":1,"Servicio_de_Agua":1,"Servicio_de_Gas":2,"Red_Contra_Incendios":2,"Uso_Incluyente":2,"Fecha_Creación":"5/24/2023 7:18:09 PM","Fecha_Actualización":"5/24/2023 7:18:09 PM","Riesgo_1":2,"Riesgo_2":2,"Riesgo_3":2,"Riesgo_4":1,"Estado_Diagnóstico":2,"Número_Contrato_Actualización_Datos":"3056-2022","Número_de_Piso":1,"GLOBALID":"{A23F728B-5269-4316-B6DC-C8B17C30D4DD}","CREATED_USER":"USR_ARCGIS","CREATED_DATE":"8/30/2023 4:24:27 AM","LAST_EDITED_USER":"Administrador_IDRD","LAST_EDITED_DATE":"9/24/2025 10:01:10 PM","Nombre_del_Parque":"Autopista Sur","ID_LLAVE":"987","SHAPE.AREA":0.00000007,"SHAPE.LEN":0.00112291}},
{"type":"Feature","geometry":{"type":"MultiPolygon","coordinates":[[[[-74.09821450,4.66289123],[-74.09822104,4.66289959],[-74.09822885,4.66290678],[-74.09823772,4.66291261],[-74.09824742,4.66291692],[-74.09825769,4.66291959],[-74.09826827,4.66292057],[-74.09827885,4.66291981],[-74.09828918,4.66291735],[-74.09829897,4.66291324],[-74.09834717,4.66286612],[-74.09835515,4.66285832],[-74.09845780,4.66275798],[-74.09847702,4.66273750],[-74.09851252,4.66269968],[-74.09852651,4.66268555],[-74.09867670,4.66253385],[-74.09868920,4.66252122],[-74.09868444,4.66251468],[-74.09879865,4.66240344],[-74.09880282,4.66240820],[-74.09882625,4.66238705],[-74.09884664,4.66236725],[-74.09879917,4.66232085],[-74.09866496,4.66221770],[-74.09864069,4.66219879],[-74.09850471,4.66214204],[-74.09847459,4.66212975],[-74.09846009,4.66212383],[-74.09845224,4.66211741],[-74.09832803,4.66210278],[-74.09825308,4.66209457],[-74.09820454,4.66210063],[-74.09806427,4.66211812],[-74.09791472,4.66217951],[-74.09787974,4.66219343],[-74.09782228,4.66224055],[-74.09775725,4.66228964],[-74.09771592,4.66232085],[-74.09768843,4.66234370],[-74.09768344,4.66234084],[-74.09767309,4.66235048],[-74.09766702,4.66235405],[-74.09769878,4.66238760],[-74.09771243,4.66237607],[-74.09782486,4.66248850],[-74.09781772,4.66249683],[-74.09800570,4.66268540],[-74.09806003,4.66274156],[-74.09818356,4.66286922],[-74.09818713,4.66286684],[-74.09821450,4.66289123]]]]},"properties":{"GmlID":"ESCENARIOS_DEPORTIVOS.988","OBJECTID":988,"Ubicación_Referencia":"10-290","Identificador_Dotación":"31","Tipo":1,"Nombre":4,"Coordenada_X":-74.09826276,"Coordenada_Y":4.66244122,"Descripción_":"No Aplica","Material_Piso":46,"Área__m2_":6735.76402865,"Capacidad_":18.00000000,"Iluminación_":1,"Cubierto_":2,"Cerramiento_":1,"Tipo_cerramiento_lateral":9,"Tipo_Cerramiento_Frontal":10,"Carriles_":0.00000000,"Camerino_":2,"Servicio_de_Luz":1,"Servicio_de_Agua":2,"Servicio_de_Gas":2,"Red_Contra_Incendios":2,"Uso_Incluyente":2,"Fecha_Creación":"5/24/2023 7:17:41 PM","Fecha_Actualización":"5/24/2023 7:17:41 PM","Riesgo_1":2,"Riesgo_2":2,"Riesgo_3":2,"Riesgo_4":2,"Estado_Diagnóstico":1,"Número_Contrato_Actualización_Datos":"3056-2022","Número_de_Piso":1,"GLOBALID":"{7310EE30-D3FD-4A8A-8117-C830171889CE}","CREATED_USER":"USR_ARCGIS","CREATED_DATE":"8/30/2023 4:24:27 AM","LAST_EDITED_USER":"Administrador_IDRD","LAST_EDITED_DATE":"9/24/2025 10:01:10 PM","Nombre_del_Parque":"Simon Bolivar ( Sector Unidad Deportiva El Salitre )","ID_LLAVE":"988","SHAPE.AREA":0.00000055,"SHAPE.LEN":0.00301198}},
{"type":"Feature","geometry":{"type":"MultiPolygon","coordinates":[[[[-74.09719091,4.66282214],[-74.09718711,4.66282880],[-74.09699028,4.66301746],[-74.09688872,4.66311481],[-74.09682876,4.66317097],[-74.09680734,4.66318191],[-74.09681889,4.66330108],[-74.09681924,4.66330469],[-74.09682842,4.66331944],[-74.09697914,4.66356167],[-74.09717276,4.66370032],[-74.09720709,4.66372490],[-74.09747074,4.66378249],[-74.09774438,4.66371872],[-74.09796186,4.66355691],[-74.09810034,4.66331373],[-74.09810653,4.66323521],[-74.09792193,4.66304128],[-74.09772058,4.66282975],[-74.09776008,4.66279263],[-74.09775044,4.66278145],[-74.09773736,4.66279097],[-74.09769928,4.66274932],[-74.09771059,4.66273802],[-74.09757496,4.66257919],[-74.09755591,4.66256197],[-74.09753439,4.66254798],[-74.09751092,4.66253756],[-74.09748610,4.66253099],[-74.09746055,4.66252843],[-74.09743492,4.66252993],[-74.09740985,4.66253548],[-74.09738597,4.66254492],[-74.09736389,4.66255801],[-74.09734415,4.66257443],[-74.09720495,4.66272672],[-74.09720802,4.66273081],[-74.09721387,4.66273862],[-74.09717402,4.66278502],[-74.09716569,4.66277788],[-74.09715885,4.66278622],[-74.09719091,4.66282214]]]]},"properties":{"GmlID":"ESCENARIOS_DEPORTIVOS.989","OBJECTID":989,"Ubicación_Referencia":"10-290","Identificador_Dotación":"32","Tipo":1,"Nombre":2,"Coordenada_X":-74.09745640,"Coordenada_Y":4.66322322,"Descripción_":"No Aplica","Material_Piso":39,"Área__m2_":12469.54263298,"Capacidad_":18.00000000,"Iluminación_":1,"Cubierto_":2,"Cerramiento_":1,"Tipo_cerramiento_lateral":16,"Tipo_Cerramiento_Frontal":2,"Carriles_":0.00000000,"Camerino_":2,"Servicio_de_Luz":1,"Servicio_de_Agua":2,"Servicio_de_Gas":2,"Red_Contra_Incendios":2,"Uso_Incluyente":2,"Fecha_Creación":"5/24/2023 7:17:41 PM","Fecha_Actualización":"5/24/2023 7:17:41 PM","Riesgo_1":2,"Riesgo_2":2,"Riesgo_3":2,"Riesgo_4":2,"Estado_Diagnóstico":1,"Número_Contrato_Actualización_Datos":"3056-2022","Número_de_Piso":1,"GLOBALID":"{18806FB8-2411-4051-AB10-A6060D1A7CAD}","CREATED_USER":"USR_ARCGIS","CREATED_DATE":"8/30/2023 4:24:27 AM","LAST_EDITED_USER":"Administrador_IDRD","LAST_EDITED_DATE":"9/24/2025 10:01:10 PM","Nombre_del_Parque":"Simon Bolivar ( Sector Unidad Deportiva El Salitre )","ID_LLAVE":"989","SHAPE.AREA":0.00000102,"SHAPE.LEN":0.00394931}},
{"type":"Feature","geometry":{"type":"MultiPolygon","coordinates":[[[[-74.09877827,4.66436086],[-74.09881124,4.66438175],[-74.09884145,4.66439745],[-74.09884498,4.66439908],[-74.09885565,4.66440380],[-74.09886284,4.66440679],[-74.09890449,4.66442116],[-74.09894740,4.66443116],[-74.09899112,4.66443667],[-74.09900837,4.66443786],[-74.09901075,4.66445392],[-74.09907678,4.66445035],[-74.09907797,4.66443607],[-74.09912675,4.66442670],[-74.09917417,4.66441194],[-74.09921966,4.66439197],[-74.09926262,4.66436705],[-74.09930253,4.66433748],[-74.09933889,4.66430364],[-74.09937124,4.66426594],[-74.09946998,4.66426059],[-74.09944381,4.66361397],[-74.09942093,4.66302738],[-74.09937828,4.66302828],[-74.09935112,4.66298634],[-74.09931949,4.66294766],[-74.09928378,4.66291272],[-74.09924443,4.66288194],[-74.09922163,4.66286720],[-74.09921738,4.66286469],[-74.09917446,4.66284273],[-74.09912932,4.66282581],[-74.09908254,4.66281414],[-74.09903474,4.66280788],[-74.09903296,4.66279152],[-74.09898383,4.66279417],[-74.09894492,4.66279628],[-74.09894551,4.66281323],[-74.09889748,4.66281985],[-74.09885066,4.66283247],[-74.09880581,4.66285088],[-74.09876363,4.66287480],[-74.09873820,4.66289294],[-74.09870663,4.66291827],[-74.09867782,4.66294670],[-74.09867531,4.66294948],[-74.09866644,4.66295974],[-74.09865445,4.66297480],[-74.09864986,4.66298098],[-74.09855290,4.66298485],[-74.09856004,4.66317461],[-74.09856807,4.66338847],[-74.09856923,4.66341589],[-74.09857059,4.66344811],[-74.09857491,4.66355057],[-74.09857819,4.66363002],[-74.09858000,4.66367385],[-74.09858175,4.66371624],[-74.09858817,4.66387963],[-74.09859008,4.66392831],[-74.09859086,4.66395002],[-74.09859752,4.66413413],[-74.09859803,4.66414529],[-74.09859894,4.66416487],[-74.09860138,4.66421741],[-74.09864897,4.66421682],[-74.09865674,4.66423036],[-74.09867831,4.66426291],[-74.09870796,4.66429916],[-74.09874142,4.66433195],[-74.09877827,4.66436086]],[[-74.09926833,4.66305648],[-74.09929173,4.66309737],[-74.09930901,4.66314120],[-74.09931734,4.66316932],[-74.09932256,4.66319817],[-74.09932460,4.66322743],[-74.09935351,4.66398731],[-74.09935473,4.66401919],[-74.09935210,4.66405100],[-74.09934566,4.66408225],[-74.09933135,4.66412735],[-74.09931075,4.66416994],[-74.09928428,4.66420916],[-74.09925249,4.66424420],[-74.09921601,4.66427435],[-74.09917561,4.66429897],[-74.09913211,4.66431758],[-74.09908640,4.66432979],[-74.09903941,4.66433535],[-74.09899239,4.66433348],[-74.09894612,4.66432492],[-74.09890156,4.66430982],[-74.09885960,4.66428851],[-74.09882113,4.66426143],[-74.09878692,4.66422912],[-74.09875768,4.66419225],[-74.09873402,4.66415158],[-74.09871641,4.66410795],[-74.09870606,4.66406904],[-74.09870035,4.66403264],[-74.09869963,4.66400444],[-74.09867893,4.66347120],[-74.09867072,4.66325848],[-74.09866947,4.66322651],[-74.09867368,4.66319479],[-74.09868322,4.66316425],[-74.09869661,4.66311903],[-74.09871651,4.66307627],[-74.09874249,4.66303691],[-74.09877398,4.66300180],[-74.09881030,4.66297170],[-74.09885064,4.66294727],[-74.09889414,4.66292905],[-74.09893985,4.66291743],[-74.09898677,4.66291266],[-74.09903385,4.66291447],[-74.09908018,4.66292304],[-74.09912478,4.66293820],[-74.09916674,4.66295963],[-74.09920517,4.66298689],[-74.09923927,4.66301940],[-74.09926833,4.66305648]]]]},"properties":{"GmlID":"ESCENARIOS_DEPORTIVOS.990","OBJECTID":990,"Ubicación_Referencia":"10-290","Identificador_Dotación":"33","Tipo":1,"Nombre":1,"Coordenada_X":-74.09900903,"Coordenada_Y":4.66361860,"Descripción_":"Pista de atletismo","Material_Piso":15,"Área__m2_":5395.48572767,"Capacidad_":0.00000000,"Iluminación_":1,"Cubierto_":2,"Cerramiento_":3,"Tipo_cerramiento_lateral":0,"Tipo_Cerramiento_Frontal":0,"Carriles_":0.00000000,"Camerino_":2,"Servicio_de_Luz":2,"Servicio_de_Agua":2,"Servicio_de_Gas":2,"Red_Contra_Incendios":2,"Uso_Incluyente":2,"Fecha_Creación":"5/24/2023 7:18:17 PM","Fecha_Actualización":"5/24/2023 7:18:17 PM","Riesgo_1":2,"Riesgo_2":2,"Riesgo_3":2,"Riesgo_4":2,"Estado_Diagnóstico":1,"Número_Contrato_Actualización_Datos":"3056-2022","Número_de_Piso":1,"GLOBALID":"{0FBFCA99-2518-41A3-8AFF-63916FFEFBB4}","CREATED_USER":"USR_ARCGIS","CREATED_DATE":"8/30/2023 4:24:27 AM","LAST_EDITED_USER":"Administrador_IDRD","LAST_EDITED_DATE":"9/24/2025 10:01:10 PM","Nombre_del_Parque":"Simon Bolivar ( Sector Unidad Deportiva El Salitre )","ID_LLAVE":"990","SHAPE.AREA":0.00000044,"SHAPE.LEN":0.00812587}},
{"type":"Feature","geometry":{"type":"MultiPolygon","coordinates":[[[[-74.08315113,4.65429641],[-74.08304215,4.65458088],[-74.08307308,4.65459039],[-74.08277922,4.65535646],[-74.08308855,4.65547948],[-74.08309028,4.65547444],[-74.08310854,4.65542142],[-74.08316470,4.65544237],[-74.08318620,4.65545039],[-74.08320260,4.65545651],[-74.08322846,4.65546615],[-74.08323798,4.65544141],[-74.08333185,4.65547872],[-74.08335422,4.65543160],[-74.08335212,4.65543070],[-74.08335087,4.65543015],[-74.08330473,4.65541019],[-74.08331135,4.65539343],[-74.08334298,4.65531346],[-74.08335243,4.65528955],[-74.08339680,4.65530834],[-74.08340383,4.65531132],[-74.08342239,4.65526242],[-74.08341707,4.65526005],[-74.08337206,4.65523994],[-74.08337797,4.65522479],[-74.08340939,4.65514421],[-74.08341799,4.65512215],[-74.08346373,4.65514146],[-74.08346986,4.65514404],[-74.08348185,4.65511330],[-74.08348578,4.65510323],[-74.08348842,4.65509646],[-74.08348279,4.65509425],[-74.08343775,4.65507658],[-74.08344572,4.65505644],[-74.08347607,4.65497717],[-74.08348533,4.65495298],[-74.08352698,4.65496915],[-74.08353434,4.65497201],[-74.08355290,4.65492299],[-74.08354705,4.65492060],[-74.08350531,4.65490348],[-74.08351131,4.65488772],[-74.08354124,4.65480914],[-74.08355243,4.65477975],[-74.08361631,4.65480482],[-74.08364789,4.65481721],[-74.08366853,4.65482531],[-74.08367463,4.65482771],[-74.08381679,4.65488349],[-74.08392886,4.65460074],[-74.08367628,4.65449902],[-74.08368461,4.65447880],[-74.08349996,4.65440241],[-74.08352518,4.65433436],[-74.08354089,4.65434055],[-74.08355255,4.65431033],[-74.08323132,4.65417946],[-74.08318373,4.65430914],[-74.08315113,4.65429641]]]]},"properties":{"GmlID":"ESCENARIOS_DEPORTIVOS.991","OBJECTID":991,"Ubicación_Referencia":"12-1000","Identificador_Dotación":"34","Tipo":5,"Nombre":2,"Coordenada_X":-74.08329610,"Coordenada_Y":4.65484257,"Descripción_":"Complejo acuático","Material_Piso":13,"Área__m2_":8882.31946567,"Capacidad_":0.00000000,"Iluminación_":1,"Cubierto_":1,"Cerramiento_":2,"Tipo_cerramiento_lateral":16,"Tipo_Cerramiento_Frontal":0,"Carriles_":0.00000000,"Camerino_":1,"Servicio_de_Luz":1,"Servicio_de_Agua":1,"Servicio_de_Gas":2,"Red_Contra_Incendios":2,"Uso_Incluyente":1,"Fecha_Creación":"5/24/2023 8:39:03 PM","Fecha_Actualización":"5/24/2023 8:39:14 PM","Riesgo_1":2,"Riesgo_2":2,"Riesgo_3":2,"Riesgo_4":2,"Estado_Diagnóstico":1,"Número_Contrato_Actualización_Datos":"3056-2022","Número_de_Piso":1,"GLOBALID":"{376AD8CE-7F4F-4E80-B745-5D003B814A13}","CREATED_USER":"USR_ARCGIS","CREATED_DATE":"8/30/2023 4:24:27 AM","LAST_EDITED_USER":"Administrador_IDRD","LAST_EDITED_DATE":"9/24/2025 10:01:10 PM","Nombre_del_Parque":"Simon Bolivar (Sector Complejo Acuatico)","ID_LLAVE":"991","SHAPE.AREA":0.00000072,"SHAPE.LEN":0.00463984}},
{"type":"Feature","geometry":{"type":"MultiPolygon","coordinates":[[[[-74.15446669,4.60914515],[-74.15442467,4.60915259],[-74.15438396,4.60916538],[-74.15435070,4.60917706],[-74.15431880,4.60919207],[-74.15428859,4.60921025],[-74.15425619,4.60923420],[-74.15422592,4.60926078],[-74.15419799,4.60928982],[-74.15417247,4.60931330],[-74.15414971,4.60933947],[-74.15416062,4.60934623],[-74.15413666,4.60940868],[-74.15410877,4.60948262],[-74.15407266,4.60957414],[-74.15407981,4.60957845],[-74.15404441,4.60967141],[-74.15402653,4.60971843],[-74.15402256,4.60972952],[-74.15400435,4.60978039],[-74.15400186,4.60978734],[-74.15396396,4.60988676],[-74.15392677,4.60998187],[-74.15388958,4.61007806],[-74.15386006,4.61015621],[-74.15385705,4.61016420],[-74.15385304,4.61017657],[-74.15386258,4.61017944],[-74.15385953,4.61021715],[-74.15385998,4.61023629],[-74.15386068,4.61026634],[-74.15386365,4.61029250],[-74.15386873,4.61031834],[-74.15387254,4.61033733],[-74.15387857,4.61035573],[-74.15388482,4.61037613],[-74.15389378,4.61039550],[-74.15391137,4.61043214],[-74.15392145,4.61045115],[-74.15393402,4.61046862],[-74.15394727,4.61048811],[-74.15396294,4.61050571],[-74.15398116,4.61052556],[-74.15400110,4.61054369],[-74.15403478,4.61056851],[-74.15405305,4.61058161],[-74.15407293,4.61059213],[-74.15411198,4.61061007],[-74.15413445,4.61062001],[-74.15415788,4.61062741],[-74.15418675,4.61063506],[-74.15421630,4.61063937],[-74.15425584,4.61064337],[-74.15429559,4.61064325],[-74.15433785,4.61063831],[-74.15437934,4.61062888],[-74.15441446,4.61061726],[-74.15444878,4.61060345],[-74.15449496,4.61057687],[-74.15453730,4.61054453],[-74.15456740,4.61051611],[-74.15457217,4.61051162],[-74.15458797,4.61049858],[-74.15461121,4.61047555],[-74.15462000,4.61046212],[-74.15462658,4.61044748],[-74.15462849,4.61044030],[-74.15464061,4.61041078],[-74.15466091,4.61036134],[-74.15468475,4.61029338],[-74.15471812,4.61020964],[-74.15475626,4.61011010],[-74.15479964,4.60999094],[-74.15482920,4.60991293],[-74.15483142,4.60990706],[-74.15486067,4.60982967],[-74.15488498,4.60976841],[-74.15490118,4.60972502],[-74.15493133,4.60964422],[-74.15493552,4.60963298],[-74.15493755,4.60961994],[-74.15492920,4.60961635],[-74.15493158,4.60955055],[-74.15492969,4.60950722],[-74.15492263,4.60946442],[-74.15489893,4.60938242],[-74.15489383,4.60937213],[-74.15487705,4.60934185],[-74.15485698,4.60931363],[-74.15483305,4.60928346],[-74.15480619,4.60925586],[-74.15477965,4.60923339],[-74.15475039,4.60921459],[-74.15471407,4.60919138],[-74.15467527,4.60917261],[-74.15463666,4.60915862],[-74.15459658,4.60914965],[-74.15455310,4.60914441],[-74.15450931,4.60914319],[-74.15446669,4.60914515]]]]},"properties":{"GmlID":"ESCENARIOS_DEPORTIVOS.992","OBJECTID":992,"Ubicación_Referencia":"08-219","Identificador_Dotación":"35","Tipo":1,"Nombre":1,"Coordenada_X":-74.15439744,"Coordenada_Y":4.60989800,"Descripción_":"No Aplica","Material_Piso":39,"Área__m2_":10513.68047208,"Capacidad_":12.00000000,"Iluminación_":1,"Cubierto_":2,"Cerramiento_":1,"Tipo_cerramiento_lateral":2,"Tipo_Cerramiento_Frontal":2,"Carriles_":6.00000000,"Camerino_":2,"Servicio_de_Luz":1,"Servicio_de_Agua":2,"Servicio_de_Gas":2,"Red_Contra_Incendios":2,"Uso_Incluyente":2,"Fecha_Creación":"5/24/2023 7:17:41 PM","Fecha_Actualización":"5/24/2023 7:17:41 PM","Riesgo_1":2,"Riesgo_2":2,"Riesgo_3":2,"Riesgo_4":2,"Estado_Diagnóstico":1,"Número_Contrato_Actualización_Datos":"3056-2022","Número_de_Piso":1,"GLOBALID":"{144E47B9-4F2F-4638-800F-7BC60C6635F4}","CREATED_USER":"USR_ARCGIS","CREATED_DATE":"8/30/2023 4:24:27 AM","LAST_EDITED_USER":"Administrador_IDRD","LAST_EDITED_DATE":"9/24/2025 10:01:10 PM","Nombre_del_Parque":"Timiza","ID_LLAVE":"992","SHAPE.AREA":0.00000113,"SHAPE.LEN":0.00407675}},
{"type":"Feature","geometry":{"type":"MultiPolygon","coordinates":[[[[-74.13771598,4.57080554],[-74.13773329,4.57087057],[-74.13775850,4.57096504],[-74.13780385,4.57113514],[-74.13780852,4.57115263],[-74.13789040,4.57113078],[-74.13790744,4.57119455],[-74.13799476,4.57152142],[-74.13800946,4.57157644],[-74.13803936,4.57168855],[-74.13808385,4.57185671],[-74.13810627,4.57194082],[-74.13806343,4.57195217],[-74.13811072,4.57212948],[-74.13811628,4.57215033],[-74.13825907,4.57268571],[-74.13826460,4.57270638],[-74.13828936,4.57279876],[-74.13828441,4.57280009],[-74.13828619,4.57280676],[-74.13837781,4.57278266],[-74.13838341,4.57280374],[-74.13838719,4.57281796],[-74.13838995,4.57281722],[-74.13840195,4.57286187],[-74.13841229,4.57285937],[-74.13841288,4.57285342],[-74.13841962,4.57285161],[-74.13852320,4.57282372],[-74.13853736,4.57281991],[-74.13864488,4.57279096],[-74.13864607,4.57279810],[-74.13866392,4.57279156],[-74.13866273,4.57276003],[-74.13865916,4.57272910],[-74.13865298,4.57271028],[-74.13868569,4.57270168],[-74.13871577,4.57269376],[-74.13883347,4.57266280],[-74.13878021,4.57246427],[-74.13877398,4.57244104],[-74.13864516,4.57196081],[-74.13863845,4.57193578],[-74.13858366,4.57173154],[-74.13854001,4.57156880],[-74.13850651,4.57144393],[-74.13849957,4.57141802],[-74.13837915,4.57096913],[-74.13833865,4.57081814],[-74.13826573,4.57054628],[-74.13814027,4.57058061],[-74.13811813,4.57058667],[-74.13792901,4.57063843],[-74.13773724,4.57069252],[-74.13772364,4.57069636],[-74.13769850,4.57070311],[-74.13769003,4.57070538],[-74.13768937,4.57070556],[-74.13771453,4.57080009],[-74.13771598,4.57080554]]]]},"properties":{"GmlID":"ESCENARIOS_DEPORTIVOS.993","OBJECTID":993,"Ubicación_Referencia":"06-063","Identificador_Dotación":"36","Tipo":5,"Nombre":1,"Coordenada_X":-74.13814000,"Coordenada_Y":4.57130100,"Descripción_":"CEFE El Tunal","Material_Piso":13,"Área__m2_":1290.28950300,"Capacidad_":0.00000000,"Iluminación_":1,"Cubierto_":1,"Cerramiento_":3,"Tipo_cerramiento_lateral":0,"Tipo_Cerramiento_Frontal":0,"Carriles_":0.00000000,"Camerino_":1,"Servicio_de_Luz":1,"Servicio_de_Agua":1,"Servicio_de_Gas":1,"Red_Contra_Incendios":1,"Uso_Incluyente":1,"Fecha_Creación":"7/24/2023","Fecha_Actualización":"7/24/2023","Riesgo_1":2,"Riesgo_2":2,"Riesgo_3":2,"Riesgo_4":2,"Estado_Diagnóstico":1,"Número_Contrato_Actualización_Datos":"3056-2022","Número_de_Piso":3,"GLOBALID":"{8DC54681-784F-4ABB-9E28-019B6B09FBB7}","CREATED_USER":"USR_ARCGIS","CREATED_DATE":"8/30/2023 4:24:27 AM","LAST_EDITED_USER":"Administrador_IDRD","LAST_EDITED_DATE":"9/24/2025 10:01:10 PM","Nombre_del_Parque":"El Tunal","ID_LLAVE":"993","SHAPE.AREA":0.00000123,"SHAPE.LEN":0.00584021}},
{"type":"Feature","geometry":{"type":"MultiPolygon","coordinates":[[[[-74.08583891,4.57422675],[-74.08595617,4.57423083],[-74.08596675,4.57422610],[-74.08596652,4.57422610],[-74.08596918,4.57421809],[-74.08597215,4.57420912],[-74.08597215,4.57420013],[-74.08597215,4.57417990],[-74.08597215,4.57415591],[-74.08597215,4.57411613],[-74.08597215,4.57403456],[-74.08597215,4.57403214],[-74.08597215,4.57402476],[-74.08597215,4.57394814],[-74.08597215,4.57386415],[-74.08597215,4.57344183],[-74.08597215,4.57333857],[-74.08597215,4.57329256],[-74.08595513,4.57329149],[-74.08595529,4.57322107],[-74.08595038,4.57321535],[-74.08595111,4.57316362],[-74.08595216,4.57308983],[-74.08595250,4.57306581],[-74.08592766,4.57306727],[-74.08593355,4.57301181],[-74.08593005,4.57300968],[-74.08576778,4.57301331],[-74.08577318,4.57307230],[-74.08568043,4.57306452],[-74.08567591,4.57301536],[-74.08559374,4.57301720],[-74.08558644,4.57293096],[-74.08558382,4.57289995],[-74.08557569,4.57289995],[-74.08557542,4.57289663],[-74.08557016,4.57289663],[-74.08555404,4.57289664],[-74.08550835,4.57289665],[-74.08550835,4.57289287],[-74.08543574,4.57289284],[-74.08518427,4.57289299],[-74.08508098,4.57289305],[-74.08508099,4.57287090],[-74.08508099,4.57283426],[-74.08508099,4.57282474],[-74.08508099,4.57281784],[-74.08506004,4.57281784],[-74.08498630,4.57281785],[-74.08495357,4.57281786],[-74.08495356,4.57281419],[-74.08495350,4.57272910],[-74.08495348,4.57270360],[-74.08484668,4.57270359],[-74.08484658,4.57270589],[-74.08484658,4.57271040],[-74.08483920,4.57271049],[-74.08483922,4.57271524],[-74.08483970,4.57280183],[-74.08484058,4.57296227],[-74.08484103,4.57304418],[-74.08484174,4.57317226],[-74.08484213,4.57324372],[-74.08483793,4.57324389],[-74.08483792,4.57324506],[-74.08483757,4.57328586],[-74.08484236,4.57328587],[-74.08484238,4.57328875],[-74.08543769,4.57329524],[-74.08549233,4.57329584],[-74.08549233,4.57330257],[-74.08549232,4.57331308],[-74.08549231,4.57332884],[-74.08549231,4.57334202],[-74.08549230,4.57335778],[-74.08549230,4.57337147],[-74.08549230,4.57343963],[-74.08549230,4.57361740],[-74.08549230,4.57371374],[-74.08549230,4.57374658],[-74.08549231,4.57386079],[-74.08549231,4.57392364],[-74.08549231,4.57414091],[-74.08549231,4.57414491],[-74.08549230,4.57415501],[-74.08549227,4.57419203],[-74.08549225,4.57421464],[-74.08549923,4.57421488],[-74.08551523,4.57421544],[-74.08553159,4.57421601],[-74.08554125,4.57421635],[-74.08554233,4.57421639],[-74.08558307,4.57421781],[-74.08572611,4.57422281],[-74.08578041,4.57422471],[-74.08583445,4.57422660],[-74.08583891,4.57422675]]]]},"properties":{"GmlID":"ESCENARIOS_DEPORTIVOS.994","OBJECTID":994,"Ubicación_Referencia":"04-127","Identificador_Dotación":"37","Tipo":5,"Nombre":1,"Coordenada_X":-74.08556743,"Coordenada_Y":4.57341512,"Descripción_":"CEFE San Cristóbal","Material_Piso":13,"Área__m2_":600.00000000,"Capacidad_":0.00000000,"Iluminación_":1,"Cubierto_":1,"Cerramiento_":1,"Tipo_cerramiento_lateral":16,"Tipo_Cerramiento_Frontal":16,"Carriles_":0.00000000,"Camerino_":1,"Servicio_de_Luz":1,"Servicio_de_Agua":1,"Servicio_de_Gas":1,"Red_Contra_Incendios":1,"Uso_Incluyente":2,"Fecha_Creación":"5/24/2023 7:17:43 PM","Fecha_Actualización":"5/24/2023 7:17:43 PM","Riesgo_1":2,"Riesgo_2":2,"Riesgo_3":2,"Riesgo_4":2,"Estado_Diagnóstico":1,"Número_Contrato_Actualización_Datos":"3056-2022","Número_de_Piso":2,"GLOBALID":"{194AF7E5-C41F-47AC-84AA-4FE34BFFE3F1}","CREATED_USER":"USR_ARCGIS","CREATED_DATE":"8/30/2023 4:24:27 AM","LAST_EDITED_USER":"Administrador_IDRD","LAST_EDITED_DATE":"9/24/2025 10:01:10 PM","Nombre_del_Parque":"San Cristobal","ID_LLAVE":"994","SHAPE.AREA":0.00000087,"SHAPE.LEN":0.00540710}},
{"type":"Feature","geometry":{"type":"MultiPolygon","coordinates":[[[[-74.11010760,4.74629269],[-74.11018329,4.74631152],[-74.11023626,4.74610685],[-74.11025130,4.74604875],[-74.11025172,4.74604712],[-74.11025546,4.74603269],[-74.11016946,4.74601136],[-74.11016527,4.74601032],[-74.11016037,4.74599932],[-74.11014996,4.74599661],[-74.11014724,4.74599590],[-74.11014019,4.74598505],[-74.11010816,4.74597531],[-74.11007581,4.74596769],[-74.11006485,4.74597428],[-74.11005377,4.74597191],[-74.11004635,4.74597724],[-74.10995238,4.74595232],[-74.10994322,4.74598896],[-74.10993871,4.74600703],[-74.10990298,4.74614993],[-74.10989928,4.74616474],[-74.10988195,4.74623405],[-74.10995459,4.74625254],[-74.10997466,4.74625765],[-74.10998665,4.74626070],[-74.10999741,4.74627537],[-74.11005642,4.74629132],[-74.11007260,4.74628346],[-74.11008865,4.74628797],[-74.11010760,4.74629269]]]]},"properties":{"GmlID":"ESCENARIOS_DEPORTIVOS.995","OBJECTID":995,"Ubicación_Referencia":"11-212","Identificador_Dotación":"1","Tipo":2,"Nombre":1,"Coordenada_X":-74.11006819,"Coordenada_Y":4.74613218,"Descripción_":"Buen Estado Estructural, Concreto Pulido","Material_Piso":10,"Área__m2_":1000.00000000,"Capacidad_":500.00000000,"Iluminación_":1,"Cubierto_":1,"Cerramiento_":1,"Tipo_cerramiento_lateral":16,"Tipo_Cerramiento_Frontal":16,"Carriles_":0.00000000,"Camerino_":1,"Servicio_de_Luz":1,"Servicio_de_Agua":1,"Servicio_de_Gas":2,"Red_Contra_Incendios":2,"Uso_Incluyente":2,"Fecha_Creación":"2/22/2023","Fecha_Actualización":"2/22/2023","Riesgo_1":2,"Riesgo_2":2,"Riesgo_3":2,"Riesgo_4":2,"Estado_Diagnóstico":1,"Número_Contrato_Actualización_Datos":"3056-2022","Número_de_Piso":1,"GLOBALID":"{8CA3A869-13D5-491C-9EF0-4DFB49C7ED73}","CREATED_USER":"USR_ARCGIS","CREATED_DATE":"8/30/2023 4:24:27 AM","LAST_EDITED_USER":"Administrador_IDRD","LAST_EDITED_DATE":"9/24/2025 10:01:10 PM","Nombre_del_Parque":"Tibabuyes","ID_LLAVE":"995","SHAPE.AREA":0.00000009,"SHAPE.LEN":0.00122661}},
{"type":"Feature","geometry":{"type":"MultiPolygon","coordinates":[[[[-74.11016388,4.71349126],[-74.11017319,4.71350017],[-74.11017387,4.71350113],[-74.11017510,4.71349987],[-74.11020142,4.71347351],[-74.11020165,4.71347327],[-74.11020682,4.71347853],[-74.11020993,4.71348169],[-74.11022194,4.71346963],[-74.11022519,4.71347327],[-74.11027517,4.71344264],[-74.11032058,4.71338253],[-74.11031314,4.71337584],[-74.11035024,4.71333842],[-74.11035110,4.71333755],[-74.11037075,4.71331190],[-74.11032883,4.71322763],[-74.11032324,4.71321639],[-74.11031503,4.71320586],[-74.11030416,4.71319514],[-74.11027878,4.71317581],[-74.11020705,4.71312184],[-74.11018023,4.71310226],[-74.11014256,4.71307475],[-74.11013736,4.71307260],[-74.11013190,4.71307124],[-74.11012630,4.71307072],[-74.11012068,4.71307103],[-74.11011517,4.71307218],[-74.11010990,4.71307414],[-74.11010498,4.71307686],[-74.11008704,4.71309141],[-74.11010817,4.71311328],[-74.11003383,4.71319023],[-74.10998803,4.71316702],[-74.10998307,4.71317722],[-74.10998110,4.71317691],[-74.10997836,4.71317835],[-74.10997490,4.71318493],[-74.10995249,4.71323135],[-74.10995096,4.71323430],[-74.10993234,4.71327047],[-74.10992965,4.71327656],[-74.10993595,4.71327666],[-74.10994094,4.71328123],[-74.10994384,4.71328091],[-74.10994519,4.71328197],[-74.10994792,4.71328459],[-74.11002939,4.71336256],[-74.11001342,4.71337941],[-74.11000391,4.71339040],[-74.11000406,4.71339055],[-74.11004147,4.71342653],[-74.11004790,4.71343250],[-74.11005766,4.71342221],[-74.11007396,4.71340521],[-74.11010172,4.71343178],[-74.11011495,4.71344443],[-74.11016388,4.71349126]]]]},"properties":{"GmlID":"ESCENARIOS_DEPORTIVOS.996","OBJECTID":996,"Ubicación_Referencia":"10-234","Identificador_Dotación":"2","Tipo":2,"Nombre":1,"Coordenada_X":-74.11025234,"Coordenada_Y":4.71323513,"Descripción_":"Buen estado","Material_Piso":19,"Área__m2_":209.48628550,"Capacidad_":0.00000000,"Iluminación_":1,"Cubierto_":1,"Cerramiento_":3,"Tipo_cerramiento_lateral":0,"Tipo_Cerramiento_Frontal":0,"Carriles_":0.00000000,"Camerino_":1,"Servicio_de_Luz":1,"Servicio_de_Agua":1,"Servicio_de_Gas":2,"Red_Contra_Incendios":2,"Uso_Incluyente":2,"Fecha_Creación":"2/22/2023","Fecha_Actualización":"2/22/2023","Riesgo_1":2,"Riesgo_2":2,"Riesgo_3":2,"Riesgo_4":2,"Estado_Diagnóstico":1,"Número_Contrato_Actualización_Datos":"3056-2022","Número_de_Piso":2,"GLOBALID":"{816A4597-7912-4B45-B092-8E9351529400}","CREATED_USER":"USR_ARCGIS","CREATED_DATE":"8/30/2023 4:24:27 AM","LAST_EDITED_USER":"Administrador_IDRD","LAST_EDITED_DATE":"9/24/2025 10:01:10 PM","Nombre_del_Parque":"San Andres","ID_LLAVE":"996","SHAPE.AREA":0.00000011,"SHAPE.LEN":0.00142651}},
{"type":"Feature","geometry":{"type":"MultiPolygon","coordinates":[[[[-74.11357933,4.75500545],[-74.11230011,4.75468483],[-74.11229169,4.75471988],[-74.11229589,4.75472096],[-74.11228410,4.75476902],[-74.11227755,4.75477875],[-74.11221703,4.75503079],[-74.11221967,4.75503147],[-74.11221318,4.75505794],[-74.11221065,4.75505734],[-74.11219109,4.75513879],[-74.11218705,4.75515563],[-74.11217986,4.75518555],[-74.11219293,4.75518880],[-74.11219242,4.75519560],[-74.11283895,4.75535555],[-74.11283753,4.75536201],[-74.11283906,4.75536243],[-74.11284057,4.75535596],[-74.11285092,4.75535852],[-74.11284966,4.75536364],[-74.11293998,4.75538616],[-74.11294129,4.75538087],[-74.11294838,4.75538263],[-74.11310328,4.75542189],[-74.11344877,4.75550742],[-74.11345011,4.75550200],[-74.11345463,4.75550304],[-74.11345719,4.75550368],[-74.11357933,4.75500545]]]]},"properties":{"GmlID":"ESCENARIOS_DEPORTIVOS.997","OBJECTID":997,"Ubicación_Referencia":"11-368","Identificador_Dotación":"532","Tipo":5,"Nombre":1,"Coordenada_X":-74.11334777,"Coordenada_Y":4.75519725,"Descripción_":"CEFE - circulaciones peatonales interior  - NIVEL 1","Material_Piso":45,"Área__m2_":616.81970099,"Capacidad_":0.00000000,"Iluminación_":1,"Cubierto_":1,"Cerramiento_":1,"Tipo_cerramiento_lateral":16,"Tipo_Cerramiento_Frontal":16,"Carriles_":0.00000000,"Camerino_":1,"Servicio_de_Luz":1,"Servicio_de_Agua":1,"Servicio_de_Gas":1,"Red_Contra_Incendios":1,"Uso_Incluyente":1,"Fecha_Creación":"2/22/2023","Fecha_Actualización":"2/22/2023","Riesgo_1":2,"Riesgo_2":2,"Riesgo_3":2,"Riesgo_4":2,"Estado_Diagnóstico":1,"Número_Contrato_Actualización_Datos":"3056-2022","Número_de_Piso":1,"GLOBALID":"{23DE218F-FA8C-46E4-9A94-FFD31D9F0B6E}","CREATED_USER":"USR_ARCGIS","CREATED_DATE":"8/30/2023 4:24:27 AM","LAST_EDITED_USER":"Administrador_IDRD","LAST_EDITED_DATE":"9/24/2025 10:01:10 PM","Nombre_del_Parque":"Fontanar Del Rio","ID_LLAVE":"997","SHAPE.AREA":0.00000069,"SHAPE.LEN":0.00370850}},
{"type":"Feature","geometry":{"type":"MultiPolygon","coordinates":[[[[-74.09342181,4.71068931],[-74.09346263,4.71064451],[-74.09345947,4.71063631],[-74.09343958,4.71061861],[-74.09353399,4.71051229],[-74.09345357,4.71044062],[-74.09347973,4.71041155],[-74.09336856,4.71031291],[-74.09336567,4.71031063],[-74.09318288,4.71051034],[-74.09319430,4.71052205],[-74.09320687,4.71053561],[-74.09322214,4.71055032],[-74.09323899,4.71056488],[-74.09325769,4.71058230],[-74.09327368,4.71059600],[-74.09328924,4.71060871],[-74.09329560,4.71061360],[-74.09328772,4.71062206],[-74.09330043,4.71063391],[-74.09330585,4.71062847],[-74.09331310,4.71063547],[-74.09331741,4.71063990],[-74.09333455,4.71062239],[-74.09341117,4.71068918],[-74.09341602,4.71068433],[-74.09342181,4.71068931]]]]},"properties":{"GmlID":"ESCENARIOS_DEPORTIVOS.998","OBJECTID":998,"Ubicación_Referencia":"10-223","Identificador_Dotación":"692","Tipo":5,"Nombre":2,"Coordenada_X":-74.09343469,"Coordenada_Y":4.71054670,"Descripción_":"Area Piscinas","Material_Piso":13,"Área__m2_":226.27827420,"Capacidad_":0.00000000,"Iluminación_":1,"Cubierto_":2,"Cerramiento_":3,"Tipo_cerramiento_lateral":0,"Tipo_Cerramiento_Frontal":0,"Carriles_":1.00000000,"Camerino_":1,"Servicio_de_Luz":1,"Servicio_de_Agua":1,"Servicio_de_Gas":1,"Red_Contra_Incendios":2,"Uso_Incluyente":1,"Fecha_Creación":"2/22/2023","Fecha_Actualización":"2/22/2023","Riesgo_1":2,"Riesgo_2":2,"Riesgo_3":2,"Riesgo_4":1,"Estado_Diagnóstico":2,"Número_Contrato_Actualización_Datos":"3056-2022","Número_de_Piso":1,"GLOBALID":"{743D74D6-1CC1-45DE-8FEC-3241F914377A}","CREATED_USER":"USR_ARCGIS","CREATED_DATE":"8/30/2023 4:24:27 AM","LAST_EDITED_USER":"Administrador_IDRD","LAST_EDITED_DATE":"9/24/2025 10:01:10 PM","Nombre_del_Parque":"La Serena","ID_LLAVE":"998","SHAPE.AREA":0.00000007,"SHAPE.LEN":0.00115465}},
{"type":"Feature","geometry":{"type":"MultiPolygon","coordinates":[[[[-74.09036618,4.59835938],[-74.09038903,4.59829846],[-74.09039424,4.59828455],[-74.09039467,4.59828341],[-74.09039625,4.59827919],[-74.09040629,4.59825242],[-74.09041908,4.59821832],[-74.09042328,4.59820712],[-74.09043231,4.59818303],[-74.09043689,4.59817082],[-74.09039448,4.59815531],[-74.09032494,4.59812988],[-74.09031907,4.59811372],[-74.09026411,4.59809302],[-74.09024733,4.59810150],[-74.09014279,4.59806327],[-74.09010498,4.59816247],[-74.09003905,4.59833548],[-74.09014614,4.59837521],[-74.09015257,4.59839183],[-74.09020754,4.59841182],[-74.09022774,4.59840548],[-74.09027668,4.59842363],[-74.09033410,4.59844493],[-74.09033821,4.59843397],[-74.09034178,4.59842447],[-74.09034901,4.59840518],[-74.09036034,4.59837496],[-74.09036618,4.59835938]]]]},"properties":{"GmlID":"ESCENARIOS_DEPORTIVOS.1009","OBJECTID":1009,"Ubicación_Referencia":"14-030","Identificador_Dotación":"1","Tipo":2,"Nombre":1,"Coordenada_X":-74.09023824,"Coordenada_Y":4.59825377,"Descripción_":"No Aplica","Material_Piso":13,"Área__m2_":1148.27539863,"Capacidad_":0.00000000,"Iluminación_":1,"Cubierto_":1,"Cerramiento_":1,"Tipo_cerramiento_lateral":16,"Tipo_Cerramiento_Frontal":16,"Carriles_":0.00000000,"Camerino_":1,"Servicio_de_Luz":1,"Servicio_de_Agua":1,"Servicio_de_Gas":2,"Red_Contra_Incendios":2,"Uso_Incluyente":2,"Fecha_Creación":"3/29/2023 10:43:43 PM","Fecha_Actualización":"3/29/2023 10:43:43 PM","Riesgo_1":2,"Riesgo_2":2,"Riesgo_3":2,"Riesgo_4":1,"Estado_Diagnóstico":2,"Número_Contrato_Actualización_Datos":"3056-2022","Número_de_Piso":1,"GLOBALID":"{62D3D2F5-5815-494C-9CE5-3E6EC0EF4369}","CREATED_USER":"USR_ARCGIS","CREATED_DATE":"8/30/2023 4:24:27 AM","LAST_EDITED_USER":"Administrador_IDRD","LAST_EDITED_DATE":"9/24/2025 10:01:10 PM","Nombre_del_Parque":"Eduardo Santos","ID_LLAVE":"1009","SHAPE.AREA":0.00000009,"SHAPE.LEN":0.00123446}},
{"type":"Feature","geometry":{"type":"MultiPolygon","coordinates":[[[[-74.03851008,4.70803907],[-74.03870979,4.70802158],[-74.03889634,4.70798922],[-74.03879354,4.70734391],[-74.03878719,4.70734481],[-74.03842078,4.70739654],[-74.03848344,4.70784740],[-74.03848592,4.70786522],[-74.03851008,4.70803907]]]]},"properties":{"GmlID":"ESCENARIOS_DEPORTIVOS.1010","OBJECTID":1010,"Ubicación_Referencia":"01-1000","Identificador_Dotación":"3","Tipo":5,"Nombre":3,"Coordenada_X":-74.03865599,"Coordenada_Y":4.70769603,"Descripción_":"Picadero de caballos","Material_Piso":7,"Área__m2_":3078.13743001,"Capacidad_":0.00000000,"Iluminación_":1,"Cubierto_":1,"Cerramiento_":1,"Tipo_cerramiento_lateral":16,"Tipo_Cerramiento_Frontal":16,"Carriles_":0.00000000,"Camerino_":2,"Servicio_de_Luz":1,"Servicio_de_Agua":2,"Servicio_de_Gas":2,"Red_Contra_Incendios":2,"Uso_Incluyente":2,"Fecha_Creación":"3/29/2023 10:43:43 PM","Fecha_Actualización":"3/29/2023 10:43:43 PM","Riesgo_1":2,"Riesgo_2":2,"Riesgo_3":2,"Riesgo_4":2,"Estado_Diagnóstico":1,"Número_Contrato_Actualización_Datos":"3056-2022","Número_de_Piso":1,"GLOBALID":"{1A6FAA13-9404-466C-A421-1B5069AE6C78}","CREATED_USER":"USR_ARCGIS","CREATED_DATE":"8/30/2023 4:24:27 AM","LAST_EDITED_USER":"Administrador_IDRD","LAST_EDITED_DATE":"9/24/2025 10:01:10 PM","Nombre_del_Parque":"El Country","ID_LLAVE":"1010","SHAPE.AREA":0.00000025,"SHAPE.LEN":0.00206842}},
{"type":"Feature","geometry":{"type":"MultiPolygon","coordinates":[[[[-74.17372430,4.59330965],[-74.17372159,4.59330959],[-74.17371723,4.59330950],[-74.17371723,4.59331979],[-74.17371723,4.59332503],[-74.17371723,4.59333235],[-74.17370683,4.59334182],[-74.17370697,4.59335711],[-74.17370742,4.59340339],[-74.17371489,4.59341062],[-74.17371694,4.59341261],[-74.17371692,4.59341348],[-74.17371769,4.59341457],[-74.17371762,4.59342700],[-74.17372735,4.59343709],[-74.17372794,4.59352717],[-74.17373971,4.59352715],[-74.17373961,4.59353694],[-74.17387382,4.59353551],[-74.17387346,4.59352694],[-74.17401088,4.59352672],[-74.17401045,4.59346452],[-74.17401032,4.59344647],[-74.17401029,4.59344138],[-74.17401010,4.59341318],[-74.17402187,4.59340286],[-74.17402121,4.59334132],[-74.17400963,4.59332819],[-74.17400975,4.59330123],[-74.17400975,4.59329994],[-74.17400982,4.59328303],[-74.17401010,4.59321733],[-74.17387244,4.59321548],[-74.17387244,4.59320855],[-74.17375543,4.59320855],[-74.17373940,4.59320855],[-74.17373894,4.59321686],[-74.17373526,4.59321694],[-74.17372766,4.59321710],[-74.17372745,4.59324075],[-74.17372719,4.59326978],[-74.17372685,4.59330764],[-74.17372618,4.59330817],[-74.17372618,4.59330821],[-74.17372430,4.59330965]]]]},"properties":{"GmlID":"ESCENARIOS_DEPORTIVOS.1011","OBJECTID":1011,"Ubicación_Referencia":"19-231","Identificador_Dotación":"4","Tipo":2,"Nombre":1,"Coordenada_X":-74.17386375,"Coordenada_Y":4.59337000,"Descripción_":"No Aplica","Material_Piso":13,"Área__m2_":1150.66356993,"Capacidad_":0.00000000,"Iluminación_":1,"Cubierto_":1,"Cerramiento_":1,"Tipo_cerramiento_lateral":16,"Tipo_Cerramiento_Frontal":16,"Carriles_":0.00000000,"Camerino_":2,"Servicio_de_Luz":1,"Servicio_de_Agua":2,"Servicio_de_Gas":2,"Red_Contra_Incendios":2,"Uso_Incluyente":2,"Fecha_Creación":"3/29/2023 10:43:43 PM","Fecha_Actualización":"3/29/2023 10:43:43 PM","Riesgo_1":2,"Riesgo_2":2,"Riesgo_3":2,"Riesgo_4":1,"Estado_Diagnóstico":2,"Número_Contrato_Actualización_Datos":"3056-2022","Número_de_Piso":1,"GLOBALID":"{3430B923-2E10-47A6-BD27-CDB280D01A69}","CREATED_USER":"USR_ARCGIS","CREATED_DATE":"8/30/2023 4:24:27 AM","LAST_EDITED_USER":"Administrador_IDRD","LAST_EDITED_DATE":"9/24/2025 10:01:10 PM","Nombre_del_Parque":"Urbanizacion La Estancia","ID_LLAVE":"1011","SHAPE.AREA":0.00000009,"SHAPE.LEN":0.00124949}},
{"type":"Feature","geometry":{"type":"MultiPolygon","coordinates":[[[[-74.07903987,4.58623227],[-74.07906028,4.58620729],[-74.07907570,4.58622085],[-74.07909140,4.58620315],[-74.07910497,4.58620201],[-74.07913581,4.58616489],[-74.07914351,4.58617217],[-74.07915779,4.58615604],[-74.07916209,4.58615931],[-74.07919562,4.58612023],[-74.07919023,4.58611563],[-74.07920565,4.58610007],[-74.07919780,4.58609351],[-74.07922885,4.58605654],[-74.07922636,4.58604286],[-74.07924230,4.58602418],[-74.07922695,4.58601145],[-74.07923849,4.58599527],[-74.07924004,4.58599539],[-74.07924432,4.58599051],[-74.07924170,4.58598777],[-74.07925491,4.58597052],[-74.07917693,4.58591482],[-74.07917436,4.58591561],[-74.07916815,4.58592246],[-74.07904697,4.58582076],[-74.07904602,4.58582278],[-74.07904197,4.58582326],[-74.07903793,4.58582100],[-74.07883699,4.58606195],[-74.07903987,4.58623227]]]]},"properties":{"GmlID":"ESCENARIOS_DEPORTIVOS.1012","OBJECTID":1012,"Ubicación_Referencia":"03-036","Identificador_Dotación":"5","Tipo":2,"Nombre":1,"Coordenada_X":-74.07905442,"Coordenada_Y":4.58603206,"Descripción_":"Coliseo - Cuenta Con (Cafetería, Administración, Camerinos, Bodega, Baterías Sanitarias)","Material_Piso":19,"Área__m2_":1165.44053082,"Capacidad_":600.00000000,"Iluminación_":1,"Cubierto_":1,"Cerramiento_":1,"Tipo_cerramiento_lateral":16,"Tipo_Cerramiento_Frontal":16,"Carriles_":0.00000000,"Camerino_":1,"Servicio_de_Luz":1,"Servicio_de_Agua":1,"Servicio_de_Gas":2,"Red_Contra_Incendios":2,"Uso_Incluyente":2,"Fecha_Creación":"3/29/2023 10:43:43 PM","Fecha_Actualización":"3/29/2023 10:43:43 PM","Riesgo_1":2,"Riesgo_2":2,"Riesgo_3":2,"Riesgo_4":2,"Estado_Diagnóstico":1,"Número_Contrato_Actualización_Datos":"3056-2022","Número_de_Piso":1,"GLOBALID":"{443312E0-AF59-4F08-9912-CFF0C6806B2B}","CREATED_USER":"USR_ARCGIS","CREATED_DATE":"8/30/2023 4:24:27 AM","LAST_EDITED_USER":"Administrador_IDRD","LAST_EDITED_DATE":"9/24/2025 10:01:10 PM","Nombre_del_Parque":"Las Cruces","ID_LLAVE":"1012","SHAPE.AREA":0.00000009,"SHAPE.LEN":0.00128225}},
{"type":"Feature","geometry":{"type":"MultiPolygon","coordinates":[[[[-74.11124333,4.50995194],[-74.11124334,4.50995185],[-74.11124372,4.50993873],[-74.11124458,4.50990872],[-74.11124505,4.50989263],[-74.11124612,4.50985553],[-74.11124654,4.50984287],[-74.11121777,4.50984147],[-74.11110855,4.50983833],[-74.11110865,4.50982917],[-74.11097406,4.50982468],[-74.11097382,4.50983164],[-74.11097377,4.50983317],[-74.11096191,4.50983278],[-74.11095896,4.50992385],[-74.11094972,4.50993196],[-74.11094822,4.50993328],[-74.11094773,4.50994819],[-74.11093798,4.50995675],[-74.11093772,4.50996462],[-74.11093619,4.51001053],[-74.11093592,4.51001839],[-74.11094508,4.51002758],[-74.11094454,4.51004367],[-74.11095462,4.51005380],[-74.11095183,4.51014265],[-74.11096535,4.51014315],[-74.11096504,4.51015219],[-74.11096503,4.51015260],[-74.11109702,4.51015689],[-74.11109703,4.51014762],[-74.11113979,4.51014920],[-74.11120775,4.51015171],[-74.11123620,4.51015276],[-74.11123991,4.51004156],[-74.11125113,4.51002945],[-74.11125320,4.50996736],[-74.11125322,4.50996673],[-74.11124323,4.50995438],[-74.11124333,4.50995194]]]]},"properties":{"GmlID":"ESCENARIOS_DEPORTIVOS.1013","OBJECTID":1013,"Ubicación_Referencia":"05-004","Identificador_Dotación":"6","Tipo":2,"Nombre":1,"Coordenada_X":-74.11109420,"Coordenada_Y":4.50999158,"Descripción_":"Coliseo Cubierto - Cerramiento Mixto Mampostería Y Metálico","Material_Piso":19,"Área__m2_":1149.74702692,"Capacidad_":300.00000000,"Iluminación_":1,"Cubierto_":1,"Cerramiento_":1,"Tipo_cerramiento_lateral":16,"Tipo_Cerramiento_Frontal":16,"Carriles_":0.00000000,"Camerino_":1,"Servicio_de_Luz":1,"Servicio_de_Agua":1,"Servicio_de_Gas":2,"Red_Contra_Incendios":2,"Uso_Incluyente":2,"Fecha_Creación":"3/29/2023 10:43:43 PM","Fecha_Actualización":"3/29/2023 10:43:43 PM","Riesgo_1":2,"Riesgo_2":2,"Riesgo_3":2,"Riesgo_4":1,"Estado_Diagnóstico":2,"Número_Contrato_Actualización_Datos":"3056-2022","Número_de_Piso":1,"GLOBALID":"{231BDCEF-1CEB-41E9-960F-5CFEBA70E4B1}","CREATED_USER":"USR_ARCGIS","CREATED_DATE":"8/30/2023 4:24:27 AM","LAST_EDITED_USER":"Administrador_IDRD","LAST_EDITED_DATE":"9/24/2025 10:01:10 PM","Nombre_del_Parque":"La Andrea","ID_LLAVE":"1013","SHAPE.AREA":0.00000009,"SHAPE.LEN":0.00125102}},
{"type":"Feature","geometry":{"type":"MultiPolygon","coordinates":[[[[-74.16006437,4.62625262],[-74.16014931,4.62632699],[-74.16017715,4.62633270],[-74.16023425,4.62632913],[-74.16060259,4.62594199],[-74.16060307,4.62593533],[-74.16060232,4.62589129],[-74.16057428,4.62586501],[-74.16055470,4.62584666],[-74.16049415,4.62578991],[-74.16040886,4.62570997],[-74.16042100,4.62569712],[-74.16030821,4.62559719],[-74.16029394,4.62561360],[-74.16029055,4.62561196],[-74.15987146,4.62605585],[-74.15994586,4.62613782],[-74.15996061,4.62615345],[-74.15998027,4.62617428],[-74.16000582,4.62620135],[-74.16006437,4.62625262]]]]},"properties":{"GmlID":"ESCENARIOS_DEPORTIVOS.1014","OBJECTID":1014,"Ubicación_Referencia":"08-241","Identificador_Dotación":"7","Tipo":2,"Nombre":1,"Coordenada_X":-74.16024695,"Coordenada_Y":4.62598396,"Descripción_":"No Aplica","Material_Piso":34,"Área__m2_":3492.66856549,"Capacidad_":0.00000000,"Iluminación_":2,"Cubierto_":1,"Cerramiento_":1,"Tipo_cerramiento_lateral":16,"Tipo_Cerramiento_Frontal":16,"Carriles_":0.00000000,"Camerino_":2,"Servicio_de_Luz":1,"Servicio_de_Agua":1,"Servicio_de_Gas":2,"Red_Contra_Incendios":2,"Uso_Incluyente":2,"Fecha_Creación":"3/29/2023 10:43:43 PM","Fecha_Actualización":"3/29/2023 10:43:43 PM","Riesgo_1":2,"Riesgo_2":2,"Riesgo_3":2,"Riesgo_4":2,"Estado_Diagnóstico":1,"Número_Contrato_Actualización_Datos":"3056-2022","Número_de_Piso":1,"GLOBALID":"{14A6129D-A11D-440B-856A-1D9562FA6282}","CREATED_USER":"USR_ARCGIS","CREATED_DATE":"8/30/2023 4:24:27 AM","LAST_EDITED_USER":"Administrador_IDRD","LAST_EDITED_DATE":"9/24/2025 10:01:10 PM","Nombre_del_Parque":"Cayetano Ca¤izares","ID_LLAVE":"1014","SHAPE.AREA":0.00000028,"SHAPE.LEN":0.00212901}},
{"type":"Feature","geometry":{"type":"MultiPolygon","coordinates":[[[[-74.16074387,4.62578394],[-74.16074744,4.62578572],[-74.16095267,4.62556979],[-74.16135245,4.62514553],[-74.16130770,4.62510298],[-74.16126750,4.62506476],[-74.16121604,4.62501583],[-74.16118577,4.62498706],[-74.16128451,4.62488191],[-74.16108337,4.62469711],[-74.16108305,4.62469602],[-74.16085468,4.62493736],[-74.16086277,4.62494450],[-74.16082851,4.62497972],[-74.16070335,4.62511249],[-74.16066718,4.62515294],[-74.16060198,4.62521481],[-74.16054059,4.62528476],[-74.16054608,4.62528996],[-74.16067289,4.62540992],[-74.16069133,4.62539148],[-74.16070501,4.62540457],[-74.16068955,4.62542003],[-74.16075022,4.62547774],[-74.16076450,4.62546287],[-74.16077521,4.62547238],[-74.16075582,4.62549270],[-74.16060151,4.62565441],[-74.16061276,4.62566510],[-74.16073788,4.62578386],[-74.16074387,4.62578394]]]]},"properties":{"GmlID":"ESCENARIOS_DEPORTIVOS.1015","OBJECTID":1015,"Ubicación_Referencia":"08-241","Identificador_Dotación":"8","Tipo":4,"Nombre":1,"Coordenada_X":-74.16094382,"Coordenada_Y":4.62522332,"Descripción_":"No Aplica","Material_Piso":27,"Área__m2_":5041.31854267,"Capacidad_":0.00000000,"Iluminación_":2,"Cubierto_":1,"Cerramiento_":1,"Tipo_cerramiento_lateral":16,"Tipo_Cerramiento_Frontal":16,"Carriles_":0.00000000,"Camerino_":2,"Servicio_de_Luz":1,"Servicio_de_Agua":1,"Servicio_de_Gas":2,"Red_Contra_Incendios":2,"Uso_Incluyente":2,"Fecha_Creación":"3/29/2023 10:43:43 PM","Fecha_Actualización":"3/29/2023 10:43:43 PM","Riesgo_1":2,"Riesgo_2":2,"Riesgo_3":2,"Riesgo_4":2,"Estado_Diagnóstico":1,"Número_Contrato_Actualización_Datos":"3056-2022","Número_de_Piso":1,"GLOBALID":"{A46D19A8-F75D-45E5-8CC0-125684A948B5}","CREATED_USER":"USR_ARCGIS","CREATED_DATE":"8/30/2023 4:24:27 AM","LAST_EDITED_USER":"Administrador_IDRD","LAST_EDITED_DATE":"9/24/2025 10:01:10 PM","Nombre_del_Parque":"Cayetano Ca¤izares","ID_LLAVE":"1015","SHAPE.AREA":0.00000041,"SHAPE.LEN":0.00315851}},
{"type":"Feature","geometry":{"type":"MultiPolygon","coordinates":[[[[-74.10748957,4.55219548],[-74.10749841,4.55219705],[-74.10776349,4.55224065],[-74.10778242,4.55224373],[-74.10779581,4.55215896],[-74.10781068,4.55216164],[-74.10783269,4.55202065],[-74.10781692,4.55201768],[-74.10783358,4.55193529],[-74.10781429,4.55193115],[-74.10754660,4.55188832],[-74.10753804,4.55188686],[-74.10752243,4.55198918],[-74.10752134,4.55199945],[-74.10750528,4.55200777],[-74.10749850,4.55200690],[-74.10748964,4.55206980],[-74.10749309,4.55207083],[-74.10750670,4.55208484],[-74.10750517,4.55209476],[-74.10748957,4.55219548]]]]},"properties":{"GmlID":"ESCENARIOS_DEPORTIVOS.1016","OBJECTID":1016,"Ubicación_Referencia":"18-162","Identificador_Dotación":"9","Tipo":2,"Nombre":1,"Coordenada_X":-74.10766162,"Coordenada_Y":4.55206520,"Descripción_":"No Aplica","Material_Piso":19,"Área__m2_":1184.97613812,"Capacidad_":0.00000000,"Iluminación_":1,"Cubierto_":1,"Cerramiento_":1,"Tipo_cerramiento_lateral":16,"Tipo_Cerramiento_Frontal":16,"Carriles_":0.00000000,"Camerino_":1,"Servicio_de_Luz":1,"Servicio_de_Agua":1,"Servicio_de_Gas":2,"Red_Contra_Incendios":2,"Uso_Incluyente":2,"Fecha_Creación":"3/29/2023 10:43:43 PM","Fecha_Actualización":"3/29/2023 10:43:43 PM","Riesgo_1":2,"Riesgo_2":2,"Riesgo_3":2,"Riesgo_4":1,"Estado_Diagnóstico":2,"Número_Contrato_Actualización_Datos":"3056-2022","Número_de_Piso":1,"GLOBALID":"{42DE5E88-D5DC-4ECE-93B6-5A4E7260FFC7}","CREATED_USER":"USR_ARCGIS","CREATED_DATE":"8/30/2023 4:24:27 AM","LAST_EDITED_USER":"Administrador_IDRD","LAST_EDITED_DATE":"9/24/2025 10:01:10 PM","Nombre_del_Parque":"Los Molinos Ii","ID_LLAVE":"1016","SHAPE.AREA":0.00000010,"SHAPE.LEN":0.00127740}},
{"type":"Feature","geometry":{"type":"MultiPolygon","coordinates":[[[[-74.13931455,4.63955071],[-74.13936299,4.63957501],[-74.13937443,4.63958075],[-74.13941383,4.63960052],[-74.13941365,4.63960010],[-74.13946072,4.63949935],[-74.13948098,4.63949277],[-74.13950631,4.63944255],[-74.13950393,4.63942042],[-74.13955470,4.63931997],[-74.13929727,4.63918867],[-74.13915354,4.63946993],[-74.13920715,4.63949682],[-74.13925444,4.63952055],[-74.13931359,4.63955023],[-74.13931455,4.63955071]]]]},"properties":{"GmlID":"ESCENARIOS_DEPORTIVOS.1017","OBJECTID":1017,"Ubicación_Referencia":"08-200","Identificador_Dotación":"10","Tipo":2,"Nombre":1,"Coordenada_X":-74.13935558,"Coordenada_Y":4.63939517,"Descripción_":"Coliseo Cubierto, Sector Central.","Material_Piso":19,"Área__m2_":1128.16336205,"Capacidad_":300.00000000,"Iluminación_":1,"Cubierto_":1,"Cerramiento_":1,"Tipo_cerramiento_lateral":16,"Tipo_Cerramiento_Frontal":16,"Carriles_":0.00000000,"Camerino_":1,"Servicio_de_Luz":1,"Servicio_de_Agua":1,"Servicio_de_Gas":2,"Red_Contra_Incendios":2,"Uso_Incluyente":2,"Fecha_Creación":"3/29/2023 10:43:43 PM","Fecha_Actualización":"3/29/2023 10:43:43 PM","Riesgo_1":2,"Riesgo_2":2,"Riesgo_3":2,"Riesgo_4":1,"Estado_Diagnóstico":2,"Número_Contrato_Actualización_Datos":"3056-2022","Número_de_Piso":1,"GLOBALID":"{64722E38-4725-426F-8C87-52DF221FDAD6}","CREATED_USER":"USR_ARCGIS","CREATED_DATE":"8/30/2023 4:24:27 AM","LAST_EDITED_USER":"Administrador_IDRD","LAST_EDITED_DATE":"9/24/2025 10:01:10 PM","Nombre_del_Parque":"Castilla","ID_LLAVE":"1017","SHAPE.AREA":0.00000009,"SHAPE.LEN":0.00122007}},
{"type":"Feature","geometry":{"type":"MultiPolygon","coordinates":[[[[-74.10647538,4.59553342],[-74.10647357,4.59555117],[-74.10638537,4.59561995],[-74.10640323,4.59564238],[-74.10649372,4.59575599],[-74.10650957,4.59577590],[-74.10653512,4.59581092],[-74.10656540,4.59585190],[-74.10669638,4.59575600],[-74.10681439,4.59566960],[-74.10676952,4.59561141],[-74.10663088,4.59543162],[-74.10654267,4.59549729],[-74.10654209,4.59550277],[-74.10653286,4.59550112],[-74.10653063,4.59550072],[-74.10652206,4.59549919],[-74.10647538,4.59553342]]]]},"properties":{"GmlID":"ESCENARIOS_DEPORTIVOS.1018","OBJECTID":1018,"Ubicación_Referencia":"15-040","Identificador_Dotación":"11","Tipo":2,"Nombre":1,"Coordenada_X":-74.10659880,"Coordenada_Y":4.59564104,"Descripción_":"Coliseo Cubierto","Material_Piso":13,"Área__m2_":1134.80449815,"Capacidad_":0.00000000,"Iluminación_":1,"Cubierto_":1,"Cerramiento_":1,"Tipo_cerramiento_lateral":16,"Tipo_Cerramiento_Frontal":16,"Carriles_":0.00000000,"Camerino_":1,"Servicio_de_Luz":1,"Servicio_de_Agua":1,"Servicio_de_Gas":2,"Red_Contra_Incendios":2,"Uso_Incluyente":2,"Fecha_Creación":"3/29/2023 10:43:43 PM","Fecha_Actualización":"3/29/2023 10:43:43 PM","Riesgo_1":2,"Riesgo_2":2,"Riesgo_3":2,"Riesgo_4":1,"Estado_Diagnóstico":2,"Número_Contrato_Actualización_Datos":"3056-2022","Número_de_Piso":1,"GLOBALID":"{ACDCB8A2-7FFF-4824-958B-35DADD165DC0}","CREATED_USER":"USR_ARCGIS","CREATED_DATE":"8/30/2023 4:24:27 AM","LAST_EDITED_USER":"Administrador_IDRD","LAST_EDITED_DATE":"9/24/2025 10:01:10 PM","Nombre_del_Parque":"La Fragua","ID_LLAVE":"1018","SHAPE.AREA":0.00000009,"SHAPE.LEN":0.00122618}},
{"type":"Feature","geometry":{"type":"MultiPolygon","coordinates":[[[[-74.14659348,4.68958943],[-74.14661947,4.68956382],[-74.14660325,4.68949683],[-74.14659180,4.68945424],[-74.14657367,4.68942505],[-74.14645871,4.68928772],[-74.14644631,4.68927720],[-74.14643487,4.68927433],[-74.14642151,4.68927481],[-74.14640816,4.68927864],[-74.14639623,4.68928390],[-74.14640721,4.68930209],[-74.14637525,4.68932243],[-74.14630514,4.68936550],[-74.14627796,4.68934325],[-74.14619712,4.68943585],[-74.14624220,4.68951122],[-74.14623219,4.68951912],[-74.14631233,4.68964185],[-74.14632163,4.68963467],[-74.14636885,4.68970501],[-74.14642537,4.68966625],[-74.14643467,4.68968060],[-74.14646185,4.68966481],[-74.14646972,4.68967486],[-74.14649190,4.68966696],[-74.14650692,4.68965762],[-74.14654126,4.68962891],[-74.14652337,4.68960450],[-74.14657917,4.68956861],[-74.14659348,4.68958943]]]]},"properties":{"GmlID":"ESCENARIOS_DEPORTIVOS.1019","OBJECTID":1019,"Ubicación_Referencia":"09-104","Identificador_Dotación":"12","Tipo":2,"Nombre":1,"Coordenada_X":-74.14641180,"Coordenada_Y":4.68949056,"Descripción_":"No Aplica","Material_Piso":13,"Área__m2_":1329.58267349,"Capacidad_":500.00000000,"Iluminación_":1,"Cubierto_":1,"Cerramiento_":1,"Tipo_cerramiento_lateral":16,"Tipo_Cerramiento_Frontal":16,"Carriles_":0.00000000,"Camerino_":1,"Servicio_de_Luz":1,"Servicio_de_Agua":1,"Servicio_de_Gas":2,"Red_Contra_Incendios":2,"Uso_Incluyente":1,"Fecha_Creación":"3/29/2023 10:43:43 PM","Fecha_Actualización":"3/29/2023 10:43:43 PM","Riesgo_1":2,"Riesgo_2":1,"Riesgo_3":1,"Riesgo_4":1,"Estado_Diagnóstico":3,"Número_Contrato_Actualización_Datos":"3056-2022","Número_de_Piso":1,"GLOBALID":"{B6C0CAE3-55CC-422F-B9D3-220B05558E63}","CREATED_USER":"USR_ARCGIS","CREATED_DATE":"8/30/2023 4:24:27 AM","LAST_EDITED_USER":"Administrador_IDRD","LAST_EDITED_DATE":"9/24/2025 10:01:10 PM","Nombre_del_Parque":"Atahualpa","ID_LLAVE":"1019","SHAPE.AREA":0.00000011,"SHAPE.LEN":0.00141209}},
{"type":"Feature","geometry":{"type":"MultiPolygon","coordinates":[[[[-74.11367825,4.58140278],[-74.11368221,4.58140296],[-74.11368854,4.58140326],[-74.11369363,4.58140350],[-74.11369861,4.58140099],[-74.11370109,4.58139975],[-74.11370436,4.58139811],[-74.11370686,4.58140457],[-74.11370956,4.58140482],[-74.11371300,4.58140513],[-74.11371473,4.58140529],[-74.11371970,4.58140318],[-74.11372374,4.58140146],[-74.11372687,4.58140013],[-74.11373030,4.58139867],[-74.11373285,4.58139758],[-74.11373537,4.58139651],[-74.11373882,4.58139505],[-74.11374129,4.58139400],[-74.11374490,4.58139246],[-74.11374836,4.58139099],[-74.11375164,4.58138960],[-74.11375293,4.58138905],[-74.11375402,4.58138858],[-74.11376102,4.58138561],[-74.11376869,4.58138235],[-74.11377678,4.58137891],[-74.11378158,4.58137687],[-74.11378925,4.58137360],[-74.11379768,4.58137002],[-74.11380521,4.58136682],[-74.11381145,4.58136417],[-74.11381803,4.58136137],[-74.11382491,4.58135845],[-74.11383144,4.58135567],[-74.11383664,4.58135346],[-74.11383884,4.58135252],[-74.11383741,4.58134840],[-74.11383597,4.58134427],[-74.11383922,4.58134279],[-74.11384500,4.58134014],[-74.11385102,4.58133739],[-74.11386035,4.58133313],[-74.11387018,4.58132863],[-74.11388505,4.58132184],[-74.11389444,4.58131755],[-74.11390568,4.58131242],[-74.11391394,4.58130864],[-74.11392551,4.58130335],[-74.11393482,4.58129910],[-74.11394256,4.58129556],[-74.11395003,4.58129215],[-74.11395720,4.58128887],[-74.11396008,4.58128756],[-74.11395721,4.58128096],[-74.11395153,4.58126790],[-74.11394660,4.58125655],[-74.11394360,4.58124963],[-74.11394117,4.58124405],[-74.11393907,4.58123921],[-74.11393754,4.58123570],[-74.11393558,4.58123119],[-74.11392712,4.58121170],[-74.11391501,4.58118384],[-74.11392252,4.58117056],[-74.11389569,4.58110991],[-74.11387995,4.58110632],[-74.11383524,4.58100188],[-74.11380198,4.58101480],[-74.11379983,4.58100978],[-74.11366679,4.58106254],[-74.11355198,4.58111746],[-74.11360242,4.58123410],[-74.11359956,4.58124200],[-74.11362138,4.58129260],[-74.11362817,4.58129511],[-74.11363624,4.58131297],[-74.11364054,4.58132251],[-74.11364511,4.58133263],[-74.11364938,4.58134208],[-74.11365138,4.58134652],[-74.11365372,4.58135170],[-74.11365567,4.58135601],[-74.11365816,4.58136154],[-74.11366007,4.58136577],[-74.11366278,4.58137177],[-74.11366530,4.58137736],[-74.11366748,4.58138217],[-74.11366944,4.58138652],[-74.11367115,4.58139031],[-74.11367311,4.58139464],[-74.11367462,4.58139799],[-74.11367526,4.58139941],[-74.11367583,4.58140067],[-74.11367627,4.58140165],[-74.11367726,4.58140222],[-74.11367825,4.58140278]]]]},"properties":{"GmlID":"ESCENARIOS_DEPORTIVOS.1021","OBJECTID":1021,"Ubicación_Referencia":"18-205","Identificador_Dotación":"14","Tipo":2,"Nombre":1,"Coordenada_X":-74.11375653,"Coordenada_Y":4.58120460,"Descripción_":"No Aplica","Material_Piso":13,"Área__m2_":1237.73819933,"Capacidad_":542.00000000,"Iluminación_":1,"Cubierto_":1,"Cerramiento_":1,"Tipo_cerramiento_lateral":16,"Tipo_Cerramiento_Frontal":16,"Carriles_":0.00000000,"Camerino_":1,"Servicio_de_Luz":1,"Servicio_de_Agua":1,"Servicio_de_Gas":2,"Red_Contra_Incendios":2,"Uso_Incluyente":1,"Fecha_Creación":"3/29/2023 10:43:43 PM","Fecha_Actualización":"3/29/2023 10:43:43 PM","Riesgo_1":2,"Riesgo_2":2,"Riesgo_3":2,"Riesgo_4":1,"Estado_Diagnóstico":2,"Número_Contrato_Actualización_Datos":"3056-2022","Número_de_Piso":1,"GLOBALID":"{DFF64B29-25FC-4903-AACA-2F945A153067}","CREATED_USER":"USR_ARCGIS","CREATED_DATE":"8/30/2023 4:24:27 AM","LAST_EDITED_USER":"Administrador_IDRD","LAST_EDITED_DATE":"9/24/2025 10:01:10 PM","Nombre_del_Parque":"Quiroga","ID_LLAVE":"1021","SHAPE.AREA":0.00000010,"SHAPE.LEN":0.00127522}},
{"type":"Feature","geometry":{"type":"MultiPolygon","coordinates":[[[[-74.11862319,4.50840246],[-74.11860472,4.50840150],[-74.11860449,4.50839031],[-74.11853358,4.50839317],[-74.11851264,4.50839983],[-74.11851311,4.50840364],[-74.11846767,4.50840530],[-74.11833899,4.50838127],[-74.11833815,4.50838194],[-74.11833065,4.50840591],[-74.11830306,4.50849407],[-74.11830068,4.50850299],[-74.11830068,4.50852143],[-74.11830692,4.50856188],[-74.11832388,4.50867848],[-74.11833072,4.50871982],[-74.11833458,4.50872934],[-74.11834499,4.50873975],[-74.11835749,4.50874332],[-74.11849222,4.50875759],[-74.11850858,4.50875759],[-74.11852524,4.50875581],[-74.11862309,4.50872309],[-74.11862281,4.50871831],[-74.11864517,4.50871749],[-74.11863776,4.50844808],[-74.11863707,4.50842304],[-74.11863650,4.50840229],[-74.11862319,4.50840246]]]]},"properties":{"GmlID":"ESCENARIOS_DEPORTIVOS.1022","OBJECTID":1022,"Ubicación_Referencia":"05-003","Identificador_Dotación":"15","Tipo":2,"Nombre":1,"Coordenada_X":-74.11847666,"Coordenada_Y":4.50856985,"Descripción_":"No Aplica","Material_Piso":39,"Área__m2_":1389.53621841,"Capacidad_":0.00000000,"Iluminación_":1,"Cubierto_":1,"Cerramiento_":1,"Tipo_cerramiento_lateral":16,"Tipo_Cerramiento_Frontal":16,"Carriles_":0.00000000,"Camerino_":1,"Servicio_de_Luz":1,"Servicio_de_Agua":1,"Servicio_de_Gas":2,"Red_Contra_Incendios":2,"Uso_Incluyente":1,"Fecha_Creación":"3/29/2023 10:43:43 PM","Fecha_Actualización":"3/29/2023 10:43:43 PM","Riesgo_1":2,"Riesgo_2":2,"Riesgo_3":2,"Riesgo_4":2,"Estado_Diagnóstico":1,"Número_Contrato_Actualización_Datos":"3056-2022","Número_de_Piso":1,"GLOBALID":"{C27F4541-F45A-4F35-B6E0-0851A1D0B12B}","CREATED_USER":"USR_ARCGIS","CREATED_DATE":"8/30/2023 4:24:27 AM","LAST_EDITED_USER":"Administrador_IDRD","LAST_EDITED_DATE":"9/24/2025 10:01:10 PM","Nombre_del_Parque":"Valles De Cafam","ID_LLAVE":"1022","SHAPE.AREA":0.00000011,"SHAPE.LEN":0.00131530}},
{"type":"Feature","geometry":{"type":"MultiPolygon","coordinates":[[[[-74.11613011,4.61012593],[-74.11641193,4.61027636],[-74.11643154,4.61024312],[-74.11648246,4.61015793],[-74.11653799,4.61003680],[-74.11654413,4.61001886],[-74.11644991,4.60997127],[-74.11644181,4.60995319],[-74.11638851,4.60992511],[-74.11637138,4.60992987],[-74.11626145,4.60987466],[-74.11613011,4.61012593]]]]},"properties":{"GmlID":"ESCENARIOS_DEPORTIVOS.1023","OBJECTID":1023,"Ubicación_Referencia":"16-204","Identificador_Dotación":"2","Tipo":2,"Nombre":1,"Coordenada_X":-74.11634016,"Coordenada_Y":4.61007401,"Descripción_":"Coliseo","Material_Piso":13,"Área__m2_":1147.67155318,"Capacidad_":0.00000000,"Iluminación_":1,"Cubierto_":1,"Cerramiento_":1,"Tipo_cerramiento_lateral":16,"Tipo_Cerramiento_Frontal":16,"Carriles_":0.00000000,"Camerino_":1,"Servicio_de_Luz":1,"Servicio_de_Agua":1,"Servicio_de_Gas":2,"Red_Contra_Incendios":1,"Uso_Incluyente":2,"Fecha_Creación":"3/29/2023 10:43:43 PM","Fecha_Actualización":"3/29/2023 10:43:43 PM","Riesgo_1":2,"Riesgo_2":2,"Riesgo_3":2,"Riesgo_4":2,"Estado_Diagnóstico":1,"Número_Contrato_Actualización_Datos":"3056-2022","Número_de_Piso":1,"GLOBALID":"{90E15E70-EA23-400D-8D6F-3258919FFE72}","CREATED_USER":"USR_ARCGIS","CREATED_DATE":"8/30/2023 4:24:27 AM","LAST_EDITED_USER":"Administrador_IDRD","LAST_EDITED_DATE":"9/24/2025 10:01:10 PM","Nombre_del_Parque":"El Jazmin","ID_LLAVE":"1023","SHAPE.AREA":0.00000009,"SHAPE.LEN":0.00121946}},
{"type":"Feature","geometry":{"type":"MultiPolygon","coordinates":[[[[-74.13554457,4.55755281],[-74.13557169,4.55755732],[-74.13565302,4.55757084],[-74.13566666,4.55757311],[-74.13566902,4.55755973],[-74.13567938,4.55750099],[-74.13567999,4.55749751],[-74.13568789,4.55745274],[-74.13570087,4.55746559],[-74.13575919,4.55740306],[-74.13576067,4.55740147],[-74.13584726,4.55730862],[-74.13584130,4.55730257],[-74.13575498,4.55721819],[-74.13572629,4.55718876],[-74.13571221,4.55720376],[-74.13567495,4.55724343],[-74.13561590,4.55730629],[-74.13561260,4.55730980],[-74.13558070,4.55734377],[-74.13557927,4.55734530],[-74.13558483,4.55735080],[-74.13561681,4.55738243],[-74.13559464,4.55738074],[-74.13558749,4.55743673],[-74.13556166,4.55743324],[-74.13554457,4.55755281]]]]},"properties":{"GmlID":"ESCENARIOS_DEPORTIVOS.1024","OBJECTID":1024,"Ubicación_Referencia":"19-230","Identificador_Dotación":"2","Tipo":5,"Nombre":2,"Coordenada_X":-74.13571328,"Coordenada_Y":4.55732725,"Descripción_":"Edificio Piscinas","Material_Piso":13,"Área__m2_":448.84637218,"Capacidad_":0.00000000,"Iluminación_":1,"Cubierto_":1,"Cerramiento_":1,"Tipo_cerramiento_lateral":16,"Tipo_Cerramiento_Frontal":16,"Carriles_":0.00000000,"Camerino_":1,"Servicio_de_Luz":1,"Servicio_de_Agua":1,"Servicio_de_Gas":2,"Red_Contra_Incendios":2,"Uso_Incluyente":2,"Fecha_Creación":"3/29/2023 10:44:09 PM","Fecha_Actualización":"3/29/2023 10:44:10 PM","Riesgo_1":2,"Riesgo_2":2,"Riesgo_3":2,"Riesgo_4":2,"Estado_Diagnóstico":1,"Número_Contrato_Actualización_Datos":"3056","Número_de_Piso":1,"GLOBALID":"{C8579248-C669-48CB-9711-A685B2A2C100}","CREATED_USER":"USR_ARCGIS","CREATED_DATE":"8/30/2023 4:24:27 AM","LAST_EDITED_USER":"Administrador_IDRD","LAST_EDITED_DATE":"9/24/2025 10:01:10 PM","Nombre_del_Parque":"Meissen","ID_LLAVE":"1024","SHAPE.AREA":0.00000006,"SHAPE.LEN":0.00114229}},
{"type":"Feature","geometry":{"type":"MultiPolygon","coordinates":[[[[-74.11269314,4.65339788],[-74.11268672,4.65335290],[-74.11265709,4.65333185],[-74.11261962,4.65333006],[-74.11257964,4.65329508],[-74.11257179,4.65329366],[-74.11252860,4.65325796],[-74.11230588,4.65327688],[-74.11226662,4.65332685],[-74.11227483,4.65341822],[-74.11232266,4.65345998],[-74.11249072,4.65344401],[-74.11259279,4.65343431],[-74.11266816,4.65342714],[-74.11269314,4.65339788]]]]},"properties":{"GmlID":"ESCENARIOS_DEPORTIVOS.1025","OBJECTID":1025,"Ubicación_Referencia":"09-111","Identificador_Dotación":"1","Tipo":5,"Nombre":2,"Coordenada_X":-74.11246141,"Coordenada_Y":4.65336223,"Descripción_":"Centro acuatico","Material_Piso":13,"Área__m2_":791.73826757,"Capacidad_":0.00000000,"Iluminación_":1,"Cubierto_":1,"Cerramiento_":1,"Tipo_cerramiento_lateral":16,"Tipo_Cerramiento_Frontal":16,"Carriles_":0.00000000,"Camerino_":1,"Servicio_de_Luz":1,"Servicio_de_Agua":1,"Servicio_de_Gas":2,"Red_Contra_Incendios":2,"Uso_Incluyente":2,"Fecha_Creación":"3/29/2023 10:44:09 PM","Fecha_Actualización":"3/29/2023 10:44:10 PM","Riesgo_1":2,"Riesgo_2":2,"Riesgo_3":2,"Riesgo_4":2,"Estado_Diagnóstico":1,"Número_Contrato_Actualización_Datos":"3056","Número_de_Piso":1,"GLOBALID":"{3960C707-034A-454B-A87F-9B55EC193E6C}","CREATED_USER":"USR_ARCGIS","CREATED_DATE":"8/30/2023 4:24:27 AM","LAST_EDITED_USER":"Administrador_IDRD","LAST_EDITED_DATE":"9/24/2025 10:01:10 PM","Nombre_del_Parque":"Sauzalito","ID_LLAVE":"1025","SHAPE.AREA":0.00000006,"SHAPE.LEN":0.00106425}},
{"type":"Feature","geometry":{"type":"MultiPolygon","coordinates":[[[[-74.16416108,4.64140058],[-74.16415879,4.64142037],[-74.16420809,4.64142432],[-74.16421114,4.64140124],[-74.16421273,4.64138922],[-74.16424781,4.64139271],[-74.16425171,4.64135414],[-74.16430074,4.64135858],[-74.16429566,4.64135100],[-74.16429815,4.64133922],[-74.16427210,4.64130424],[-74.16435836,4.64123857],[-74.16436007,4.64123727],[-74.16436579,4.64123291],[-74.16434705,4.64120706],[-74.16433075,4.64118460],[-74.16432938,4.64118272],[-74.16432828,4.64118120],[-74.16425166,4.64108340],[-74.16424925,4.64108495],[-74.16420772,4.64103058],[-74.16413244,4.64108459],[-74.16409998,4.64111086],[-74.16414205,4.64116496],[-74.16408799,4.64120703],[-74.16401356,4.64126604],[-74.16404763,4.64131039],[-74.16409656,4.64137454],[-74.16412587,4.64141623],[-74.16412855,4.64141648],[-74.16416241,4.64138915],[-74.16416108,4.64140058]]]]},"properties":{"GmlID":"ESCENARIOS_DEPORTIVOS.1026","OBJECTID":1026,"Ubicación_Referencia":"08-034","Identificador_Dotación":"4","Tipo":5,"Nombre":2,"Coordenada_X":-74.16419094,"Coordenada_Y":4.64124031,"Descripción_":"No Aplica","Material_Piso":13,"Área__m2_":892.96809681,"Capacidad_":0.00000000,"Iluminación_":1,"Cubierto_":1,"Cerramiento_":1,"Tipo_cerramiento_lateral":16,"Tipo_Cerramiento_Frontal":16,"Carriles_":0.00000000,"Camerino_":1,"Servicio_de_Luz":1,"Servicio_de_Agua":1,"Servicio_de_Gas":2,"Red_Contra_Incendios":2,"Uso_Incluyente":1,"Fecha_Creación":"3/29/2023 10:44:09 PM","Fecha_Actualización":"3/29/2023 10:44:10 PM","Riesgo_1":2,"Riesgo_2":2,"Riesgo_3":2,"Riesgo_4":2,"Estado_Diagnóstico":1,"Número_Contrato_Actualización_Datos":"3056","Número_de_Piso":1,"GLOBALID":"{2CFCDE44-48AA-4AB9-9084-8684E060305B}","CREATED_USER":"USR_ARCGIS","CREATED_DATE":"8/30/2023 4:24:27 AM","LAST_EDITED_USER":"Administrador_IDRD","LAST_EDITED_DATE":"9/24/2025 10:01:10 PM","Nombre_del_Parque":"Patio Bonito","ID_LLAVE":"1026","SHAPE.AREA":0.00000007,"SHAPE.LEN":0.00128169}},
{"type":"Feature","geometry":{"type":"MultiPolygon","coordinates":[[[[-74.14710227,4.56843815],[-74.14707379,4.56842028],[-74.14709044,4.56839351],[-74.14702028,4.56834491],[-74.14685428,4.56822992],[-74.14668415,4.56847917],[-74.14680253,4.56856305],[-74.14678528,4.56858863],[-74.14685963,4.56864038],[-74.14687867,4.56861242],[-74.14689902,4.56862641],[-74.14691674,4.56863860],[-74.14694268,4.56863360],[-74.14695214,4.56861926],[-74.14694470,4.56861331],[-74.14696641,4.56858060],[-74.14698128,4.56859130],[-74.14700865,4.56855323],[-74.14705724,4.56858612],[-74.14713050,4.56863570],[-74.14719916,4.56853652],[-74.14721616,4.56851197],[-74.14721417,4.56850832],[-74.14710227,4.56843815]]]]},"properties":{"GmlID":"ESCENARIOS_DEPORTIVOS.1027","OBJECTID":1027,"Ubicación_Referencia":"19-189","Identificador_Dotación":"5","Tipo":5,"Nombre":2,"Coordenada_X":-74.14693396,"Coordenada_Y":4.56846202,"Descripción_":"No Aplica","Material_Piso":13,"Área__m2_":1431.90000000,"Capacidad_":100.00000000,"Iluminación_":1,"Cubierto_":1,"Cerramiento_":1,"Tipo_cerramiento_lateral":16,"Tipo_Cerramiento_Frontal":16,"Carriles_":5.00000000,"Camerino_":1,"Servicio_de_Luz":1,"Servicio_de_Agua":1,"Servicio_de_Gas":2,"Red_Contra_Incendios":2,"Uso_Incluyente":1,"Fecha_Creación":"3/29/2023 10:44:09 PM","Fecha_Actualización":"3/29/2023 10:44:10 PM","Riesgo_1":2,"Riesgo_2":2,"Riesgo_3":2,"Riesgo_4":1,"Estado_Diagnóstico":2,"Número_Contrato_Actualización_Datos":"3056","Número_de_Piso":1,"GLOBALID":"{CE38B215-73B9-4807-B748-B49A9468AEA6}","CREATED_USER":"USR_ARCGIS","CREATED_DATE":"8/30/2023 4:24:27 AM","LAST_EDITED_USER":"Administrador_IDRD","LAST_EDITED_DATE":"9/24/2025 10:01:10 PM","Nombre_del_Parque":"Candelaria La Nueva","ID_LLAVE":"1027","SHAPE.AREA":0.00000012,"SHAPE.LEN":0.00159222}},
{"type":"Feature","geometry":{"type":"MultiPolygon","coordinates":[[[[-74.08939777,4.66328948],[-74.08950009,4.66359862],[-74.08969620,4.66353541],[-74.08976121,4.66351446],[-74.08977772,4.66350914],[-74.08965150,4.66312712],[-74.08964809,4.66311678],[-74.08962955,4.66312228],[-74.08961058,4.66312792],[-74.08958798,4.66313462],[-74.08944445,4.66317722],[-74.08941283,4.66318661],[-74.08939684,4.66319135],[-74.08939225,4.66327281],[-74.08939777,4.66328948]]]]},"properties":{"GmlID":"ESCENARIOS_DEPORTIVOS.2033","OBJECTID":2033,"Ubicación_Referencia":"12-091","Identificador_Dotación":"112","Tipo":5,"Nombre":3,"Coordenada_X":-74.08957491,"Coordenada_Y":4.66335748,"Descripción_":"Cancha hockey cubierta","Material_Piso":41,"Área__m2_":1478.60623374,"Capacidad_":0.00000000,"Iluminación_":1,"Cubierto_":1,"Cerramiento_":1,"Tipo_cerramiento_lateral":16,"Tipo_Cerramiento_Frontal":2,"Carriles_":0.00000000,"Camerino_":2,"Servicio_de_Luz":1,"Servicio_de_Agua":2,"Servicio_de_Gas":2,"Red_Contra_Incendios":2,"Uso_Incluyente":2,"Fecha_Creación":"5/24/2023 7:18:17 PM","Fecha_Actualización":"5/24/2023 7:18:17 PM","Riesgo_1":2,"Riesgo_2":2,"Riesgo_3":2,"Riesgo_4":2,"Estado_Diagnóstico":1,"Número_Contrato_Actualización_Datos":"3056-2022","Número_de_Piso":1,"GLOBALID":"{E74EAD73-32C7-4622-8FEF-EFAB365EF3FF}","CREATED_USER":"Administrador_IDRD","CREATED_DATE":"10/4/2023 3:31:00 AM","LAST_EDITED_USER":"Administrador_IDRD","LAST_EDITED_DATE":"9/24/2025 10:01:10 PM","Nombre_del_Parque":"Simon Bolivar ( Sector Parque Deportivo El Salitre )","ID_LLAVE":"749","SHAPE.AREA":0.00000012,"SHAPE.LEN":0.00139176}},
{"type":"Feature","geometry":{"type":"MultiPolygon","coordinates":[[[[-74.03764779,4.70755801],[-74.03760635,4.70755189],[-74.03760007,4.70755321],[-74.03759511,4.70759254],[-74.03757925,4.70772805],[-74.03752273,4.70771780],[-74.03750786,4.70786223],[-74.03755082,4.70787082],[-74.03754522,4.70789550],[-74.03820256,4.70798579],[-74.03821507,4.70792138],[-74.03823272,4.70783055],[-74.03824920,4.70764672],[-74.03823849,4.70764486],[-74.03823909,4.70763951],[-74.03803743,4.70761096],[-74.03766817,4.70756078],[-74.03764779,4.70755801]]]]},"properties":{"GmlID":"ESCENARIOS_DEPORTIVOS.2353","OBJECTID":2353,"Ubicación_Referencia":"01-1000","Identificador_Dotación":"3000","Tipo":5,"Nombre":3,"Coordenada_X":-74.03789210,"Coordenada_Y":4.70776987,"Descripción_":"Picadero Principal de caballos","Material_Piso":7,"Área__m2_":2912.89345305,"Capacidad_":0.00000000,"Iluminación_":1,"Cubierto_":1,"Cerramiento_":1,"Tipo_cerramiento_lateral":16,"Tipo_Cerramiento_Frontal":16,"Carriles_":0.00000000,"Camerino_":2,"Servicio_de_Luz":1,"Servicio_de_Agua":2,"Servicio_de_Gas":2,"Red_Contra_Incendios":2,"Uso_Incluyente":2,"Fecha_Creación":"3/24/2023 10:09:58 AM","Fecha_Actualización":"4/17/2023 2:05:34 PM","Riesgo_1":2,"Riesgo_2":2,"Riesgo_3":2,"Riesgo_4":1,"Estado_Diagnóstico":2,"Número_Contrato_Actualización_Datos":"3056-2022","Número_de_Piso":1,"GLOBALID":"{212F82E6-B375-408D-8413-8197A54D6FDE}","CREATED_USER":"Administrador_IDRD","CREATED_DATE":"10/10/2023 3:43:36 AM","LAST_EDITED_USER":"Administrador_IDRD","LAST_EDITED_DATE":"9/24/2025 10:01:10 PM","Nombre_del_Parque":"El Country","ID_LLAVE":"3000","SHAPE.AREA":0.00000024,"SHAPE.LEN":0.00211550}},
{"type":"Feature","geometry":{"type":"MultiPolygon","coordinates":[[[[-74.07708357,4.64864233],[-74.07702914,4.64866304],[-74.07697669,4.64868839],[-74.07692661,4.64871818],[-74.07687334,4.64875695],[-74.07682421,4.64880087],[-74.07677970,4.64884950],[-74.07674026,4.64890235],[-74.07670628,4.64895889],[-74.07667810,4.64901856],[-74.07665602,4.64908075],[-74.07664024,4.64914485],[-74.07663092,4.64921021],[-74.07662817,4.64927618],[-74.07663200,4.64934210],[-74.07664239,4.64940729],[-74.07665921,4.64947112],[-74.07668232,4.64953295],[-74.07671146,4.64959214],[-74.07674636,4.64964812],[-74.07677765,4.64968864],[-74.07678360,4.64968500],[-74.07679036,4.64969220],[-74.07683301,4.64973765],[-74.07684820,4.64975383],[-74.07686140,4.64976790],[-74.07692850,4.64980800],[-74.07699550,4.64984810],[-74.07699903,4.64984990],[-74.07706128,4.64972851],[-74.07706297,4.64972522],[-74.07710103,4.64974286],[-74.07714438,4.64975816],[-74.07718897,4.64976929],[-74.07718905,4.64976931],[-74.07718788,4.64977478],[-74.07723227,4.64978186],[-74.07727711,4.64978505],[-74.07732206,4.64978433],[-74.07732172,4.64977839],[-74.07736549,4.64977368],[-74.07740873,4.64976545],[-74.07745116,4.64975374],[-74.07749366,4.64973797],[-74.07753451,4.64971830],[-74.07757336,4.64969490],[-74.07760991,4.64966837],[-74.07764407,4.64963882],[-74.07767561,4.64960646],[-74.07769833,4.64957787],[-74.07770900,4.64956425],[-74.07773671,4.64952080],[-74.07774925,4.64949571],[-74.07776027,4.64947366],[-74.07777883,4.64942432],[-74.07779180,4.64937475],[-74.07779494,4.64937523],[-74.07779516,4.64937391],[-74.07779770,4.64937442],[-74.07780358,4.64934180],[-74.07780387,4.64933932],[-74.07780554,4.64932476],[-74.07780738,4.64930887],[-74.07780855,4.64927337],[-74.07780731,4.64923788],[-74.07780496,4.64923800],[-74.07780496,4.64923772],[-74.07780151,4.64923802],[-74.07779668,4.64919405],[-74.07778800,4.64915049],[-74.07777556,4.64910786],[-74.07776608,4.64908340],[-74.07775951,4.64906644],[-74.07775265,4.64905246],[-74.07773995,4.64902657],[-74.07773812,4.64902355],[-74.07773333,4.64901559],[-74.07771701,4.64898855],[-74.07769112,4.64895370],[-74.07767645,4.64893691],[-74.07766256,4.64892103],[-74.07763153,4.64889072],[-74.07761499,4.64887714],[-74.07759999,4.64886481],[-74.07759647,4.64886192],[-74.07755890,4.64883650],[-74.07751915,4.64881469],[-74.07747964,4.64879709],[-74.07743874,4.64878303],[-74.07739677,4.64877262],[-74.07739786,4.64876768],[-74.07739813,4.64876647],[-74.07735561,4.64875944],[-74.07735344,4.64875908],[-74.07730826,4.64875564],[-74.07726297,4.64875618],[-74.07726333,4.64876275],[-74.07726290,4.64876279],[-74.07726253,4.64876283],[-74.07723555,4.64876554],[-74.07721775,4.64876734],[-74.07721749,4.64876739],[-74.07721722,4.64876741],[-74.07719525,4.64877170],[-74.07719371,4.64876480],[-74.07716795,4.64877080],[-74.07716272,4.64877201],[-74.07715990,4.64877267],[-74.07713527,4.64877998],[-74.07713438,4.64878024],[-74.07713024,4.64878147],[-74.07713020,4.64878138],[-74.07712946,4.64877919],[-74.07708357,4.64864233]]]]},"properties":{"GmlID":"ESCENARIOS_DEPORTIVOS.4593","OBJECTID":4593,"Ubicación_Referencia":"13-128","Identificador_Dotación":"1","Tipo":5,"Nombre":3,"Coordenada_X":-74.07728687,"Coordenada_Y":4.64926144,"Descripción_":"Movistar arena ","Material_Piso":19,"Área__m2_":9945.35000454,"Capacidad_":0.00000000,"Iluminación_":1,"Cubierto_":2,"Cerramiento_":3,"Tipo_cerramiento_lateral":0,"Tipo_Cerramiento_Frontal":0,"Carriles_":0.00000000,"Camerino_":1,"Servicio_de_Luz":1,"Servicio_de_Agua":1,"Servicio_de_Gas":1,"Red_Contra_Incendios":1,"Uso_Incluyente":1,"Fecha_Creación":"11/7/2024 8:37:01 PM","Fecha_Actualización":null,"Riesgo_1":2,"Riesgo_2":2,"Riesgo_3":2,"Riesgo_4":2,"Estado_Diagnóstico":1,"Número_Contrato_Actualización_Datos":"CTO_3276_2023","Número_de_Piso":1,"GLOBALID":"{F30A63AB-601B-43CA-8B30-93A88E3251EA}","CREATED_USER":"Administrador_IDRD","CREATED_DATE":"11/13/2024 10:02:54 AM","LAST_EDITED_USER":"Administrador_IDRD","LAST_EDITED_DATE":"9/24/2025 10:01:10 PM","Nombre_del_Parque":"Movistar Arena","ID_LLAVE":"1","SHAPE.AREA":0.00000103,"SHAPE.LEN":0.00389840}},
{"type":"Feature","geometry":{"type":"MultiPolygon","coordinates":[[[[-74.08575363,4.71467112],[-74.08622191,4.71528788],[-74.08657740,4.71499663],[-74.08610912,4.71437274],[-74.08575363,4.71467112]]]]},"properties":{"GmlID":"ESCENARIOS_DEPORTIVOS.5233","OBJECTID":5233,"Ubicación_Referencia":"11-204","Identificador_Dotación":"339","Tipo":5,"Nombre":1,"Coordenada_X":-74.08622652,"Coordenada_Y":4.71472438,"Descripción_":"CEFE Las Cometas - Piscinas Cafeteria","Material_Piso":31,"Área__m2_":5156.45056107,"Capacidad_":0.00000000,"Iluminación_":1,"Cubierto_":1,"Cerramiento_":1,"Tipo_cerramiento_lateral":16,"Tipo_Cerramiento_Frontal":16,"Carriles_":1.00000000,"Camerino_":1,"Servicio_de_Luz":1,"Servicio_de_Agua":1,"Servicio_de_Gas":1,"Red_Contra_Incendios":1,"Uso_Incluyente":1,"Fecha_Creación":"2/22/2023","Fecha_Actualización":"2/22/2023","Riesgo_1":2,"Riesgo_2":2,"Riesgo_3":2,"Riesgo_4":1,"Estado_Diagnóstico":2,"Número_Contrato_Actualización_Datos":"CTO_3276_2023","Número_de_Piso":1,"GLOBALID":"{71CB9E56-6AD3-48A9-A9DE-8888E46FB4B1}","CREATED_USER":"Administrador_IDRD","CREATED_DATE":"10/6/2025 2:00:23 PM","LAST_EDITED_USER":"Administrador_IDRD","LAST_EDITED_DATE":"10/6/2025 2:00:23 PM","Nombre_del_Parque":"PARQUE DEL INDIO O DE LAS COMETAS","ID_LLAVE":"999","SHAPE.AREA":0.00000036,"SHAPE.LEN":0.00247815}},
{"type":"Feature","geometry":{"type":"MultiPolygon","coordinates":[[[[-74.08650341,4.71416262],[-74.08641715,4.71427267],[-74.08645344,4.71430777],[-74.08644809,4.71431967],[-74.08654445,4.71440354],[-74.08667176,4.71425423],[-74.08666700,4.71424888],[-74.08667176,4.71424412],[-74.08657360,4.71415667],[-74.08653397,4.71412501],[-74.08650341,4.71416262]]]]},"properties":{"GmlID":"ESCENARIOS_DEPORTIVOS.5234","OBJECTID":5234,"Ubicación_Referencia":"11-204","Identificador_Dotación":"339","Tipo":5,"Nombre":1,"Coordenada_X":-74.08622652,"Coordenada_Y":4.71472438,"Descripción_":"CEFE Las Cometas - Piscinas Cafeteria","Material_Piso":31,"Área__m2_":5156.45056107,"Capacidad_":0.00000000,"Iluminación_":1,"Cubierto_":1,"Cerramiento_":1,"Tipo_cerramiento_lateral":16,"Tipo_Cerramiento_Frontal":16,"Carriles_":1.00000000,"Camerino_":1,"Servicio_de_Luz":1,"Servicio_de_Agua":1,"Servicio_de_Gas":1,"Red_Contra_Incendios":1,"Uso_Incluyente":1,"Fecha_Creación":"2/22/2023","Fecha_Actualización":"2/22/2023","Riesgo_1":2,"Riesgo_2":2,"Riesgo_3":2,"Riesgo_4":1,"Estado_Diagnóstico":2,"Número_Contrato_Actualización_Datos":"CTO_3276_2023","Número_de_Piso":1,"GLOBALID":"{6B7EC215-D343-4956-B8A7-BD924A7108A1}","CREATED_USER":"Administrador_IDRD","CREATED_DATE":"10/6/2025 2:00:23 PM","LAST_EDITED_USER":"Administrador_IDRD","LAST_EDITED_DATE":"10/6/2025 2:00:23 PM","Nombre_del_Parque":"PARQUE DEL INDIO O DE LAS COMETAS","ID_LLAVE":"1000","SHAPE.AREA":0.00000004,"SHAPE.LEN":0.00077187}},
{"type":"Feature","geometry":{"type":"MultiPolygon","coordinates":[[[[-74.07819743,4.64661184],[-74.07830391,4.64624617],[-74.07834355,4.64591999],[-74.07835146,4.64564229],[-74.07835084,4.64559751],[-74.07834385,4.64542840],[-74.07833377,4.64542889],[-74.07833177,4.64540096],[-74.07826249,4.64540224],[-74.07824873,4.64534886],[-74.07821379,4.64526654],[-74.07819380,4.64522382],[-74.07812880,4.64512529],[-74.07805555,4.64504496],[-74.07799365,4.64499721],[-74.07791832,4.64494870],[-74.07784331,4.64491054],[-74.07778489,4.64489311],[-74.07772399,4.64487468],[-74.07760874,4.64486104],[-74.07748534,4.64486753],[-74.07737107,4.64488932],[-74.07726449,4.64493502],[-74.07719971,4.64497548],[-74.07715601,4.64500514],[-74.07706831,4.64508457],[-74.07699344,4.64518102],[-74.07693577,4.64528949],[-74.07690363,4.64540140],[-74.07688644,4.64546945],[-74.07684730,4.64563407],[-74.07682277,4.64577367],[-74.07680218,4.64597210],[-74.07679624,4.64609557],[-74.07679801,4.64626183],[-74.07681231,4.64643247],[-74.07684930,4.64656251],[-74.07689175,4.64665448],[-74.07694935,4.64672821],[-74.07702855,4.64681154],[-74.07709161,4.64686319],[-74.07712706,4.64688770],[-74.07723314,4.64694253],[-74.07734954,4.64698177],[-74.07747071,4.64699699],[-74.07759040,4.64698797],[-74.07770689,4.64695898],[-74.07781811,4.64691216],[-74.07791954,4.64684582],[-74.07800693,4.64676457],[-74.07808285,4.64666541],[-74.07808808,4.64665604],[-74.07812420,4.64658507],[-74.07819743,4.64661184]]]]},"properties":{"GmlID":"ESCENARIOS_DEPORTIVOS.5553","OBJECTID":5553,"Ubicación_Referencia":"13-122","Identificador_Dotación":null,"Tipo":1,"Nombre":3,"Coordenada_X":-74.07756198,"Coordenada_Y":4.64592887,"Descripción_":"Nemecio Camacho El Campin","Material_Piso":39,"Área__m2_":32888.57670166,"Capacidad_":null,"Iluminación_":1,"Cubierto_":2,"Cerramiento_":1,"Tipo_cerramiento_lateral":16,"Tipo_Cerramiento_Frontal":16,"Carriles_":null,"Camerino_":1,"Servicio_de_Luz":1,"Servicio_de_Agua":1,"Servicio_de_Gas":1,"Red_Contra_Incendios":1,"Uso_Incluyente":1,"Fecha_Creación":"3/20/2026","Fecha_Actualización":null,"Riesgo_1":2,"Riesgo_2":2,"Riesgo_3":2,"Riesgo_4":2,"Estado_Diagnóstico":1,"Número_Contrato_Actualización_Datos":null,"Número_de_Piso":null,"GLOBALID":"{52FC1AD7-E3D3-46E4-BFA3-31C2E32BEEDB}","CREATED_USER":"Administrador_IDRD","CREATED_DATE":"3/20/2026 3:37:07 PM","LAST_EDITED_USER":"Administrador_IDRD","LAST_EDITED_DATE":"3/20/2026 3:47:55 PM","Nombre_del_Parque":"Unidad Deportiva El Campin (Estadio Nemecio Camacho El Campin)","ID_LLAVE":null,"SHAPE.AREA":0.00000268,"SHAPE.LEN":0.00605473}},
{"type":"Feature","geometry":{"type":"MultiPolygon","coordinates":[[[[-74.07609874,4.64900772],[-74.07613296,4.64901365],[-74.07616687,4.64901293],[-74.07620042,4.64901222],[-74.07622159,4.64900872],[-74.07623932,4.64900579],[-74.07627395,4.64899509],[-74.07630785,4.64898331],[-74.07634105,4.64896867],[-74.07636746,4.64895333],[-74.07640065,4.64892620],[-74.07642742,4.64890300],[-74.07645098,4.64887623],[-74.07646989,4.64884661],[-74.07649595,4.64880164],[-74.07650915,4.64876594],[-74.07654306,4.64860497],[-74.07657430,4.64845374],[-74.07658391,4.64840726],[-74.07659531,4.64835205],[-74.07660040,4.64832742],[-74.07660802,4.64829053],[-74.07662769,4.64819543],[-74.07663741,4.64814843],[-74.07665763,4.64805068],[-74.07669190,4.64789006],[-74.07669582,4.64785580],[-74.07669618,4.64782154],[-74.07668940,4.64778299],[-74.07667655,4.64774480],[-74.07666085,4.64770625],[-74.07664514,4.64767163],[-74.07662908,4.64764058],[-74.07660838,4.64761060],[-74.07658518,4.64758240],[-74.07656091,4.64755813],[-74.07653807,4.64754028],[-74.07651558,4.64752565],[-74.07649881,4.64751708],[-74.07646847,4.64750174],[-74.07645919,4.64749139],[-74.07644919,4.64747497],[-74.07644527,4.64745819],[-74.07644753,4.64743844],[-74.07644777,4.64743642],[-74.07644595,4.64743585],[-74.07644506,4.64743557],[-74.07640414,4.64742264],[-74.07640381,4.64742254],[-74.07640136,4.64742177],[-74.07640107,4.64742167],[-74.07637793,4.64746337],[-74.07636573,4.64747705],[-74.07634908,4.64748538],[-74.07633063,4.64748657],[-74.07629792,4.64748924],[-74.07626520,4.64749698],[-74.07624081,4.64750412],[-74.07620334,4.64752018],[-74.07616883,4.64753743],[-74.07614504,4.64755051],[-74.07612005,4.64756925],[-74.07608972,4.64759305],[-74.07607514,4.64760852],[-74.07604986,4.64763796],[-74.07603261,4.64766384],[-74.07601982,4.64768495],[-74.07600941,4.64771232],[-74.07598680,4.64782029],[-74.07594903,4.64799726],[-74.07591096,4.64817631],[-74.07586777,4.64839082],[-74.07583636,4.64853930],[-74.07581566,4.64863888],[-74.07581423,4.64867671],[-74.07581959,4.64871954],[-74.07583030,4.64876237],[-74.07584422,4.64880342],[-74.07585992,4.64883447],[-74.07588705,4.64887516],[-74.07591524,4.64890407],[-74.07594915,4.64893512],[-74.07597628,4.64895333],[-74.07602125,4.64898081],[-74.07605765,4.64899616],[-74.07609584,4.64900722],[-74.07609874,4.64900772]]]]},"properties":{"GmlID":"ESCENARIOS_DEPORTIVOS.5554","OBJECTID":5554,"Ubicación_Referencia":"13-123","Identificador_Dotación":null,"Tipo":1,"Nombre":3,"Coordenada_X":-74.07625672,"Coordenada_Y":4.64824683,"Descripción_":null,"Material_Piso":25,"Área__m2_":12119.94655759,"Capacidad_":null,"Iluminación_":1,"Cubierto_":2,"Cerramiento_":1,"Tipo_cerramiento_lateral":12,"Tipo_Cerramiento_Frontal":12,"Carriles_":null,"Camerino_":2,"Servicio_de_Luz":1,"Servicio_de_Agua":1,"Servicio_de_Gas":1,"Red_Contra_Incendios":1,"Uso_Incluyente":1,"Fecha_Creación":"3/20/2026","Fecha_Actualización":null,"Riesgo_1":2,"Riesgo_2":2,"Riesgo_3":2,"Riesgo_4":2,"Estado_Diagnóstico":1,"Número_Contrato_Actualización_Datos":null,"Número_de_Piso":null,"GLOBALID":"{A6F6A375-118C-4C4C-888F-031322087DEB}","CREATED_USER":"Administrador_IDRD","CREATED_DATE":"3/20/2026 4:11:09 PM","LAST_EDITED_USER":"Administrador_IDRD","LAST_EDITED_DATE":"3/20/2026 4:15:17 PM","Nombre_del_Parque":null,"ID_LLAVE":null,"SHAPE.AREA":0.00000099,"SHAPE.LEN":0.00398357}},
{"type":"Feature","geometry":{"type":"MultiPolygon","coordinates":[[[[-74.10554700,4.58422682],[-74.10544555,4.58406106],[-74.10531784,4.58414167],[-74.10542019,4.58430471],[-74.10554700,4.58422682]]]]},"properties":{"GmlID":"ESCENARIOS_DEPORTIVOS.5555","OBJECTID":5555,"Ubicación_Referencia":"18-452","Identificador_Dotación":null,"Tipo":5,"Nombre":3,"Coordenada_X":-74.10543262,"Coordenada_Y":4.58418330,"Descripción_":"Ginasio de combate","Material_Piso":null,"Área__m2_":356.09780061,"Capacidad_":null,"Iluminación_":1,"Cubierto_":1,"Cerramiento_":1,"Tipo_cerramiento_lateral":16,"Tipo_Cerramiento_Frontal":16,"Carriles_":null,"Camerino_":null,"Servicio_de_Luz":1,"Servicio_de_Agua":1,"Servicio_de_Gas":1,"Red_Contra_Incendios":1,"Uso_Incluyente":1,"Fecha_Creación":"3/20/2026","Fecha_Actualización":null,"Riesgo_1":2,"Riesgo_2":2,"Riesgo_3":2,"Riesgo_4":2,"Estado_Diagnóstico":1,"Número_Contrato_Actualización_Datos":null,"Número_de_Piso":null,"GLOBALID":"{50702BF4-1AC0-4504-9FF9-80C2636E8B26}","CREATED_USER":"Administrador_IDRD","CREATED_DATE":"3/20/2026 7:29:50 PM","LAST_EDITED_USER":"Administrador_IDRD","LAST_EDITED_DATE":"3/20/2026 7:33:14 PM","Nombre_del_Parque":null,"ID_LLAVE":null,"SHAPE.AREA":0.00000003,"SHAPE.LEN":0.00068668}},
{"type":"Feature","geometry":{"type":"MultiPolygon","coordinates":[[[[-74.13595655,4.62440470],[-74.13600561,4.62430936],[-74.13610274,4.62427507],[-74.13611074,4.62428041],[-74.13616311,4.62426250],[-74.13616258,4.62416096],[-74.13615744,4.62415753],[-74.13623662,4.62403415],[-74.13624910,4.62404211],[-74.13625665,4.62403125],[-74.13634528,4.62408937],[-74.13637580,4.62410390],[-74.13640341,4.62410899],[-74.13641721,4.62411262],[-74.13644555,4.62410753],[-74.13647615,4.62409259],[-74.13649999,4.62407216],[-74.13664171,4.62386996],[-74.13664990,4.62376382],[-74.13668638,4.62337140],[-74.13670724,4.62313654],[-74.13665619,4.62312624],[-74.13660499,4.62311845],[-74.13654468,4.62310892],[-74.13615351,4.62305624],[-74.13615674,4.62304970],[-74.13609272,4.62304448],[-74.13611924,4.62283991],[-74.13592509,4.62281087],[-74.13592130,4.62282886],[-74.13585848,4.62281908],[-74.13584143,4.62292073],[-74.13518530,4.62269647],[-74.13516557,4.62270288],[-74.13514140,4.62270387],[-74.13511575,4.62269696],[-74.13484100,4.62265701],[-74.13448584,4.62388265],[-74.13467968,4.62393884],[-74.13469420,4.62394389],[-74.13540225,4.62418679],[-74.13539579,4.62421112],[-74.13543720,4.62421981],[-74.13543249,4.62424177],[-74.13547791,4.62424947],[-74.13547726,4.62425148],[-74.13574301,4.62435862],[-74.13595655,4.62440470]]]]},"properties":{"GmlID":"ESCENARIOS_DEPORTIVOS.5556","OBJECTID":5556,"Ubicación_Referencia":"08-554","Identificador_Dotación":null,"Tipo":1,"Nombre":3,"Coordenada_X":-74.13560524,"Coordenada_Y":4.62351833,"Descripción_":"Estadio Techo","Material_Piso":39,"Área__m2_":32099.22744663,"Capacidad_":null,"Iluminación_":1,"Cubierto_":2,"Cerramiento_":1,"Tipo_cerramiento_lateral":12,"Tipo_Cerramiento_Frontal":12,"Carriles_":null,"Camerino_":1,"Servicio_de_Luz":1,"Servicio_de_Agua":1,"Servicio_de_Gas":1,"Red_Contra_Incendios":1,"Uso_Incluyente":1,"Fecha_Creación":"3/20/2026","Fecha_Actualización":null,"Riesgo_1":2,"Riesgo_2":2,"Riesgo_3":2,"Riesgo_4":2,"Estado_Diagnóstico":1,"Número_Contrato_Actualización_Datos":null,"Número_de_Piso":null,"GLOBALID":"{AE41A879-6CBE-49C9-AB48-03987EBD86F4}","CREATED_USER":"Administrador_IDRD","CREATED_DATE":"3/20/2026 7:58:17 PM","LAST_EDITED_USER":"Administrador_IDRD","LAST_EDITED_DATE":"3/20/2026 8:12:22 PM","Nombre_del_Parque":"Cancha Techo","ID_LLAVE":null,"SHAPE.AREA":0.00000261,"SHAPE.LEN":0.00696343}}
]}