{
"type": "FeatureCollection",
"name": "EATu",
"crs": { "type": "name", "properties": { "name": "urn:ogc:def:crs:EPSG::3857" } },
"features": [
{ "type": "Feature", "properties": { "REGNTURISM": 396, "NOMESTABLE": "HOTEL DANN", "SUBCATRNT": "9", "LOCALIDAD": "3", "SECCATASTR": "LAS NIEVES", "LATITUD": 4.604981234, "LONGITUD": -74.07072137 }, "geometry": { "type": "Point", "coordinates": [ -8245514.985600000247359, 513176.956300001591444 ] } },
{ "type": "Feature", "properties": { "REGNTURISM": 407, "NOMESTABLE": "FOUR POINTS BY SHERATON TEQUENDAMA", "SUBCATRNT": "9", "LOCALIDAD": "3", "SECCATASTR": "SAN DIEGO", "LATITUD": 4.612902239, "LONGITUD": -74.07047225 }, "geometry": { "type": "Point", "coordinates": [ -8245487.253699999302626, 514061.579100001603365 ] } },
{ "type": "Feature", "properties": { "REGNTURISM": 481, "NOMESTABLE": "HOSTAL INTERNACIONAL", "SUBCATRNT": "9", "LOCALIDAD": "17", "SECCATASTR": "LA CATEDRAL", "LATITUD": 4.600198503, "LONGITUD": -74.07177784 }, "geometry": { "type": "Point", "coordinates": [ -8245632.591299999505281, 512642.822700001299381 ] } },
{ "type": "Feature", "properties": { "REGNTURISM": 745, "NOMESTABLE": "HOTEL DANN CARLTON", "SUBCATRNT": "9", "LOCALIDAD": "1", "SECCATASTR": "RINCON DEL CHICO", "LATITUD": 4.688338958, "LONGITUD": -74.04701848000001 }, "geometry": { "type": "Point", "coordinates": [ -8242876.392000000923872, 522486.896099999547005 ] } },
{ "type": "Feature", "properties": { "REGNTURISM": 1028, "NOMESTABLE": "NH COLLECTION ROYAL TELEPORT", "SUBCATRNT": "9", "LOCALIDAD": "1", "SECCATASTR": "SANTA ANA OCCIDENTAL", "LATITUD": 4.691949221, "LONGITUD": -74.03544859 }, "geometry": { "type": "Point", "coordinates": [ -8241588.437699999660254, 522890.138999998569489 ] } },
{ "type": "Feature", "properties": { "REGNTURISM": 1076, "NOMESTABLE": "N H COLLECTION ROYAL ANDINO", "SUBCATRNT": "9", "LOCALIDAD": "2", "SECCATASTR": "LA CABRERA", "LATITUD": 4.668683592, "LONGITUD": -74.05272748 }, "geometry": { "type": "Point", "coordinates": [ -8243511.914899999275804, 520291.556000001728535 ] } },
{ "type": "Feature", "properties": { "REGNTURISM": 1410, "NOMESTABLE": "HOTEL SOFITEL VICTORIA REGIA", "SUBCATRNT": "9", "LOCALIDAD": "2", "SECCATASTR": "LA CABRERA", "LATITUD": 4.670081563, "LONGITUD": -74.05311681000001 }, "geometry": { "type": "Point", "coordinates": [ -8243555.254899999126792, 520447.695700000971556 ] } },
{ "type": "Feature", "properties": { "REGNTURISM": 1484, "NOMESTABLE": "HOTEL RESIDENCIAS ESPANA", "SUBCATRNT": "9", "LOCALIDAD": "3", "SECCATASTR": "LAS NIEVES", "LATITUD": 4.60928268, "LONGITUD": -74.07025724 }, "geometry": { "type": "Point", "coordinates": [ -8245463.318900000303984, 513657.343299999833107 ] } },
{ "type": "Feature", "properties": { "REGNTURISM": 2439, "NOMESTABLE": "HOTEL COSMOS 1", "SUBCATRNT": "9", "LOCALIDAD": "2", "SECCATASTR": "CHICO NORTE III SECTOR", "LATITUD": 4.686002874, "LONGITUD": -74.05422769 }, "geometry": { "type": "Point", "coordinates": [ -8243678.917500000447035, 522225.971799999475479 ] } },
{ "type": "Feature", "properties": { "REGNTURISM": 3288, "NOMESTABLE": "HOTEL HAMILTON COURT", "SUBCATRNT": "9", "LOCALIDAD": "2", "SECCATASTR": "ESPARTILLAL", "LATITUD": 4.666894804, "LONGITUD": -74.05581564000001 }, "geometry": { "type": "Point", "coordinates": [ -8243855.687300000339746, 520091.766399998217821 ] } },
{ "type": "Feature", "properties": { "REGNTURISM": 3312, "NOMESTABLE": "AVANI ROYAL ZONA T BOGOTA", "SUBCATRNT": "9", "LOCALIDAD": "2", "SECCATASTR": "ESPARTILLAL", "LATITUD": 4.666573662, "LONGITUD": -74.05451089 }, "geometry": { "type": "Point", "coordinates": [ -8243710.443199999630451, 520055.89809999987483 ] } },
{ "type": "Feature", "properties": { "REGNTURISM": 3313, "NOMESTABLE": "HOTEL BOGOTA PLAZA", "SUBCATRNT": "9", "LOCALIDAD": "1", "SECCATASTR": "SANTA BIBIANA", "LATITUD": 4.686065436, "LONGITUD": -74.05137243 }, "geometry": { "type": "Point", "coordinates": [ -8243361.07149999961257, 522232.959600001573563 ] } },
{ "type": "Feature", "properties": { "REGNTURISM": 3314, "NOMESTABLE": "HOTEL ESTELAR SUITES JONES", "SUBCATRNT": "9", "LOCALIDAD": "2", "SECCATASTR": "LA SALLE", "LATITUD": 4.645983863, "LONGITUD": -74.06023848 }, "geometry": { "type": "Point", "coordinates": [ -8244348.035599999129772, 517756.262499999254942 ] } },
{ "type": "Feature", "properties": { "REGNTURISM": 3402, "NOMESTABLE": "HOTEL SUAMOX", "SUBCATRNT": "9", "LOCALIDAD": "13", "SECCATASTR": "LA MAGDALENA", "LATITUD": 4.626506303, "LONGITUD": -74.0708232 }, "geometry": { "type": "Point", "coordinates": [ -8245526.3213, 515580.912599999457598 ] } },
{ "type": "Feature", "properties": { "REGNTURISM": 3584, "NOMESTABLE": "HOTEL MORRISON", "SUBCATRNT": "9", "LOCALIDAD": "2", "SECCATASTR": "EL RETIRO", "LATITUD": 4.668944964, "LONGITUD": -74.05447607000001 }, "geometry": { "type": "Point", "coordinates": [ -8243706.567099999636412, 520320.748700000345707 ] } },
{ "type": "Feature", "properties": { "REGNTURISM": 3865, "NOMESTABLE": "LANCASTER HOUSE CORPHOTELES", "SUBCATRNT": "9", "LOCALIDAD": "1", "SECCATASTR": "SAN PATRICIO", "LATITUD": 4.695117678, "LONGITUD": -74.05537698000001 }, "geometry": { "type": "Point", "coordinates": [ -8243806.855900000780821, 523244.036800000816584 ] } },
{ "type": "Feature", "properties": { "REGNTURISM": 3975, "NOMESTABLE": "RICHMOND SUITES", "SUBCATRNT": "9", "LOCALIDAD": "2", "SECCATASTR": "CHICO NORTE", "LATITUD": 4.678129107, "LONGITUD": -74.05464324 }, "geometry": { "type": "Point", "coordinates": [ -8243725.176400000229478, 521346.533399999141693 ] } },
{ "type": "Feature", "properties": { "REGNTURISM": 4001, "NOMESTABLE": "HOTEL CLUB EL NOGAL", "SUBCATRNT": "9", "LOCALIDAD": "2", "SECCATASTR": "LOS ROSALES", "LATITUD": 4.660463454, "LONGITUD": -74.05097521 }, "geometry": { "type": "Point", "coordinates": [ -8243316.8531, 519373.453600000590086 ] } },
{ "type": "Feature", "properties": { "REGNTURISM": 4232, "NOMESTABLE": "HOTEL EMBAJADOR", "SUBCATRNT": "9", "LOCALIDAD": "13", "SECCATASTR": "TEUSAQUILLO", "LATITUD": 4.626098642, "LONGITUD": -74.07314393 }, "geometry": { "type": "Point", "coordinates": [ -8245784.663699999451637, 515535.383600000292063 ] } },
{ "type": "Feature", "properties": { "REGNTURISM": 4262, "NOMESTABLE": "RETIRO 84 APARTASUTES", "SUBCATRNT": "9", "LOCALIDAD": "2", "SECCATASTR": "EL RETIRO", "LATITUD": 4.666457488, "LONGITUD": -74.0507462 }, "geometry": { "type": "Point", "coordinates": [ -8243291.3597999997437, 520042.922699999064207 ] } },
{ "type": "Feature", "properties": { "REGNTURISM": 4285, "NOMESTABLE": "MONSERRAT SPA VITAL", "SUBCATRNT": "9", "LOCALIDAD": "3", "SECCATASTR": "LAS NIEVES", "LATITUD": 4.604375756, "LONGITUD": -74.0676615 }, "geometry": { "type": "Point", "coordinates": [ -8245174.362400000914931, 513109.336599998176098 ] } },
{ "type": "Feature", "properties": { "REGNTURISM": 4351, "NOMESTABLE": "HOTEL EGINA BOGOTA", "SUBCATRNT": "9", "LOCALIDAD": "1", "SECCATASTR": "SANTA BARBARA CENTRAL", "LATITUD": 4.699049952, "LONGITUD": -74.04133664 }, "geometry": { "type": "Point", "coordinates": [ -8242243.892400000244379, 523683.250599998980761 ] } },
{ "type": "Feature", "properties": { "REGNTURISM": 4355, "NOMESTABLE": "HOTEL FONTIBON", "SUBCATRNT": "9", "LOCALIDAD": "9", "SECCATASTR": "CENTRO FONTIBON", "LATITUD": 4.670873883, "LONGITUD": -74.14411772 }, "geometry": { "type": "Point", "coordinates": [ -8253685.42989999987185, 520536.190200001001358 ] } },
{ "type": "Feature", "properties": { "REGNTURISM": 4551, "NOMESTABLE": "HOTEL RESIDENCIAS EL DORADO", "SUBCATRNT": "9", "LOCALIDAD": "17", "SECCATASTR": "LA CATEDRAL", "LATITUD": 4.600120479, "LONGITUD": -74.07045156 }, "geometry": { "type": "Point", "coordinates": [ -8245484.950500000268221, 512634.109000001102686 ] } },
{ "type": "Feature", "properties": { "REGNTURISM": 4655, "NOMESTABLE": "HOTEL CONFORT 8", "SUBCATRNT": "9", "LOCALIDAD": "2", "SECCATASTR": "LAGO GAITAN", "LATITUD": 4.666844015, "LONGITUD": -74.05835775 }, "geometry": { "type": "Point", "coordinates": [ -8244138.67369999922812, 520086.093800000846386 ] } },
{ "type": "Feature", "properties": { "REGNTURISM": 4668, "NOMESTABLE": "HOTEL INTERBOGOTA", "SUBCATRNT": "9", "LOCALIDAD": "3", "SECCATASTR": "LAS NIEVES", "LATITUD": 4.604275341, "LONGITUD": -74.0677188 }, "geometry": { "type": "Point", "coordinates": [ -8245180.74100000038743, 513098.12220000103116 ] } },
{ "type": "Feature", "properties": { "REGNTURISM": 4723, "NOMESTABLE": "HOTEL SHERATON", "SUBCATRNT": "9", "LOCALIDAD": "2", "SECCATASTR": "CHAPINERO CENTRAL", "LATITUD": 4.644685382, "LONGITUD": -74.06332058 }, "geometry": { "type": "Point", "coordinates": [ -8244691.133400000631809, 517611.239900000393391 ] } },
{ "type": "Feature", "properties": { "REGNTURISM": 4728, "NOMESTABLE": "N H ROYAL PAVILLON", "SUBCATRNT": "9", "LOCALIDAD": "2", "SECCATASTR": "CHICO NORTE", "LATITUD": 4.677272099, "LONGITUD": -74.0467293 }, "geometry": { "type": "Point", "coordinates": [ -8242844.2006, 521250.812899999320507 ] } },
{ "type": "Feature", "properties": { "REGNTURISM": 4752, "NOMESTABLE": "EMBASSY SUITES ROSALES", "SUBCATRNT": "9", "LOCALIDAD": "2", "SECCATASTR": "EMAUS", "LATITUD": 4.652453667, "LONGITUD": -74.05592109 }, "geometry": { "type": "Point", "coordinates": [ -8243867.426000000908971, 518478.855399999767542 ] } },
{ "type": "Feature", "properties": { "REGNTURISM": 4792, "NOMESTABLE": "CASA DANN CARLTON", "SUBCATRNT": "9", "LOCALIDAD": "2", "SECCATASTR": "CHICO NORTE", "LATITUD": 4.680257745, "LONGITUD": -74.05400575 }, "geometry": { "type": "Point", "coordinates": [ -8243654.211300000548363, 521584.284699998795986 ] } },
{ "type": "Feature", "properties": { "REGNTURISM": 4928, "NOMESTABLE": "HOTEL GUALCALA", "SUBCATRNT": "9", "LOCALIDAD": "14", "SECCATASTR": "SANTA FE", "LATITUD": 4.61140181, "LONGITUD": -74.07603932000001 }, "geometry": { "type": "Point", "coordinates": [ -8246106.977099999785423, 513894.009500000625849 ] } },
{ "type": "Feature", "properties": { "REGNTURISM": 4929, "NOMESTABLE": "HOTEL ROSALES PLAZA", "SUBCATRNT": "9", "LOCALIDAD": "2", "SECCATASTR": "EMAUS", "LATITUD": 4.653933857, "LONGITUD": -74.05428571 }, "geometry": { "type": "Point", "coordinates": [ -8243685.376299999654293, 518644.174300000071526 ] } },
{ "type": "Feature", "properties": { "REGNTURISM": 4958, "NOMESTABLE": "MATISSE HOTEL", "SUBCATRNT": "9", "LOCALIDAD": "2", "SECCATASTR": "GRANADA", "LATITUD": 4.650446408, "LONGITUD": -74.05794801 }, "geometry": { "type": "Point", "coordinates": [ -8244093.061699999496341, 518254.670000001788139 ] } },
{ "type": "Feature", "properties": { "REGNTURISM": 5029, "NOMESTABLE": "HOTEL DE LA OPERA", "SUBCATRNT": "9", "LOCALIDAD": "17", "SECCATASTR": "CENTRO ADMINISTRATIVO", "LATITUD": 4.596720661, "LONGITUD": -74.07477606 }, "geometry": { "type": "Point", "coordinates": [ -8245966.351600000634789, 512254.420899998396635 ] } },
{ "type": "Feature", "properties": { "REGNTURISM": 5032, "NOMESTABLE": "HOTEL ANDES PLAZA", "SUBCATRNT": "9", "LOCALIDAD": "1", "SECCATASTR": "SANTA BIBIANA", "LATITUD": 4.685755219, "LONGITUD": -74.04809643 }, "geometry": { "type": "Point", "coordinates": [ -8242996.38880000077188, 522198.310600001364946 ] } },
{ "type": "Feature", "properties": { "REGNTURISM": 5215, "NOMESTABLE": "HOTEL A.R.V.", "SUBCATRNT": "9", "LOCALIDAD": "9", "SECCATASTR": "VILLEMAR", "LATITUD": 4.668452501, "LONGITUD": -74.1423508 }, "geometry": { "type": "Point", "coordinates": [ -8253488.737299999222159, 520265.745400000363588 ] } },
{ "type": "Feature", "properties": { "REGNTURISM": 5349, "NOMESTABLE": "HOTEL HYNTIVA", "SUBCATRNT": "9", "LOCALIDAD": "9", "SECCATASTR": "CENTRO FONTIBON", "LATITUD": 4.671684395, "LONGITUD": -74.14424208 }, "geometry": { "type": "Point", "coordinates": [ -8253699.273600000888109, 520626.716600000858307 ] } },
{ "type": "Feature", "properties": { "REGNTURISM": 5381, "NOMESTABLE": "N H COLLECTION ROYAL WTC BOGOTA", "SUBCATRNT": "9", "LOCALIDAD": "2", "SECCATASTR": "CHICO NORTE II SECTOR", "LATITUD": 4.680560086, "LONGITUD": -74.0404035 }, "geometry": { "type": "Point", "coordinates": [ -8242140.015699999406934, 521618.053800001740456 ] } },
{ "type": "Feature", "properties": { "REGNTURISM": 5398, "NOMESTABLE": "HOTEL LOS CAMBULOS", "SUBCATRNT": "9", "LOCALIDAD": "9", "SECCATASTR": "VILLEMAR", "LATITUD": 4.668238136, "LONGITUD": -74.14178155 }, "geometry": { "type": "Point", "coordinates": [ -8253425.368699999526143, 520241.802999999374151 ] } },
{ "type": "Feature", "properties": { "REGNTURISM": 5441, "NOMESTABLE": "HOTEL FRANCES DEL CENTRO INTERNACIONAL", "SUBCATRNT": "9", "LOCALIDAD": "14", "SECCATASTR": "SANTA FE", "LATITUD": 4.611288331, "LONGITUD": -74.07621129 }, "geometry": { "type": "Point", "coordinates": [ -8246126.120699999853969, 513881.336100000888109 ] } },
{ "type": "Feature", "properties": { "REGNTURISM": 5538, "NOMESTABLE": "HOTEL PARQUE 97 SUITES", "SUBCATRNT": "9", "LOCALIDAD": "2", "SECCATASTR": "CHICO NORTE III SECTOR", "LATITUD": 4.684062284, "LONGITUD": -74.05270971 }, "geometry": { "type": "Point", "coordinates": [ -8243509.936799999326468, 522009.222100000828505 ] } },
{ "type": "Feature", "properties": { "REGNTURISM": 5982, "NOMESTABLE": "11 PARK HOUSE", "SUBCATRNT": "7", "LOCALIDAD": "1", "SECCATASTR": "SANTA BIBIANA", "LATITUD": 4.687560848, "LONGITUD": -74.05422241 }, "geometry": { "type": "Point", "coordinates": [ -8243678.329800000414252, 522399.986600000411272 ] } },
{ "type": "Feature", "properties": { "REGNTURISM": 6021, "NOMESTABLE": "N H COLLECTION ROYAL HACIENDA", "SUBCATRNT": "9", "LOCALIDAD": "1", "SECCATASTR": "USAQUEN", "LATITUD": 4.692032101, "LONGITUD": -74.03246618 }, "geometry": { "type": "Point", "coordinates": [ -8241256.437300000339746, 522899.396200001239777 ] } },
{ "type": "Feature", "properties": { "REGNTURISM": 6064, "NOMESTABLE": "HOTEL LE MANOIR", "SUBCATRNT": "9", "LOCALIDAD": "1", "SECCATASTR": "SANTA BIBIANA", "LATITUD": 4.691486231, "LONGITUD": -74.05017665 }, "geometry": { "type": "Point", "coordinates": [ -8243227.957800000905991, 522838.425900001078844 ] } },
{ "type": "Feature", "properties": { "REGNTURISM": 6166, "NOMESTABLE": "HOSPEDAJE LAS PALMERAS DE LA 97", "SUBCATRNT": "7", "LOCALIDAD": "8", "SECCATASTR": "PATIO BONITO", "LATITUD": 4.638521356, "LONGITUD": -74.16133431 }, "geometry": { "type": "Point", "coordinates": [ -8255601.971899999305606, 516922.805799998342991 ] } },
{ "type": "Feature", "properties": { "REGNTURISM": 6307, "NOMESTABLE": "HOSPEDAJE MONACO", "SUBCATRNT": "9", "LOCALIDAD": "14", "SECCATASTR": "LA FAVORITA", "LATITUD": 4.60858352, "LONGITUD": -74.07834129 }, "geometry": { "type": "Point", "coordinates": [ -8246363.231200000271201, 513579.26069999858737 ] } },
{ "type": "Feature", "properties": { "REGNTURISM": 6805, "NOMESTABLE": "HOTEL EL CAMPIN", "SUBCATRNT": "9", "LOCALIDAD": "13", "SECCATASTR": "GALERIAS", "LATITUD": 4.641275938, "LONGITUD": -74.07464207 }, "geometry": { "type": "Point", "coordinates": [ -8245951.435900000855327, 517230.4527000002563 ] } },
{ "type": "Feature", "properties": { "REGNTURISM": 6974, "NOMESTABLE": "HOTEL SHERATON BOGOTA", "SUBCATRNT": "9", "LOCALIDAD": "9", "SECCATASTR": "LA ESPERANZA NORTE", "LATITUD": 4.65984511, "LONGITUD": -74.10919238 }, "geometry": { "type": "Point", "coordinates": [ -8249797.558800000697374, 519304.391499999910593 ] } },
{ "type": "Feature", "properties": { "REGNTURISM": 7577, "NOMESTABLE": "HOTEL GRAND PARK", "SUBCATRNT": "9", "LOCALIDAD": "3", "SECCATASTR": "LAS NIEVES", "LATITUD": 4.608339795, "LONGITUD": -74.06843236 }, "geometry": { "type": "Point", "coordinates": [ -8245260.174200000241399, 513552.041299998760223 ] } },
{ "type": "Feature", "properties": { "REGNTURISM": 7678, "NOMESTABLE": "HOTEL HILL HOUSE", "SUBCATRNT": "9", "LOCALIDAD": "1", "SECCATASTR": "USAQUEN", "LATITUD": 4.697045059, "LONGITUD": -74.03021311000001 }, "geometry": { "type": "Point", "coordinates": [ -8241005.626700000837445, 523459.314599998295307 ] } },
{ "type": "Feature", "properties": { "REGNTURISM": 7748, "NOMESTABLE": "HOTEL SAN FRANCISCO DE ASIS", "SUBCATRNT": "9", "LOCALIDAD": "3", "SECCATASTR": "LA ALAMEDA", "LATITUD": 4.610421628, "LONGITUD": -74.07197125 }, "geometry": { "type": "Point", "coordinates": [ -8245654.121600000187755, 513784.541900001466274 ] } },
{ "type": "Feature", "properties": { "REGNTURISM": 7776, "NOMESTABLE": "HOSPEDAJE LA 18", "SUBCATRNT": "9", "LOCALIDAD": "14", "SECCATASTR": "LA FAVORITA", "LATITUD": 4.608572014, "LONGITUD": -74.0779473 }, "geometry": { "type": "Point", "coordinates": [ -8246319.372400000691414, 513577.975699998438358 ] } },
{ "type": "Feature", "properties": { "REGNTURISM": 8263, "NOMESTABLE": "FONTANAR PRADO", "SUBCATRNT": "8", "LOCALIDAD": "11", "SECCATASTR": "PRADO VERANIEGO", "LATITUD": 4.716019302, "LONGITUD": -74.05315423 }, "geometry": { "type": "Point", "coordinates": [ -8243559.420499999076128, 525578.664000000804663 ] } },
{ "type": "Feature", "properties": { "REGNTURISM": 8745, "NOMESTABLE": "ESTELAR APARTAMENTOS BOGOTÁ", "SUBCATRNT": "9", "LOCALIDAD": "1", "SECCATASTR": "LA CALLEJA", "LATITUD": 4.70442879, "LONGITUD": -74.04375399 }, "geometry": { "type": "Point", "coordinates": [ -8242512.990599999204278, 524284.041900001466274 ] } },
{ "type": "Feature", "properties": { "REGNTURISM": 9169, "NOMESTABLE": "HOTEL AMERICANO", "SUBCATRNT": "9", "LOCALIDAD": "3", "SECCATASTR": "LAS NIEVES", "LATITUD": 4.609671628, "LONGITUD": -74.07152425 }, "geometry": { "type": "Point", "coordinates": [ -8245604.3618, 513700.781300000846386 ] } },
{ "type": "Feature", "properties": { "REGNTURISM": 9395, "NOMESTABLE": "HOTEL ZULITA", "SUBCATRNT": "9", "LOCALIDAD": "2", "SECCATASTR": "MARLY", "LATITUD": 4.635344061, "LONGITUD": -74.06621973 }, "geometry": { "type": "Point", "coordinates": [ -8245013.865299999713898, 516567.949499998241663 ] } },
{ "type": "Feature", "properties": { "REGNTURISM": 9448, "NOMESTABLE": "HOTEL CASA SANTA MARTA", "SUBCATRNT": "9", "LOCALIDAD": "13", "SECCATASTR": "ORTEZAL", "LATITUD": 4.631284405, "LONGITUD": -74.09400537 }, "geometry": { "type": "Point", "coordinates": [ -8248106.948599999770522, 516114.5489999987185 ] } },
{ "type": "Feature", "properties": { "REGNTURISM": 9570, "NOMESTABLE": "YOLIMA REAL", "SUBCATRNT": "9", "LOCALIDAD": "2", "SECCATASTR": "MARLY", "LATITUD": 4.635086436, "LONGITUD": -74.06526845 }, "geometry": { "type": "Point", "coordinates": [ -8244907.9693, 516539.176699999719858 ] } },
{ "type": "Feature", "properties": { "REGNTURISM": 9941, "NOMESTABLE": "HOTEL NUEVO SANTA FE", "SUBCATRNT": "9", "LOCALIDAD": "14", "SECCATASTR": "SANTA FE", "LATITUD": 4.611127492, "LONGITUD": -74.07600828 }, "geometry": { "type": "Point", "coordinates": [ -8246103.52170000039041, 513863.373399998992682 ] } },
{ "type": "Feature", "properties": { "REGNTURISM": 9945, "NOMESTABLE": "HOTEL DEL PUENTE BOGOTA", "SUBCATRNT": "9", "LOCALIDAD": "10", "SECCATASTR": "NORMANDIA", "LATITUD": 4.667367337, "LONGITUD": -74.11047054 }, "geometry": { "type": "Point", "coordinates": [ -8249939.843000000342727, 520144.543499998748302 ] } },
{ "type": "Feature", "properties": { "REGNTURISM": 9946, "NOMESTABLE": "GUN GLUB", "SUBCATRNT": "9", "LOCALIDAD": "3", "SECCATASTR": "VERACRUZ", "LATITUD": 4.603379432, "LONGITUD": -74.07355068 }, "geometry": { "type": "Point", "coordinates": [ -8245829.942900000140071, 512998.067299999296665 ] } },
{ "type": "Feature", "properties": { "REGNTURISM": 10026, "NOMESTABLE": "CASABLANCA 98 HOTEL", "SUBCATRNT": "9", "LOCALIDAD": "9", "SECCATASTR": "CENTRO FONTIBON", "LATITUD": 4.671727199, "LONGITUD": -74.14409893 }, "geometry": { "type": "Point", "coordinates": [ -8253683.338199999183416, 520631.497400000691414 ] } },
{ "type": "Feature", "properties": { "REGNTURISM": 10027, "NOMESTABLE": "APARTA ESTUDIOS ANDINO LTDA", "SUBCATRNT": "7", "LOCALIDAD": "1", "SECCATASTR": "SANTA BIBIANA", "LATITUD": 4.688281213, "LONGITUD": -74.05250916 }, "geometry": { "type": "Point", "coordinates": [ -8243487.611700000241399, 522480.446400001645088 ] } },
{ "type": "Feature", "properties": { "REGNTURISM": 10656, "NOMESTABLE": "FONTANAR USAQUEN", "SUBCATRNT": "9", "LOCALIDAD": "1", "SECCATASTR": "ESTRELLA DEL NORTE", "LATITUD": 4.740297259, "LONGITUD": -74.04645385000001 }, "geometry": { "type": "Point", "coordinates": [ -8242813.537599999457598, 528290.502199999988079 ] } },
{ "type": "Feature", "properties": { "REGNTURISM": 11027, "NOMESTABLE": "LAS AMERICAS SUITES", "SUBCATRNT": "9", "LOCALIDAD": "16", "SECCATASTR": "LA TRINIDAD", "LATITUD": 4.627573328, "LONGITUD": -74.1172357 }, "geometry": { "type": "Point", "coordinates": [ -8250692.937100000679493, 515700.081599999219179 ] } },
{ "type": "Feature", "properties": { "REGNTURISM": 11149, "NOMESTABLE": "HOTEL MANILA PLAZA", "SUBCATRNT": "9", "LOCALIDAD": "3", "SECCATASTR": "VERACRUZ", "LATITUD": 4.60416161, "LONGITUD": -74.07345631 }, "geometry": { "type": "Point", "coordinates": [ -8245819.437699999660254, 513085.420800000429153 ] } },
{ "type": "Feature", "properties": { "REGNTURISM": 11491, "NOMESTABLE": "APARTAMENTOS GALERIAS 52", "SUBCATRNT": "7", "LOCALIDAD": "13", "SECCATASTR": "BELALCAZAR", "LATITUD": 4.641840083, "LONGITUD": -74.07871213 }, "geometry": { "type": "Point", "coordinates": [ -8246404.512900000438094, 517293.459699999541044 ] } },
{ "type": "Feature", "properties": { "REGNTURISM": 11494, "NOMESTABLE": "HOTEL LOS BALCONES FONTIBON", "SUBCATRNT": "9", "LOCALIDAD": "9", "SECCATASTR": "VILLEMAR", "LATITUD": 4.666602979, "LONGITUD": -74.14115698000001 }, "geometry": { "type": "Point", "coordinates": [ -8253355.84180000051856, 520059.172499999403954 ] } },
{ "type": "Feature", "properties": { "REGNTURISM": 11724, "NOMESTABLE": "HOTEL SAN JOSE REAL", "SUBCATRNT": "9", "LOCALIDAD": "16", "SECCATASTR": "LOS EJIDOS", "LATITUD": 4.613896453, "LONGITUD": -74.10329845 }, "geometry": { "type": "Point", "coordinates": [ -8249141.4496, 514172.61430000141263 ] } },
{ "type": "Feature", "properties": { "REGNTURISM": 11831, "NOMESTABLE": "HOSTAL MONTECARLO", "SUBCATRNT": "9", "LOCALIDAD": "11", "SECCATASTR": "LAS FLORES", "LATITUD": 4.740255183, "LONGITUD": -74.08607656 }, "geometry": { "type": "Point", "coordinates": [ -8247224.317500000819564, 528285.802299998700619 ] } },
{ "type": "Feature", "properties": { "REGNTURISM": 12525, "NOMESTABLE": "HOSTAL BOGOTA REAL", "SUBCATRNT": "9", "LOCALIDAD": "11", "SECCATASTR": "ESTORIL", "LATITUD": 4.691002319, "LONGITUD": -74.05825476 }, "geometry": { "type": "Point", "coordinates": [ -8244127.20890000090003, 522784.375999998301268 ] } },
{ "type": "Feature", "properties": { "REGNTURISM": 12723, "NOMESTABLE": "HOTEL EL VIAJERO INN", "SUBCATRNT": "9", "LOCALIDAD": "3", "SECCATASTR": "VERACRUZ", "LATITUD": 4.605177234, "LONGITUD": -74.07321819000001 }, "geometry": { "type": "Point", "coordinates": [ -8245792.930299999192357, 513198.845600001513958 ] } },
{ "type": "Feature", "properties": { "REGNTURISM": 12905, "NOMESTABLE": "HOTEL SAN JOSE BAVARIA", "SUBCATRNT": "9", "LOCALIDAD": "8", "SECCATASTR": "COOPERATIVA DE SUB-OFICIALES", "LATITUD": 4.643268609, "LONGITUD": -74.1305896 }, "geometry": { "type": "Point", "coordinates": [ -8252179.486500000581145, 517453.006000000983477 ] } },
{ "type": "Feature", "properties": { "REGNTURISM": 13111, "NOMESTABLE": "HOSPEDAJE EL GRAN OASIS", "SUBCATRNT": "9", "LOCALIDAD": "3", "SECCATASTR": "LA CAPUCHINA", "LATITUD": 4.606988797, "LONGITUD": -74.07477172 }, "geometry": { "type": "Point", "coordinates": [ -8245965.86849999986589, 513401.161299999803305 ] } },
{ "type": "Feature", "properties": { "REGNTURISM": 13249, "NOMESTABLE": "HOTEL PLATINUM SUITE", "SUBCATRNT": "9", "LOCALIDAD": "13", "SECCATASTR": "QUINTA PAREDES", "LATITUD": 4.631774866, "LONGITUD": -74.09337383 }, "geometry": { "type": "Point", "coordinates": [ -8248036.645899999886751, 516169.325699999928474 ] } },
{ "type": "Feature", "properties": { "REGNTURISM": 13620, "NOMESTABLE": "SUITTES INN TURISTICAS CALLE 63", "SUBCATRNT": "9", "LOCALIDAD": "12", "SECCATASTR": "BENJAMIN HERRERA", "LATITUD": 4.651921498, "LONGITUD": -74.07653978 }, "geometry": { "type": "Point", "coordinates": [ -8246162.687999999150634, 518419.418800000101328 ] } },
{ "type": "Feature", "properties": { "REGNTURISM": 13635, "NOMESTABLE": "APARTA HOTEL LAGOS DEL NORTE", "SUBCATRNT": "9", "LOCALIDAD": "12", "SECCATASTR": "SIETE DE AGOSTO", "LATITUD": 4.65804791, "LONGITUD": -74.06923142 }, "geometry": { "type": "Point", "coordinates": [ -8245349.125099999830127, 519103.664900001138449 ] } },
{ "type": "Feature", "properties": { "REGNTURISM": 13747, "NOMESTABLE": "HOTEL M G R II", "SUBCATRNT": "9", "LOCALIDAD": "1", "SECCATASTR": "EL VERVENAL", "LATITUD": 4.764497186, "LONGITUD": -74.03780997 }, "geometry": { "type": "Point", "coordinates": [ -8241851.305299999192357, 530993.719399999827147 ] } },
{ "type": "Feature", "properties": { "REGNTURISM": 13807, "NOMESTABLE": "HABITEL", "SUBCATRNT": "9", "LOCALIDAD": "9", "SECCATASTR": "SAN JOSE DE FONTIBON", "LATITUD": 4.688972066, "LONGITUD": -74.13101547 }, "geometry": { "type": "Point", "coordinates": [ -8252226.894099999219179, 522557.609999999403954 ] } },
{ "type": "Feature", "properties": { "REGNTURISM": 13922, "NOMESTABLE": "HOTEL PICASSO INN", "SUBCATRNT": "9", "LOCALIDAD": "11", "SECCATASTR": "PRADO VERANIEGO", "LATITUD": 4.716018253, "LONGITUD": -74.05339335 }, "geometry": { "type": "Point", "coordinates": [ -8243586.039200000464916, 525578.546799998730421 ] } },
{ "type": "Feature", "properties": { "REGNTURISM": 13962, "NOMESTABLE": "HOTEL PRIMAVERA ORIENTAL", "SUBCATRNT": "9", "LOCALIDAD": "12", "SECCATASTR": "COLOMBIA", "LATITUD": 4.659431268, "LONGITUD": -74.06923875 }, "geometry": { "type": "Point", "coordinates": [ -8245349.941099999472499, 519258.170099999755621 ] } },
{ "type": "Feature", "properties": { "REGNTURISM": 14226, "NOMESTABLE": "HOSTAL REAL DEL CLARET", "SUBCATRNT": "9", "LOCALIDAD": "18", "SECCATASTR": "CLARET", "LATITUD": 4.581958919, "LONGITUD": -74.1249449 }, "geometry": { "type": "Point", "coordinates": [ -8251551.121300000697374, 510605.865600001066923 ] } },
{ "type": "Feature", "properties": { "REGNTURISM": 14341, "NOMESTABLE": "HOTEL SANTAFE REAL", "SUBCATRNT": "9", "LOCALIDAD": "13", "SECCATASTR": "ORTEZAL", "LATITUD": 4.630727099, "LONGITUD": -74.09339552 }, "geometry": { "type": "Point", "coordinates": [ -8248039.060399999842048, 516052.306800000369549 ] } },
{ "type": "Feature", "properties": { "REGNTURISM": 14344, "NOMESTABLE": "SUITTE INN GALERIAS", "SUBCATRNT": "9", "LOCALIDAD": "13", "SECCATASTR": "GALERIAS", "LATITUD": 4.642654964, "LONGITUD": -74.0733578 }, "geometry": { "type": "Point", "coordinates": [ -8245808.471599999815226, 517384.470400001853704 ] } },
{ "type": "Feature", "properties": { "REGNTURISM": 14736, "NOMESTABLE": "HOSTAL MARAZZI SUITE", "SUBCATRNT": "9", "LOCALIDAD": "10", "SECCATASTR": "LAS FERIAS OCCIDENTAL", "LATITUD": 4.683458446, "LONGITUD": -74.08879487 }, "geometry": { "type": "Point", "coordinates": [ -8247526.918400000780821, 521941.778000000864267 ] } },
{ "type": "Feature", "properties": { "REGNTURISM": 14832, "NOMESTABLE": "CASA POSADA AMELIA DE SAN FELIPE EL DORADO", "SUBCATRNT": "9", "LOCALIDAD": "9", "SECCATASTR": "MODELIA", "LATITUD": 4.666419734, "LONGITUD": -74.11542211 }, "geometry": { "type": "Point", "coordinates": [ -8250491.049200000241399, 520038.705899998545647 ] } },
{ "type": "Feature", "properties": { "REGNTURISM": 14894, "NOMESTABLE": "HOSPEDAJE ACAPULCO SWIT", "SUBCATRNT": "9", "LOCALIDAD": "18", "SECCATASTR": "SANTA LUCIA", "LATITUD": 4.571893748, "LONGITUD": -74.12522943 }, "geometry": { "type": "Point", "coordinates": [ -8251582.795099999755621, 509481.831500001251698 ] } },
{ "type": "Feature", "properties": { "REGNTURISM": 15071, "NOMESTABLE": "HOSTAL ECLIPSE", "SUBCATRNT": "9", "LOCALIDAD": "7", "SECCATASTR": "SAN PABLO BOSA", "LATITUD": 4.603218435, "LONGITUD": -74.18874833 }, "geometry": { "type": "Point", "coordinates": [ -8258653.686699999496341, 512980.087200000882149 ] } },
{ "type": "Feature", "properties": { "REGNTURISM": 15201, "NOMESTABLE": "CASA KIWI RESORT", "SUBCATRNT": "9", "LOCALIDAD": "8", "SECCATASTR": "CHUCUA DE LA VACA III", "LATITUD": 4.631411739, "LONGITUD": -74.16633073 }, "geometry": { "type": "Point", "coordinates": [ -8256158.17090000025928, 516128.770199999213219 ] } },
{ "type": "Feature", "properties": { "REGNTURISM": 15237, "NOMESTABLE": "HOTEL LOURDES LA 62", "SUBCATRNT": "9", "LOCALIDAD": "2", "SECCATASTR": "CHAPINERO CENTRAL", "LATITUD": 4.64851843, "LONGITUD": -74.06297697 }, "geometry": { "type": "Point", "coordinates": [ -8244652.88289999961853, 518039.339899998158216 ] } },
{ "type": "Feature", "properties": { "REGNTURISM": 15238, "NOMESTABLE": "LA GRAN FORTALEZA", "SUBCATRNT": "9", "LOCALIDAD": "12", "SECCATASTR": "SIETE DE AGOSTO", "LATITUD": 4.65743438, "LONGITUD": -74.0689971 }, "geometry": { "type": "Point", "coordinates": [ -8245323.040699999779463, 519035.140700001269579 ] } },
{ "type": "Feature", "properties": { "REGNTURISM": 15484, "NOMESTABLE": "HOSTAL LA CANDELARIA BOGOTA", "SUBCATRNT": "9", "LOCALIDAD": "17", "SECCATASTR": "LAS AGUAS", "LATITUD": 4.600065418, "LONGITUD": -74.06845798000001 }, "geometry": { "type": "Point", "coordinates": [ -8245263.026200000196695, 512627.959899999201298 ] } },
{ "type": "Feature", "properties": { "REGNTURISM": 15485, "NOMESTABLE": "HOTEL ELEGANT SUITE NORMANDIA", "SUBCATRNT": "9", "LOCALIDAD": "10", "SECCATASTR": "NORMANDIA", "LATITUD": 4.669710845, "LONGITUD": -74.10807843000001 }, "geometry": { "type": "Point", "coordinates": [ -8249673.554500000551343, 520406.290100000798702 ] } },
{ "type": "Feature", "properties": { "REGNTURISM": 15591, "NOMESTABLE": "MERCURE BOGOTA BH RETIRO", "SUBCATRNT": "9", "LOCALIDAD": "2", "SECCATASTR": "EL NOGAL", "LATITUD": 4.663702101, "LONGITUD": -74.05321058 }, "geometry": { "type": "Point", "coordinates": [ -8243565.693399999290705, 519735.174899999052286 ] } },
{ "type": "Feature", "properties": { "REGNTURISM": 15688, "NOMESTABLE": "HOSPEDAJE ROYAL IN", "SUBCATRNT": "9", "LOCALIDAD": "8", "SECCATASTR": "CIUDAD KENNEDY CENTRAL", "LATITUD": 4.617131636, "LONGITUD": -74.15597291 }, "geometry": { "type": "Point", "coordinates": [ -8255005.1436, 514533.924899999052286 ] } },
{ "type": "Feature", "properties": { "REGNTURISM": 15689, "NOMESTABLE": "HOSTAL ROYAL ING", "SUBCATRNT": "9", "LOCALIDAD": "7", "SECCATASTR": "BOSA", "LATITUD": 4.608091393, "LONGITUD": -74.18487519 }, "geometry": { "type": "Point", "coordinates": [ -8258222.5307, 513524.299699999392033 ] } },
{ "type": "Feature", "properties": { "REGNTURISM": 15720, "NOMESTABLE": "HOTEL SAN PABLO", "SUBCATRNT": "9", "LOCALIDAD": "13", "SECCATASTR": "EL RECUERDO", "LATITUD": 4.632983751, "LONGITUD": -74.08705208000001 }, "geometry": { "type": "Point", "coordinates": [ -8247332.91190000064671, 516304.339200001209974 ] } },
{ "type": "Feature", "properties": { "REGNTURISM": 15723, "NOMESTABLE": "HOTEL CASA LA RIVIERA", "SUBCATRNT": "9", "LOCALIDAD": "1", "SECCATASTR": "RINCON DEL CHICO", "LATITUD": 4.686141612, "LONGITUD": -74.04370058000001 }, "geometry": { "type": "Point", "coordinates": [ -8242507.045, 522241.4679000005126 ] } },
{ "type": "Feature", "properties": { "REGNTURISM": 16133, "NOMESTABLE": "HOSTAL ROMANZA", "SUBCATRNT": "9", "LOCALIDAD": "7", "SECCATASTR": "JIMENEZ DE QUESADA", "LATITUD": 4.607268439, "LONGITUD": -74.1852868 }, "geometry": { "type": "Point", "coordinates": [ -8258268.3509, 513432.391800001263618 ] } },
{ "type": "Feature", "properties": { "REGNTURISM": 16153, "NOMESTABLE": "HOSTAL CASA ARANA", "SUBCATRNT": "8", "LOCALIDAD": "16", "SECCATASTR": "SALAZAR GOMEZ", "LATITUD": 4.634546309, "LONGITUD": -74.11794927 }, "geometry": { "type": "Point", "coordinates": [ -8250772.371400000527501, 516478.852800000458956 ] } },
{ "type": "Feature", "properties": { "REGNTURISM": 16202, "NOMESTABLE": "HOTEL CHARLOTTE PLAZA 26", "SUBCATRNT": "9", "LOCALIDAD": "13", "SECCATASTR": "EL RECUERDO", "LATITUD": 4.632716924, "LONGITUD": -74.0858957 }, "geometry": { "type": "Point", "coordinates": [ -8247204.184299999848008, 516274.538800001144409 ] } },
{ "type": "Feature", "properties": { "REGNTURISM": 16333, "NOMESTABLE": "HOTEL CRANKY CROC", "SUBCATRNT": "9", "LOCALIDAD": "17", "SECCATASTR": "LA CATEDRAL", "LATITUD": 4.599829767, "LONGITUD": -74.07004813 }, "geometry": { "type": "Point", "coordinates": [ -8245440.040899999439716, 512601.642599999904633 ] } },
{ "type": "Feature", "properties": { "REGNTURISM": 16376, "NOMESTABLE": "HOTEL ATLANTIC", "SUBCATRNT": "9", "LOCALIDAD": "2", "SECCATASTR": "MARLY", "LATITUD": 4.635152365, "LONGITUD": -74.0656317 }, "geometry": { "type": "Point", "coordinates": [ -8244948.406099999323487, 516546.53999999910593 ] } },
{ "type": "Feature", "properties": { "REGNTURISM": 17128, "NOMESTABLE": "DREAMER BOGOTA", "SUBCATRNT": "9", "LOCALIDAD": "17", "SECCATASTR": "LAS AGUAS", "LATITUD": 4.600640738, "LONGITUD": -74.06889716000001 }, "geometry": { "type": "Point", "coordinates": [ -8245311.915500000119209, 512692.211199998855591 ] } },
{ "type": "Feature", "properties": { "REGNTURISM": 17200, "NOMESTABLE": "BLUE SUITES HOTEL", "SUBCATRNT": "9", "LOCALIDAD": "2", "SECCATASTR": "CHICO NORTE", "LATITUD": 4.677796604, "LONGITUD": -74.05377803 }, "geometry": { "type": "Point", "coordinates": [ -8243628.861600000411272, 521309.395599998533726 ] } },
{ "type": "Feature", "properties": { "REGNTURISM": 17274, "NOMESTABLE": "N H ROYAL PAVILLON II", "SUBCATRNT": "9", "LOCALIDAD": "2", "SECCATASTR": "CHICO NORTE", "LATITUD": 4.677272099, "LONGITUD": -74.0467293 }, "geometry": { "type": "Point", "coordinates": [ -8242844.2006, 521250.812899999320507 ] } },
{ "type": "Feature", "properties": { "REGNTURISM": 17366, "NOMESTABLE": "HOTEL BH LA QUINTA", "SUBCATRNT": "9", "LOCALIDAD": "2", "SECCATASTR": "BELLAVISTA", "LATITUD": 4.656339366, "LONGITUD": -74.05279749 }, "geometry": { "type": "Point", "coordinates": [ -8243519.708399999886751, 518912.840599998831749 ] } },
{ "type": "Feature", "properties": { "REGNTURISM": 17463, "NOMESTABLE": "HOSPEDAJE WICIRARE", "SUBCATRNT": "9", "LOCALIDAD": "2", "SECCATASTR": "CHAPINERO CENTRAL", "LATITUD": 4.643801534, "LONGITUD": -74.06397042 }, "geometry": { "type": "Point", "coordinates": [ -8244763.473300000652671, 517512.526299998164177 ] } },
{ "type": "Feature", "properties": { "REGNTURISM": 17500, "NOMESTABLE": "HOTEL CASA NORMANDIA", "SUBCATRNT": "9", "LOCALIDAD": "10", "SECCATASTR": "NORMANDIA", "LATITUD": 4.670949023, "LONGITUD": -74.10525108 }, "geometry": { "type": "Point", "coordinates": [ -8249358.815300000831485, 520544.582600001245737 ] } },
{ "type": "Feature", "properties": { "REGNTURISM": 17507, "NOMESTABLE": "HOTEL PARK WAY BOGOTA LTDA", "SUBCATRNT": "9", "LOCALIDAD": "13", "SECCATASTR": "LA SOLEDAD", "LATITUD": 4.629877988, "LONGITUD": -74.0748853 }, "geometry": { "type": "Point", "coordinates": [ -8245978.512199999764562, 515957.474700000137091 ] } },
{ "type": "Feature", "properties": { "REGNTURISM": 17528, "NOMESTABLE": "HMG SUITES 18", "SUBCATRNT": "7", "LOCALIDAD": "1", "SECCATASTR": "SAN PATRICIO", "LATITUD": 4.692606692, "LONGITUD": -74.04684876 }, "geometry": { "type": "Point", "coordinates": [ -8242857.498800000175834, 522963.574499998241663 ] } },
{ "type": "Feature", "properties": { "REGNTURISM": 18011, "NOMESTABLE": "HOTEL EJECUTIVO EMBAJADA I", "SUBCATRNT": "9", "LOCALIDAD": "13", "SECCATASTR": "QUINTA PAREDES", "LATITUD": 4.634642997, "LONGITUD": -74.09340654 }, "geometry": { "type": "Point", "coordinates": [ -8248040.287200000137091, 516489.651399999856949 ] } },
{ "type": "Feature", "properties": { "REGNTURISM": 18467, "NOMESTABLE": "SUITES TEQUENDAMA", "SUBCATRNT": "7", "LOCALIDAD": "3", "SECCATASTR": "SAN DIEGO", "LATITUD": 4.614640572, "LONGITUD": -74.06960367000001 }, "geometry": { "type": "Point", "coordinates": [ -8245390.563799999654293, 514255.718600001186132 ] } },
{ "type": "Feature", "properties": { "REGNTURISM": 18662, "NOMESTABLE": "HOTEL CASA DECO", "SUBCATRNT": "9", "LOCALIDAD": "17", "SECCATASTR": "LA CONCORDIA", "LATITUD": 4.59859648, "LONGITUD": -74.07010993 }, "geometry": { "type": "Point", "coordinates": [ -8245446.920399999246001, 512463.910199999809265 ] } },
{ "type": "Feature", "properties": { "REGNTURISM": 18681, "NOMESTABLE": "HOSPEDAJE SEGURO DEL SITIO", "SUBCATRNT": "9", "LOCALIDAD": "14", "SECCATASTR": "LA FAVORITA", "LATITUD": 4.608635582, "LONGITUD": -74.07803836 }, "geometry": { "type": "Point", "coordinates": [ -8246329.509199999272823, 513585.074999999254942 ] } },
{ "type": "Feature", "properties": { "REGNTURISM": 18731, "NOMESTABLE": "CASA HOTEL ARIZONA", "SUBCATRNT": "9", "LOCALIDAD": "9", "SECCATASTR": "VILLEMAR", "LATITUD": 4.670030992, "LONGITUD": -74.1432202 }, "geometry": { "type": "Point", "coordinates": [ -8253585.518400000408292, 520442.047400001436472 ] } },
{ "type": "Feature", "properties": { "REGNTURISM": 18856, "NOMESTABLE": "HOTEL APARTASUITE NORMANDIA", "SUBCATRNT": "9", "LOCALIDAD": "10", "SECCATASTR": "NORMANDIA", "LATITUD": 4.669455125, "LONGITUD": -74.10839592000001 }, "geometry": { "type": "Point", "coordinates": [ -8249708.897299999371171, 520377.72859999909997 ] } },
{ "type": "Feature", "properties": { "REGNTURISM": 18893, "NOMESTABLE": "APARTAESTUDIOS KAFIR", "SUBCATRNT": "9", "LOCALIDAD": "13", "SECCATASTR": "EL RECUERDO", "LATITUD": 4.630753902, "LONGITUD": -74.08645346 }, "geometry": { "type": "Point", "coordinates": [ -8247266.273800000548363, 516055.300299998372793 ] } },
{ "type": "Feature", "properties": { "REGNTURISM": 19336, "NOMESTABLE": "HOTEL OCEANIA BOGOTA", "SUBCATRNT": "9", "LOCALIDAD": "3", "SECCATASTR": "LA ALAMEDA", "LATITUD": 4.611948411, "LONGITUD": -74.0719154 }, "geometry": { "type": "Point", "coordinates": [ -8245647.904400000348687, 513955.054499998688698 ] } },
{ "type": "Feature", "properties": { "REGNTURISM": 19498, "NOMESTABLE": "CITE HOTEL", "SUBCATRNT": "9", "LOCALIDAD": "2", "SECCATASTR": "EL CHICO", "LATITUD": 4.673289732, "LONGITUD": -74.05361656 }, "geometry": { "type": "Point", "coordinates": [ -8243610.886900000274181, 520806.017799999564886 ] } },
{ "type": "Feature", "properties": { "REGNTURISM": 19609, "NOMESTABLE": "PARKWAY INN 58 STREET", "SUBCATRNT": "9", "LOCALIDAD": "2", "SECCATASTR": "CHAPINERO CENTRAL", "LATITUD": 4.644719459, "LONGITUD": -74.06371894 }, "geometry": { "type": "Point", "coordinates": [ -8244735.478700000792742, 517615.045800000429153 ] } },
{ "type": "Feature", "properties": { "REGNTURISM": 20484, "NOMESTABLE": "HOTEL BH PARQUE 93", "SUBCATRNT": "9", "LOCALIDAD": "2", "SECCATASTR": "CHICO NORTE", "LATITUD": 4.678111086, "LONGITUD": -74.05034598 }, "geometry": { "type": "Point", "coordinates": [ -8243246.807600000873208, 521344.520599998533726 ] } },
{ "type": "Feature", "properties": { "REGNTURISM": 20674, "NOMESTABLE": "HOTEL SAN JOSE BAVARIA 2", "SUBCATRNT": "9", "LOCALIDAD": "8", "SECCATASTR": "COOPERATIVA DE SUB-OFICIALES", "LATITUD": 4.643475413, "LONGITUD": -74.13002873000001 }, "geometry": { "type": "Point", "coordinates": [ -8252117.050699999555945, 517476.103100001811981 ] } },
{ "type": "Feature", "properties": { "REGNTURISM": 20799, "NOMESTABLE": "ONE SIXTEEN HOTEL", "SUBCATRNT": "9", "LOCALIDAD": "1", "SECCATASTR": "SANTA BARBARA OCCIDENTAL", "LATITUD": 4.6986757, "LONGITUD": -74.049196 }, "geometry": { "type": "Point", "coordinates": [ -8243118.792400000616908, 523641.448600001633167 ] } },
{ "type": "Feature", "properties": { "REGNTURISM": 20809, "NOMESTABLE": "HOTEL QUINTAS DE NORMANDIA", "SUBCATRNT": "9", "LOCALIDAD": "10", "SECCATASTR": "NORMANDIA", "LATITUD": 4.670741917, "LONGITUD": -74.10565634 }, "geometry": { "type": "Point", "coordinates": [ -8249403.9287, 520521.450800001621246 ] } },
{ "type": "Feature", "properties": { "REGNTURISM": 20994, "NOMESTABLE": "HOTEL EJECUTIVO AVENIDA LA ESPERANZA", "SUBCATRNT": "9", "LOCALIDAD": "13", "SECCATASTR": "ORTEZAL", "LATITUD": 4.636118567, "LONGITUD": -74.09661284000001 }, "geometry": { "type": "Point", "coordinates": [ -8248397.210899999365211, 516654.450100000947714 ] } },
{ "type": "Feature", "properties": { "REGNTURISM": 21160, "NOMESTABLE": "HOTEL J W MARRIOTT BOGOTA", "SUBCATRNT": "9", "LOCALIDAD": "2", "SECCATASTR": "PORCIUNCULA", "LATITUD": 4.656555286, "LONGITUD": -74.05559811000001 }, "geometry": { "type": "Point", "coordinates": [ -8243831.471999999135733, 518936.956300001591444 ] } },
{ "type": "Feature", "properties": { "REGNTURISM": 21242, "NOMESTABLE": "DOUBLE TREE BY HILTON BOGOTA SALITRE AR", "SUBCATRNT": "9", "LOCALIDAD": "13", "SECCATASTR": "CIUDAD SALITRE SUR-ORIENTAL", "LATITUD": 4.641396547, "LONGITUD": -74.10514313 }, "geometry": { "type": "Point", "coordinates": [ -8249346.79839999973774, 517243.923000000417233 ] } },
{ "type": "Feature", "properties": { "REGNTURISM": 21426, "NOMESTABLE": "HOTEL TURCANA", "SUBCATRNT": "9", "LOCALIDAD": "3", "SECCATASTR": "LA ALAMEDA", "LATITUD": 4.609719714, "LONGITUD": -74.07272389000001 }, "geometry": { "type": "Point", "coordinates": [ -8245737.905099999159575, 513706.151599999517202 ] } },
{ "type": "Feature", "properties": { "REGNTURISM": 21490, "NOMESTABLE": "HOTEL CABRERA REAL", "SUBCATRNT": "9", "LOCALIDAD": "13", "SECCATASTR": "TEUSAQUILLO", "LATITUD": 4.624154553, "LONGITUD": -74.07028126 }, "geometry": { "type": "Point", "coordinates": [ -8245465.992799999192357, 515318.261599998921156 ] } },
{ "type": "Feature", "properties": { "REGNTURISM": 21549, "NOMESTABLE": "HOTEL HOSPEDAJE NATALY", "SUBCATRNT": "9", "LOCALIDAD": "2", "SECCATASTR": "CHAPINERO CENTRAL", "LATITUD": 4.644753886, "LONGITUD": -74.06352514 }, "geometry": { "type": "Point", "coordinates": [ -8244713.904899999499321, 517618.890799999237061 ] } },
{ "type": "Feature", "properties": { "REGNTURISM": 21638, "NOMESTABLE": "HOTEL IBIS BOGOTA MUSEO", "SUBCATRNT": "9", "LOCALIDAD": "3", "SECCATASTR": "SAN DIEGO", "LATITUD": 4.614644186, "LONGITUD": -74.0688176 }, "geometry": { "type": "Point", "coordinates": [ -8245303.058900000527501, 514256.12220000103116 ] } },
{ "type": "Feature", "properties": { "REGNTURISM": 21733, "NOMESTABLE": "HOSTAL SUEÑOS INN", "SUBCATRNT": "9", "LOCALIDAD": "8", "SECCATASTR": "CIUDAD KENNEDY CENTRAL", "LATITUD": 4.621848108, "LONGITUD": -74.15161464000001 }, "geometry": { "type": "Point", "coordinates": [ -8254519.983200000599027, 515060.671300001442432 ] } },
{ "type": "Feature", "properties": { "REGNTURISM": 21893, "NOMESTABLE": "HOTEL HUMBRAL DE FATIMA", "SUBCATRNT": "9", "LOCALIDAD": "6", "SECCATASTR": "FATIMA", "LATITUD": 4.589011915, "LONGITUD": -74.13945765 }, "geometry": { "type": "Point", "coordinates": [ -8253166.6733, 511393.522700000554323 ] } },
{ "type": "Feature", "properties": { "REGNTURISM": 21958, "NOMESTABLE": "HOSPEDAJE NUEVO PACANDE", "SUBCATRNT": "9", "LOCALIDAD": "14", "SECCATASTR": "LA FAVORITA", "LATITUD": 4.608594291, "LONGITUD": -74.07850248 }, "geometry": { "type": "Point", "coordinates": [ -8246381.174799999222159, 513580.463599998503923 ] } },
{ "type": "Feature", "properties": { "REGNTURISM": 22761, "NOMESTABLE": "WINDSOR CASTLE", "SUBCATRNT": "9", "LOCALIDAD": "14", "SECCATASTR": "RICAURTE", "LATITUD": 4.607416066, "LONGITUD": -74.09143485 }, "geometry": { "type": "Point", "coordinates": [ -8247820.799599999561906, 513448.878899998962879 ] } },
{ "type": "Feature", "properties": { "REGNTURISM": 22848, "NOMESTABLE": "SWEET HOME HOTEL", "SUBCATRNT": "9", "LOCALIDAD": "13", "SECCATASTR": "QUINTA PAREDES", "LATITUD": 4.632762054, "LONGITUD": -74.09297824 }, "geometry": { "type": "Point", "coordinates": [ -8247992.608999999240041, 516279.579199999570847 ] } },
{ "type": "Feature", "properties": { "REGNTURISM": 22965, "NOMESTABLE": "HOTEL INN 72 S A S", "SUBCATRNT": "9", "LOCALIDAD": "12", "SECCATASTR": "COLOMBIA", "LATITUD": 4.660462709, "LONGITUD": -74.0641169 }, "geometry": { "type": "Point", "coordinates": [ -8244779.779400000348687, 519373.370299998670816 ] } },
{ "type": "Feature", "properties": { "REGNTURISM": 23106, "NOMESTABLE": "NOVOTEL BOGOTA PARQUE 93", "SUBCATRNT": "9", "LOCALIDAD": "2", "SECCATASTR": "CHICO NORTE", "LATITUD": 4.675159817, "LONGITUD": -74.04928215 }, "geometry": { "type": "Point", "coordinates": [ -8243128.382500000298023, 521014.889400001615286 ] } },
{ "type": "Feature", "properties": { "REGNTURISM": 23111, "NOMESTABLE": "HOTEL FENIX REAL", "SUBCATRNT": "9", "LOCALIDAD": "12", "SECCATASTR": "COLOMBIA", "LATITUD": 4.660414178, "LONGITUD": -74.06414854000001 }, "geometry": { "type": "Point", "coordinates": [ -8244783.3015, 519367.949999999254942 ] } },
{ "type": "Feature", "properties": { "REGNTURISM": 23215, "NOMESTABLE": "COMPLEJO HOTELERO METRO 127", "SUBCATRNT": "9", "LOCALIDAD": "1", "SECCATASTR": "0", "LATITUD": 4.703402692, "LONGITUD": -74.04369374 }, "geometry": { "type": "Point", "coordinates": [ -8242506.283600000664592, 524169.431099999696016 ] } },
{ "type": "Feature", "properties": { "REGNTURISM": 23250, "NOMESTABLE": "NORTH HOUSE HOSTEL'S", "SUBCATRNT": "8", "LOCALIDAD": "12", "SECCATASTR": "JUAN XXIII", "LATITUD": 4.668253747, "LONGITUD": -74.06406063 }, "geometry": { "type": "Point", "coordinates": [ -8244773.5154, 520243.546599999070168 ] } },
{ "type": "Feature", "properties": { "REGNTURISM": 23260, "NOMESTABLE": "MERCURE BOGOTA BH ZONA FINANCIERA", "SUBCATRNT": "9", "LOCALIDAD": "2", "SECCATASTR": "CHAPINERO NORTE", "LATITUD": 4.649430777, "LONGITUD": -74.05914608 }, "geometry": { "type": "Point", "coordinates": [ -8244226.43019999936223, 518141.237100001424551 ] } },
{ "type": "Feature", "properties": { "REGNTURISM": 23487, "NOMESTABLE": "HOSPEDAJE MUNZA III", "SUBCATRNT": "9", "LOCALIDAD": "9", "SECCATASTR": "SAN JOSE DE FONTIBON", "LATITUD": 4.685332111, "LONGITUD": -74.13422615 }, "geometry": { "type": "Point", "coordinates": [ -8252584.305400000885129, 522151.052499998360872 ] } },
{ "type": "Feature", "properties": { "REGNTURISM": 23503, "NOMESTABLE": "HOTEL MUISCA", "SUBCATRNT": "9", "LOCALIDAD": "17", "SECCATASTR": "EGIPTO", "LATITUD": 4.593803344, "LONGITUD": -74.07033006 }, "geometry": { "type": "Point", "coordinates": [ -8245471.425200000405312, 511928.619300000369549 ] } },
{ "type": "Feature", "properties": { "REGNTURISM": 24173, "NOMESTABLE": "HOSPEDAJE LA GRAN COLOMBIA", "SUBCATRNT": "9", "LOCALIDAD": "2", "SECCATASTR": "MARLY", "LATITUD": 4.635468844, "LONGITUD": -74.06601 }, "geometry": { "type": "Point", "coordinates": [ -8244990.518300000578165, 516581.885899998247623 ] } },
{ "type": "Feature", "properties": { "REGNTURISM": 24182, "NOMESTABLE": "BEST WESTERN PLUS 93 PARK", "SUBCATRNT": "9", "LOCALIDAD": "2", "SECCATASTR": "CHICO NORTE", "LATITUD": 4.675937779, "LONGITUD": -74.05064815 }, "geometry": { "type": "Point", "coordinates": [ -8243280.445000000298023, 521101.780900001525879 ] } },
{ "type": "Feature", "properties": { "REGNTURISM": 24200, "NOMESTABLE": "HOTEL CASA PAULINA", "SUBCATRNT": "9", "LOCALIDAD": "12", "SECCATASTR": "BAQUERO", "LATITUD": 4.650299236, "LONGITUD": -74.06785305 }, "geometry": { "type": "Point", "coordinates": [ -8245195.685699999332428, 518238.232799999415874 ] } },
{ "type": "Feature", "properties": { "REGNTURISM": 24404, "NOMESTABLE": "HOTEL REAL ESTACION", "SUBCATRNT": "9", "LOCALIDAD": "13", "SECCATASTR": "EL RECUERDO", "LATITUD": 4.632944968, "LONGITUD": -74.08927942 }, "geometry": { "type": "Point", "coordinates": [ -8247580.858300000429153, 516300.007800001651049 ] } },
{ "type": "Feature", "properties": { "REGNTURISM": 24501, "NOMESTABLE": "HOTEL RADEL BOGOTA", "SUBCATRNT": "9", "LOCALIDAD": "13", "SECCATASTR": "QUINTA PAREDES", "LATITUD": 4.634326978, "LONGITUD": -74.09460007 }, "geometry": { "type": "Point", "coordinates": [ -8248173.150299999862909, 516454.356899999082088 ] } },
{ "type": "Feature", "properties": { "REGNTURISM": 24619, "NOMESTABLE": "APARTAHOTEL 122 PLAZA", "SUBCATRNT": "7", "LOCALIDAD": "1", "SECCATASTR": "SANTA BARBARA OCCIDENTAL", "LATITUD": 4.701202092, "LONGITUD": -74.04381225 }, "geometry": { "type": "Point", "coordinates": [ -8242519.476099999621511, 523923.634100001305342 ] } },
{ "type": "Feature", "properties": { "REGNTURISM": 24661, "NOMESTABLE": "HOTEL HOLIDAY INN BOGOTA AIRPORT", "SUBCATRNT": "9", "LOCALIDAD": "9", "SECCATASTR": "LA ESPERANZA NORTE", "LATITUD": 4.661847079, "LONGITUD": -74.10953125 }, "geometry": { "type": "Point", "coordinates": [ -8249835.281700000166893, 519527.989100001752377 ] } },
{ "type": "Feature", "properties": { "REGNTURISM": 24890, "NOMESTABLE": "HOTEL BOGOTA ASTRAL HBAC SAS", "SUBCATRNT": "9", "LOCALIDAD": "2", "SECCATASTR": "SUCRE", "LATITUD": 4.631138463, "LONGITUD": -74.06528888 }, "geometry": { "type": "Point", "coordinates": [ -8244910.243599999696016, 516098.249600000679493 ] } },
{ "type": "Feature", "properties": { "REGNTURISM": 25075, "NOMESTABLE": "HOTEL CALLE 112", "SUBCATRNT": "9", "LOCALIDAD": "1", "SECCATASTR": "MOLINOS NORTE", "LATITUD": 4.694325857, "LONGITUD": -74.04336376000001 }, "geometry": { "type": "Point", "coordinates": [ -8242469.5504, 523155.594999998807907 ] } },
{ "type": "Feature", "properties": { "REGNTURISM": 25228, "NOMESTABLE": "CASA SARITA", "SUBCATRNT": "9", "LOCALIDAD": "13", "SECCATASTR": "SAN LUIS", "LATITUD": 4.644371236, "LONGITUD": -74.07257092 }, "geometry": { "type": "Point", "coordinates": [ -8245720.876599999144673, 517576.154100000858307 ] } },
{ "type": "Feature", "properties": { "REGNTURISM": 25287, "NOMESTABLE": "HOTEL HILTON BOGOTA", "SUBCATRNT": "9", "LOCALIDAD": "2", "SECCATASTR": "PORCIUNCULA", "LATITUD": 4.655669222, "LONGITUD": -74.05522788 }, "geometry": { "type": "Point", "coordinates": [ -8243790.258199999108911, 518837.993500001728535 ] } },
{ "type": "Feature", "properties": { "REGNTURISM": 25609, "NOMESTABLE": "ALOFT BOGOTA AIRPORT HOTEL", "SUBCATRNT": "9", "LOCALIDAD": "10", "SECCATASTR": "LOS ALAMOS", "LATITUD": 4.682632741, "LONGITUD": -74.12141826 }, "geometry": { "type": "Point", "coordinates": [ -8251158.537599999457598, 521849.552999999374151 ] } },
{ "type": "Feature", "properties": { "REGNTURISM": 25613, "NOMESTABLE": "HOTEL CONFORT BOGOTA", "SUBCATRNT": "9", "LOCALIDAD": "10", "SECCATASTR": "NORMANDIA", "LATITUD": 4.665405658, "LONGITUD": -74.10811635 }, "geometry": { "type": "Point", "coordinates": [ -8249677.775699999183416, 519925.444200001657009 ] } },
{ "type": "Feature", "properties": { "REGNTURISM": 25614, "NOMESTABLE": "HOTEL BOUTIQUE DE LA FERIA", "SUBCATRNT": "9", "LOCALIDAD": "13", "SECCATASTR": "QUINTA PAREDES", "LATITUD": 4.632718616, "LONGITUD": -74.09106348 }, "geometry": { "type": "Point", "coordinates": [ -8247779.45890000090003, 516274.727800000458956 ] } },
{ "type": "Feature", "properties": { "REGNTURISM": 25781, "NOMESTABLE": "HOTEL CENTRAL HOUSE BOGOTA", "SUBCATRNT": "9", "LOCALIDAD": "13", "SECCATASTR": "EL RECUERDO", "LATITUD": 4.63264851, "LONGITUD": -74.08820427000001 }, "geometry": { "type": "Point", "coordinates": [ -8247461.173100000247359, 516266.89809999987483 ] } },
{ "type": "Feature", "properties": { "REGNTURISM": 25794, "NOMESTABLE": "N H ROYAL URBAN 93", "SUBCATRNT": "9", "LOCALIDAD": "2", "SECCATASTR": "CHICO NORTE", "LATITUD": 4.680029509, "LONGITUD": -74.05356301 }, "geometry": { "type": "Point", "coordinates": [ -8243604.925699999555945, 521558.792599998414516 ] } },
{ "type": "Feature", "properties": { "REGNTURISM": 25949, "NOMESTABLE": "BUSSINES HOTEL", "SUBCATRNT": "9", "LOCALIDAD": "9", "SECCATASTR": "CENTRO FONTIBON", "LATITUD": 4.674408457, "LONGITUD": -74.14549279000001 }, "geometry": { "type": "Point", "coordinates": [ -8253838.502000000327826, 520930.969200000166893 ] } },
{ "type": "Feature", "properties": { "REGNTURISM": 25983, "NOMESTABLE": "MASAYA BOGOTA", "SUBCATRNT": "9", "LOCALIDAD": "17", "SECCATASTR": "LA CONCORDIA", "LATITUD": 4.596699928, "LONGITUD": -74.07007547000001 }, "geometry": { "type": "Point", "coordinates": [ -8245443.084300000220537, 512252.105399999767542 ] } },
{ "type": "Feature", "properties": { "REGNTURISM": 26012, "NOMESTABLE": "LLOYD S APARTASUITES", "SUBCATRNT": "7", "LOCALIDAD": "2", "SECCATASTR": "CHICO NORTE", "LATITUD": 4.677960331, "LONGITUD": -74.04591628 }, "geometry": { "type": "Point", "coordinates": [ -8242753.695599999278784, 521327.682599999010563 ] } },
{ "type": "Feature", "properties": { "REGNTURISM": 26078, "NOMESTABLE": "HOTEL PARK WAY INN", "SUBCATRNT": "9", "LOCALIDAD": "13", "SECCATASTR": "LA SOLEDAD", "LATITUD": 4.629272147, "LONGITUD": -74.07567297 }, "geometry": { "type": "Point", "coordinates": [ -8246066.1952, 515889.811999998986721 ] } },
{ "type": "Feature", "properties": { "REGNTURISM": 26154, "NOMESTABLE": "LAFONT PARK HOTEL", "SUBCATRNT": "9", "LOCALIDAD": "9", "SECCATASTR": "CENTRO FONTIBON", "LATITUD": 4.6716463, "LONGITUD": -74.14429083 }, "geometry": { "type": "Point", "coordinates": [ -8253704.700400000438094, 520622.461800001561642 ] } },
{ "type": "Feature", "properties": { "REGNTURISM": 26338, "NOMESTABLE": "HOTEL BOGOTA EXPO COMFORT", "SUBCATRNT": "9", "LOCALIDAD": "13", "SECCATASTR": "QUINTA PAREDES", "LATITUD": 4.632699509, "LONGITUD": -74.09040802 }, "geometry": { "type": "Point", "coordinates": [ -8247706.49349999986589, 516272.593899998813868 ] } },
{ "type": "Feature", "properties": { "REGNTURISM": 26486, "NOMESTABLE": "BOG HOTEL OPERADORA SAS", "SUBCATRNT": "9", "LOCALIDAD": "2", "SECCATASTR": "LA CABRERA", "LATITUD": 4.669419913, "LONGITUD": -74.05024025 }, "geometry": { "type": "Point", "coordinates": [ -8243235.037699999287724, 520373.795800000429153 ] } },
{ "type": "Feature", "properties": { "REGNTURISM": 26574, "NOMESTABLE": "HOTEL COLONIAL FONTIBON", "SUBCATRNT": "9", "LOCALIDAD": "9", "SECCATASTR": "VILLEMAR", "LATITUD": 4.66819304, "LONGITUD": -74.14184637 }, "geometry": { "type": "Point", "coordinates": [ -8253432.5844, 520236.766199998557568 ] } },
{ "type": "Feature", "properties": { "REGNTURISM": 26651, "NOMESTABLE": "HOTEL ESTELAR PARQUE DE LA 93", "SUBCATRNT": "9", "LOCALIDAD": "2", "SECCATASTR": "CHICO NORTE", "LATITUD": 4.674368985, "LONGITUD": -74.04797607 }, "geometry": { "type": "Point", "coordinates": [ -8242982.990399999544024, 520926.560600001364946 ] } },
{ "type": "Feature", "properties": { "REGNTURISM": 26668, "NOMESTABLE": "HOTELES B3 CORP. COLOMBIA", "SUBCATRNT": "9", "LOCALIDAD": "2", "SECCATASTR": "EL CHICO", "LATITUD": 4.673624188, "LONGITUD": -74.05344405 }, "geometry": { "type": "Point", "coordinates": [ -8243591.6831, 520843.373500000685453 ] } },
{ "type": "Feature", "properties": { "REGNTURISM": 26808, "NOMESTABLE": "DIPLOMAT WYNDHAM BOGOTA", "SUBCATRNT": "9", "LOCALIDAD": "13", "SECCATASTR": "CIUDAD SALITRE NOR-ORIENTAL", "LATITUD": 4.639066047, "LONGITUD": -74.09825861 }, "geometry": { "type": "Point", "coordinates": [ -8248580.417099999263883, 516983.639800000935793 ] } },
{ "type": "Feature", "properties": { "REGNTURISM": 26809, "NOMESTABLE": "DIPLOMAT EMBAJADA", "SUBCATRNT": "9", "LOCALIDAD": "13", "SECCATASTR": "CIUDAD SALITRE NOR-ORIENTAL", "LATITUD": 4.639066047, "LONGITUD": -74.09825861 }, "geometry": { "type": "Point", "coordinates": [ -8248580.417099999263883, 516983.639800000935793 ] } },
{ "type": "Feature", "properties": { "REGNTURISM": 26834, "NOMESTABLE": "SPLENDOR APARTAHOTEL", "SUBCATRNT": "7", "LOCALIDAD": "13", "SECCATASTR": "ORTEZAL", "LATITUD": 4.632131005, "LONGITUD": -74.09434249 }, "geometry": { "type": "Point", "coordinates": [ -8248144.476600000634789, 516209.100900001823902 ] } },
{ "type": "Feature", "properties": { "REGNTURISM": 26930, "NOMESTABLE": "BOGOTA 1", "SUBCATRNT": "9", "LOCALIDAD": "2", "SECCATASTR": "CHICO NORTE II SECTOR", "LATITUD": 4.684276558, "LONGITUD": -74.04737104 }, "geometry": { "type": "Point", "coordinates": [ -8242915.63880000077188, 522033.154899999499321 ] } },
{ "type": "Feature", "properties": { "REGNTURISM": 26990, "NOMESTABLE": "HOTEL DORADO PLAZA BOGOTA", "SUBCATRNT": "9", "LOCALIDAD": "13", "SECCATASTR": "GRAN AMERICA", "LATITUD": 4.625855468, "LONGITUD": -74.08470368 }, "geometry": { "type": "Point", "coordinates": [ -8247071.489199999719858, 515508.225099999457598 ] } },
{ "type": "Feature", "properties": { "REGNTURISM": 27003, "NOMESTABLE": "DOUBLE TREE BY HILTON BOGOTA  PARQUE 93", "SUBCATRNT": "9", "LOCALIDAD": "2", "SECCATASTR": "CHICO NORTE II SECTOR", "LATITUD": 4.680517019, "LONGITUD": -74.0462088 }, "geometry": { "type": "Point", "coordinates": [ -8242786.2588, 521613.243500001728535 ] } },
{ "type": "Feature", "properties": { "REGNTURISM": 27229, "NOMESTABLE": "HOTEL SANTIAGO PLAZA", "SUBCATRNT": "9", "LOCALIDAD": "13", "SECCATASTR": "QUINTA PAREDES", "LATITUD": 4.632997085, "LONGITUD": -74.09172008 }, "geometry": { "type": "Point", "coordinates": [ -8247852.551300000399351, 516305.828400000929832 ] } },
{ "type": "Feature", "properties": { "REGNTURISM": 27510, "NOMESTABLE": "HOTEL MORRISON 114", "SUBCATRNT": "9", "LOCALIDAD": "1", "SECCATASTR": "SAN PATRICIO", "LATITUD": 4.696844703, "LONGITUD": -74.05003777 }, "geometry": { "type": "Point", "coordinates": [ -8243212.4978, 523436.935899998992682 ] } },
{ "type": "Feature", "properties": { "REGNTURISM": 27702, "NOMESTABLE": "MIRADOR DEL RECUERDO SAS", "SUBCATRNT": "9", "LOCALIDAD": "13", "SECCATASTR": "EL RECUERDO", "LATITUD": 4.632597276, "LONGITUD": -74.08883291 }, "geometry": { "type": "Point", "coordinates": [ -8247531.153000000864267, 516261.175999999046326 ] } },
{ "type": "Feature", "properties": { "REGNTURISM": 27719, "NOMESTABLE": "BH BICENTENARIO ZONA LA CANDELARIA", "SUBCATRNT": "9", "LOCALIDAD": "3", "SECCATASTR": "VERACRUZ", "LATITUD": 4.601121324, "LONGITUD": -74.07004189 }, "geometry": { "type": "Point", "coordinates": [ -8245439.346200000494719, 512745.882699999958277 ] } },
{ "type": "Feature", "properties": { "REGNTURISM": 28077, "NOMESTABLE": "HOTEL PARAISO AZUL", "SUBCATRNT": "9", "LOCALIDAD": "11", "SECCATASTR": "LAS FLORES", "LATITUD": 4.739316096, "LONGITUD": -74.08674757 }, "geometry": { "type": "Point", "coordinates": [ -8247299.014000000432134, 528180.904899999499321 ] } },
{ "type": "Feature", "properties": { "REGNTURISM": 28106, "NOMESTABLE": "HOTEL ECOFERIA BOUTIQUE", "SUBCATRNT": "9", "LOCALIDAD": "13", "SECCATASTR": "ORTEZAL", "LATITUD": 4.632884884, "LONGITUD": -74.09435923 }, "geometry": { "type": "Point", "coordinates": [ -8248146.340099999681115, 516293.2972999997437 ] } },
{ "type": "Feature", "properties": { "REGNTURISM": 28149, "NOMESTABLE": "HOTEL SUNA BACATA", "SUBCATRNT": "9", "LOCALIDAD": "13", "SECCATASTR": "ACEVEDO TEJADA", "LATITUD": 4.632740009, "LONGITUD": -74.08061179000001 }, "geometry": { "type": "Point", "coordinates": [ -8246615.982100000604987, 516277.11710000038147 ] } },
{ "type": "Feature", "properties": { "REGNTURISM": 28266, "NOMESTABLE": "HOTEL HOSPEDAJE DEL NORTE EXTRELLA", "SUBCATRNT": "9", "LOCALIDAD": "12", "SECCATASTR": "COLOMBIA", "LATITUD": 4.659380347, "LONGITUD": -74.06866383000001 }, "geometry": { "type": "Point", "coordinates": [ -8245285.941299999132752, 519252.482799999415874 ] } },
{ "type": "Feature", "properties": { "REGNTURISM": 28275, "NOMESTABLE": "THE ORCHIDS HOTEL", "SUBCATRNT": "9", "LOCALIDAD": "17", "SECCATASTR": "CENTRO ADMINISTRATIVO", "LATITUD": 4.596718865, "LONGITUD": -74.0738803 }, "geometry": { "type": "Point", "coordinates": [ -8245866.636099999770522, 512254.220300000160933 ] } },
{ "type": "Feature", "properties": { "REGNTURISM": 28376, "NOMESTABLE": "HOTEL LA ESTANCIA", "SUBCATRNT": "9", "LOCALIDAD": "9", "SECCATASTR": "EL CARMEN FONTIBON", "LATITUD": 4.679374485, "LONGITUD": -74.15207575 }, "geometry": { "type": "Point", "coordinates": [ -8254571.313799999654293, 521485.631799999624491 ] } },
{ "type": "Feature", "properties": { "REGNTURISM": 28380, "NOMESTABLE": "HARRINGTON 63 HOTEL", "SUBCATRNT": "9", "LOCALIDAD": "13", "SECCATASTR": "CAMPIN OCCIDENTAL", "LATITUD": 4.650229658, "LONGITUD": -74.08084086 }, "geometry": { "type": "Point", "coordinates": [ -8246641.482100000604987, 518230.461800001561642 ] } },
{ "type": "Feature", "properties": { "REGNTURISM": 28419, "NOMESTABLE": "HOTEL ESTELAR CALLE 1", "SUBCATRNT": "9", "LOCALIDAD": "2", "SECCATASTR": "CHICO NORTE II SECTOR", "LATITUD": 4.684276558, "LONGITUD": -74.04737104 }, "geometry": { "type": "Point", "coordinates": [ -8242915.63880000077188, 522033.154899999499321 ] } },
{ "type": "Feature", "properties": { "REGNTURISM": 28511, "NOMESTABLE": "NABUSIMAKE HOTEL", "SUBCATRNT": "9", "LOCALIDAD": "9", "SECCATASTR": "MODELIA OCCIDENTAL", "LATITUD": 4.665946119, "LONGITUD": -74.12656127 }, "geometry": { "type": "Point", "coordinates": [ -8251731.0548, 519985.80799999833107 ] } },
{ "type": "Feature", "properties": { "REGNTURISM": 29220, "NOMESTABLE": "HOTEL BIOXURY", "SUBCATRNT": "9", "LOCALIDAD": "2", "SECCATASTR": "EL RETIRO", "LATITUD": 4.66576588, "LONGITUD": -74.05068623 }, "geometry": { "type": "Point", "coordinates": [ -8243284.684000000357628, 519965.677200000733137 ] } },
{ "type": "Feature", "properties": { "REGNTURISM": 29912, "NOMESTABLE": "HOTEL COSMOPOLITAN BOGOTA", "SUBCATRNT": "9", "LOCALIDAD": "13", "SECCATASTR": "QUINTA PAREDES", "LATITUD": 4.633699922, "LONGITUD": -74.09106919 }, "geometry": { "type": "Point", "coordinates": [ -8247780.0945999994874, 516384.324400000274181 ] } },
{ "type": "Feature", "properties": { "REGNTURISM": 29986, "NOMESTABLE": "HOTEL LIMA", "SUBCATRNT": "9", "LOCALIDAD": "3", "SECCATASTR": "VERACRUZ", "LATITUD": 4.601590415, "LONGITUD": -74.06979015 }, "geometry": { "type": "Point", "coordinates": [ -8245411.322699999436736, 512798.270599998533726 ] } },
{ "type": "Feature", "properties": { "REGNTURISM": 30627, "NOMESTABLE": "HOTEL ESMERALDA IDEAL", "SUBCATRNT": "9", "LOCALIDAD": "12", "SECCATASTR": "COLOMBIA", "LATITUD": 4.660464544, "LONGITUD": -74.06858529 }, "geometry": { "type": "Point", "coordinates": [ -8245277.198300000280142, 519373.575300000607967 ] } },
{ "type": "Feature", "properties": { "REGNTURISM": 30843, "NOMESTABLE": "CASA MAHANAIM", "SUBCATRNT": "9", "LOCALIDAD": "13", "SECCATASTR": "QUINTA PAREDES", "LATITUD": 4.63221922, "LONGITUD": -74.09097861 }, "geometry": { "type": "Point", "coordinates": [ -8247770.011199999600649, 516218.953099999576807 ] } },
{ "type": "Feature", "properties": { "REGNTURISM": 30846, "NOMESTABLE": "HOTEL SAINT SIMON BOGOTA", "SUBCATRNT": "9", "LOCALIDAD": "2", "SECCATASTR": "ESPARTILLAL", "LATITUD": 4.667129792, "LONGITUD": -74.05568892 }, "geometry": { "type": "Point", "coordinates": [ -8243841.580900000408292, 520118.012200001627207 ] } },
{ "type": "Feature", "properties": { "REGNTURISM": 30972, "NOMESTABLE": "HOTEL REGINA BY GRACE", "SUBCATRNT": "9", "LOCALIDAD": "3", "SECCATASTR": "VERACRUZ", "LATITUD": 4.600988149, "LONGITUD": -74.07180838 }, "geometry": { "type": "Point", "coordinates": [ -8245635.99100000038743, 512731.009799998253584 ] } },
{ "type": "Feature", "properties": { "REGNTURISM": 31074, "NOMESTABLE": "HOTEL BOUTIQUE FERIA INTERNACIONAL", "SUBCATRNT": "9", "LOCALIDAD": "13", "SECCATASTR": "QUINTA PAREDES", "LATITUD": 4.631772762, "LONGITUD": -74.09288299000001 }, "geometry": { "type": "Point", "coordinates": [ -8247982.005899999290705, 516169.090799998492002 ] } },
{ "type": "Feature", "properties": { "REGNTURISM": 31097, "NOMESTABLE": "N H ROYAL URBAN 26", "SUBCATRNT": "9", "LOCALIDAD": "13", "SECCATASTR": "GRAN AMERICA", "LATITUD": 4.629650353, "LONGITUD": -74.08323534 }, "geometry": { "type": "Point", "coordinates": [ -8246908.034399999305606, 515932.051500000059605 ] } },
{ "type": "Feature", "properties": { "REGNTURISM": 31117, "NOMESTABLE": "HOTEL IMPERIAL 34", "SUBCATRNT": "9", "LOCALIDAD": "13", "SECCATASTR": "LA SOLEDAD", "LATITUD": 4.624090891, "LONGITUD": -74.07530443 }, "geometry": { "type": "Point", "coordinates": [ -8246025.16950000077486, 515311.151599999517202 ] } },
{ "type": "Feature", "properties": { "REGNTURISM": 31191, "NOMESTABLE": "HOTEL CASA SABELLE", "SUBCATRNT": "9", "LOCALIDAD": "3", "SECCATASTR": "SAMPER", "LATITUD": 4.620276774, "LONGITUD": -74.06939737 }, "geometry": { "type": "Point", "coordinates": [ -8245367.598600000143051, 514885.180700000375509 ] } },
{ "type": "Feature", "properties": { "REGNTURISM": 31376, "NOMESTABLE": "EK HOTEL", "SUBCATRNT": "9", "LOCALIDAD": "2", "SECCATASTR": "EL CHICO", "LATITUD": 4.672239762, "LONGITUD": -74.04902335 }, "geometry": { "type": "Point", "coordinates": [ -8243099.573100000619888, 520688.745900001376867 ] } },
{ "type": "Feature", "properties": { "REGNTURISM": 31452, "NOMESTABLE": "GHL COLLECTION 93 BOGOTA HOTEL", "SUBCATRNT": "9", "LOCALIDAD": "2", "SECCATASTR": "CHICO NORTE", "LATITUD": 4.67486654, "LONGITUD": -74.04885776 }, "geometry": { "type": "Point", "coordinates": [ -8243081.139699999243021, 520982.133000001311302 ] } },
{ "type": "Feature", "properties": { "REGNTURISM": 31719, "NOMESTABLE": "CLICK CLACK HOTEL", "SUBCATRNT": "9", "LOCALIDAD": "2", "SECCATASTR": "CHICO NORTE", "LATITUD": 4.675287849, "LONGITUD": -74.04730407 }, "geometry": { "type": "Point", "coordinates": [ -8242908.183700000867248, 521029.189500000327826 ] } },
{ "type": "Feature", "properties": { "REGNTURISM": 32064, "NOMESTABLE": "VILAR AMERICA SUITES", "SUBCATRNT": "9", "LOCALIDAD": "2", "SECCATASTR": "CHAPINERO NORTE", "LATITUD": 4.650857136, "LONGITUD": -74.05972188 }, "geometry": { "type": "Point", "coordinates": [ -8244290.528000000864267, 518300.543099999427795 ] } },
{ "type": "Feature", "properties": { "REGNTURISM": 32084, "NOMESTABLE": "HOTEL MGR III", "SUBCATRNT": "7", "LOCALIDAD": "1", "SECCATASTR": "SAN CRISTOBAL NORTE", "LATITUD": 4.73923716, "LONGITUD": -74.02642353 }, "geometry": { "type": "Point", "coordinates": [ -8240583.772600000724196, 528172.087600000202656 ] } },
{ "type": "Feature", "properties": { "REGNTURISM": 32156, "NOMESTABLE": "HOTEL AVENIDA BOYACA", "SUBCATRNT": "9", "LOCALIDAD": "10", "SECCATASTR": "NORMANDIA", "LATITUD": 4.669500656, "LONGITUD": -74.10835009 }, "geometry": { "type": "Point", "coordinates": [ -8249703.795499999076128, 520382.813999999314547 ] } },
{ "type": "Feature", "properties": { "REGNTURISM": 32172, "NOMESTABLE": "HOTEL MACAO COLOMBIA SAS", "SUBCATRNT": "9", "LOCALIDAD": "13", "SECCATASTR": "ORTEZAL", "LATITUD": 4.633689866, "LONGITUD": -74.09491011 }, "geometry": { "type": "Point", "coordinates": [ -8248207.663799999281764, 516383.201299998909235 ] } },
{ "type": "Feature", "properties": { "REGNTURISM": 32185, "NOMESTABLE": "SANTA LUCIA HOTEL BOUTIQUE SPA", "SUBCATRNT": "9", "LOCALIDAD": "3", "SECCATASTR": "VERACRUZ", "LATITUD": 4.604086674, "LONGITUD": -74.07161467 }, "geometry": { "type": "Point", "coordinates": [ -8245614.427300000563264, 513077.051899999380112 ] } },
{ "type": "Feature", "properties": { "REGNTURISM": 32238, "NOMESTABLE": "HOTEL LAGO CHICO INN", "SUBCATRNT": "9", "LOCALIDAD": "2", "SECCATASTR": "LAGO GAITAN", "LATITUD": 4.666221096, "LONGITUD": -74.05859468 }, "geometry": { "type": "Point", "coordinates": [ -8244165.048599999397993, 520016.520100001245737 ] } },
{ "type": "Feature", "properties": { "REGNTURISM": 32279, "NOMESTABLE": "CASA HOTEL VICTORIA AVENIDA 3", "SUBCATRNT": "7", "LOCALIDAD": "16", "SECCATASTR": "SANTA MATILDE", "LATITUD": 4.599232861, "LONGITUD": -74.10642054 }, "geometry": { "type": "Point", "coordinates": [ -8249488.998999999836087, 512534.980599999427795 ] } },
{ "type": "Feature", "properties": { "REGNTURISM": 32409, "NOMESTABLE": "APARTAHOTEL SAN JOSE REAL", "SUBCATRNT": "7", "LOCALIDAD": "8", "SECCATASTR": "MARSELLA", "LATITUD": 4.630462161, "LONGITUD": -74.13216705000001 }, "geometry": { "type": "Point", "coordinates": [ -8252355.087400000542402, 516022.717399999499321 ] } },
{ "type": "Feature", "properties": { "REGNTURISM": 32896, "NOMESTABLE": "DC HOTEL FERIA", "SUBCATRNT": "9", "LOCALIDAD": "13", "SECCATASTR": "ORTEZAL", "LATITUD": 4.631461421, "LONGITUD": -74.09402294 }, "geometry": { "type": "Point", "coordinates": [ -8248108.904500000178814, 516134.318900000303984 ] } },
{ "type": "Feature", "properties": { "REGNTURISM": 32968, "NOMESTABLE": "COTTAGE LA COLINA", "SUBCATRNT": "9", "LOCALIDAD": "11", "SECCATASTR": "SUBA CERROS", "LATITUD": 4.74186162, "LONGITUD": -74.07431161 }, "geometry": { "type": "Point", "coordinates": [ -8245914.649299999698997, 528465.243999999016523 ] } },
{ "type": "Feature", "properties": { "REGNTURISM": 32982, "NOMESTABLE": "FJ BOUTIQUE HOTEL", "SUBCATRNT": "9", "LOCALIDAD": "13", "SECCATASTR": "QUINTA PAREDES", "LATITUD": 4.632946574, "LONGITUD": -74.09341654000001 }, "geometry": { "type": "Point", "coordinates": [ -8248041.400399999693036, 516300.187199998646975 ] } },
{ "type": "Feature", "properties": { "REGNTURISM": 33065, "NOMESTABLE": "HOTEL NORMANDY", "SUBCATRNT": "9", "LOCALIDAD": "12", "SECCATASTR": "CONCEPCION NORTE", "LATITUD": 4.65545972, "LONGITUD": -74.06359773 }, "geometry": { "type": "Point", "coordinates": [ -8244721.985600000247359, 518814.594700001180172 ] } },
{ "type": "Feature", "properties": { "REGNTURISM": 33325, "NOMESTABLE": "N H COLLECTION ROYAL TERRA 1", "SUBCATRNT": "9", "LOCALIDAD": "2", "SECCATASTR": "CHICO NORTE III SECTOR", "LATITUD": 4.685825576, "LONGITUD": -74.05320733000001 }, "geometry": { "type": "Point", "coordinates": [ -8243565.331599999219179, 522206.1689000017941 ] } },
{ "type": "Feature", "properties": { "REGNTURISM": 33586, "NOMESTABLE": "BIOHOTEL ORGANIC SUITES BOGOTA D.C.", "SUBCATRNT": "9", "LOCALIDAD": "1", "SECCATASTR": "SANTA BARBARA ORIENTAL", "LATITUD": 4.700229699, "LONGITUD": -74.02953704 }, "geometry": { "type": "Point", "coordinates": [ -8240930.367000000551343, 523815.02250000089407 ] } },
{ "type": "Feature", "properties": { "REGNTURISM": 33622, "NOMESTABLE": "HOTEL MONTECARLO BOUTIQUE", "SUBCATRNT": "9", "LOCALIDAD": "13", "SECCATASTR": "QUINTA PAREDES", "LATITUD": 4.634780489, "LONGITUD": -74.09241433 }, "geometry": { "type": "Point", "coordinates": [ -8247929.834899999201298, 516505.007100000977516 ] } },
{ "type": "Feature", "properties": { "REGNTURISM": 33629, "NOMESTABLE": "GRACE ZONA G", "SUBCATRNT": "7", "LOCALIDAD": "2", "SECCATASTR": "GRANADA", "LATITUD": 4.649736827, "LONGITUD": -74.05802663 }, "geometry": { "type": "Point", "coordinates": [ -8244101.8136, 518175.4189000017941 ] } },
{ "type": "Feature", "properties": { "REGNTURISM": 33658, "NOMESTABLE": "APARTAMENTOS LIVING 55 BY GRACE", "SUBCATRNT": "7", "LOCALIDAD": "2", "SECCATASTR": "CHAPINERO CENTRAL", "LATITUD": 4.642037844, "LONGITUD": -74.06448374 }, "geometry": { "type": "Point", "coordinates": [ -8244820.615800000727177, 517315.546799998730421 ] } },
{ "type": "Feature", "properties": { "REGNTURISM": 33682, "NOMESTABLE": "HOTEL PORTOFINO", "SUBCATRNT": "9", "LOCALIDAD": "13", "SECCATASTR": "GALERIAS", "LATITUD": 4.64173342, "LONGITUD": -74.07558268 }, "geometry": { "type": "Point", "coordinates": [ -8246056.144200000911951, 517281.546999998390675 ] } },
{ "type": "Feature", "properties": { "REGNTURISM": 33733, "NOMESTABLE": "HOTEL DORADO GOLD", "SUBCATRNT": "9", "LOCALIDAD": "10", "SECCATASTR": "NORMANDIA OCCIDENTAL", "LATITUD": 4.67322662, "LONGITUD": -74.10826697 }, "geometry": { "type": "Point", "coordinates": [ -8249694.542700000107288, 520798.968800000846386 ] } },
{ "type": "Feature", "properties": { "REGNTURISM": 33764, "NOMESTABLE": "HOTEL TEUSAQUILLO ASTRAL", "SUBCATRNT": "9", "LOCALIDAD": "13", "SECCATASTR": "ARMENIA", "LATITUD": 4.617160506, "LONGITUD": -74.07324903 }, "geometry": { "type": "Point", "coordinates": [ -8245796.363399999216199, 514537.149099998176098 ] } },
{ "type": "Feature", "properties": { "REGNTURISM": 33869, "NOMESTABLE": "SCALA 68", "SUBCATRNT": "9", "LOCALIDAD": "2", "SECCATASTR": "GRANADA", "LATITUD": 4.650757823, "LONGITUD": -74.05594119 }, "geometry": { "type": "Point", "coordinates": [ -8243869.663499999791384, 518289.451099999248981 ] } },
{ "type": "Feature", "properties": { "REGNTURISM": 34120, "NOMESTABLE": "HOTEL BRISTOL", "SUBCATRNT": "9", "LOCALIDAD": "3", "SECCATASTR": "LA ALAMEDA", "LATITUD": 4.612061385, "LONGITUD": -74.07364001000001 }, "geometry": { "type": "Point", "coordinates": [ -8245839.8871, 513967.671599999070168 ] } },
{ "type": "Feature", "properties": { "REGNTURISM": 34212, "NOMESTABLE": "HOSTAL JAMAICA", "SUBCATRNT": "9", "LOCALIDAD": "3", "SECCATASTR": "SAN BERNARDO", "LATITUD": 4.59083918, "LONGITUD": -74.08495083 }, "geometry": { "type": "Point", "coordinates": [ -8247099.001800000667572, 511597.587400000542402 ] } },
{ "type": "Feature", "properties": { "REGNTURISM": 34334, "NOMESTABLE": "HOSTAL TOSCANA", "SUBCATRNT": "8", "LOCALIDAD": "11", "SECCATASTR": "LAS FLORES", "LATITUD": 4.739310252, "LONGITUD": -74.0864435 }, "geometry": { "type": "Point", "coordinates": [ -8247265.165100000798702, 528180.252099998295307 ] } },
{ "type": "Feature", "properties": { "REGNTURISM": 34385, "NOMESTABLE": "APARTAHOTEL GALES REAL", "SUBCATRNT": "9", "LOCALIDAD": "14", "SECCATASTR": "EL VERGEL", "LATITUD": 4.597753297, "LONGITUD": -74.09536551 }, "geometry": { "type": "Point", "coordinates": [ -8248258.35869999974966, 512369.74439999833703 ] } },
{ "type": "Feature", "properties": { "REGNTURISM": 34440, "NOMESTABLE": "HOTEL EXE BACATA 95", "SUBCATRNT": "9", "LOCALIDAD": "2", "SECCATASTR": "CHICO NORTE II SECTOR", "LATITUD": 4.680777029, "LONGITUD": -74.04898127 }, "geometry": { "type": "Point", "coordinates": [ -8243094.888699999079108, 521642.284600000828505 ] } },
{ "type": "Feature", "properties": { "REGNTURISM": 34522, "NOMESTABLE": "HOTEL HOME SWEET", "SUBCATRNT": "9", "LOCALIDAD": "16", "SECCATASTR": "COMUNEROS", "LATITUD": 4.604462145, "LONGITUD": -74.10052601 }, "geometry": { "type": "Point", "coordinates": [ -8248832.82289999909699, 513118.984499998390675 ] } },
{ "type": "Feature", "properties": { "REGNTURISM": 34599, "NOMESTABLE": "HOTEL BOGOTA REGENCY S.A.", "SUBCATRNT": "9", "LOCALIDAD": "1", "SECCATASTR": "BELLA SUIZA", "LATITUD": 4.702466048, "LONGITUD": -74.02884251 }, "geometry": { "type": "Point", "coordinates": [ -8240853.052200000733137, 524064.812100000679493 ] } },
{ "type": "Feature", "properties": { "REGNTURISM": 34652, "NOMESTABLE": "STAR SUITE RESORT", "SUBCATRNT": "9", "LOCALIDAD": "15", "SECCATASTR": "RESTREPO", "LATITUD": 4.585121725, "LONGITUD": -74.09858841 }, "geometry": { "type": "Point", "coordinates": [ -8248617.130300000309944, 510959.077199999243021 ] } },
{ "type": "Feature", "properties": { "REGNTURISM": 34682, "NOMESTABLE": "HOTEL CASA GABRIELA", "SUBCATRNT": "9", "LOCALIDAD": "13", "SECCATASTR": "ORTEZAL", "LATITUD": 4.630749551, "LONGITUD": -74.09571505 }, "geometry": { "type": "Point", "coordinates": [ -8248297.269300000742078, 516054.814300000667572 ] } },
{ "type": "Feature", "properties": { "REGNTURISM": 34908, "NOMESTABLE": "HOTEL DORADO FERIAL", "SUBCATRNT": "9", "LOCALIDAD": "13", "SECCATASTR": "EL RECUERDO", "LATITUD": 4.631042943, "LONGITUD": -74.08889821 }, "geometry": { "type": "Point", "coordinates": [ -8247538.4222, 516087.581500001251698 ] } },
{ "type": "Feature", "properties": { "REGNTURISM": 35208, "NOMESTABLE": "BLACK TOWER PREMIUM HOTEL", "SUBCATRNT": "9", "LOCALIDAD": "13", "SECCATASTR": "ORTEZAL", "LATITUD": 4.63192944, "LONGITUD": -74.09420741 }, "geometry": { "type": "Point", "coordinates": [ -8248129.439600000157952, 516186.589200001209974 ] } },
{ "type": "Feature", "properties": { "REGNTURISM": 35368, "NOMESTABLE": "HOTEL MOVICH BURO 26", "SUBCATRNT": "9", "LOCALIDAD": "9", "SECCATASTR": "AEROPUERTO EL DORADO", "LATITUD": 4.689494564, "LONGITUD": -74.13020792 }, "geometry": { "type": "Point", "coordinates": [ -8252136.998099999502301, 522615.9695999994874 ] } },
{ "type": "Feature", "properties": { "REGNTURISM": 35439, "NOMESTABLE": "HOTEL LA 24 HJ", "SUBCATRNT": "9", "LOCALIDAD": "3", "SECCATASTR": "LA ALAMEDA", "LATITUD": 4.611263692, "LONGITUD": -74.07169513 }, "geometry": { "type": "Point", "coordinates": [ -8245623.384099999442697, 513878.584399998188019 ] } },
{ "type": "Feature", "properties": { "REGNTURISM": 36128, "NOMESTABLE": "MERCURE BOGOTA CALLE 1", "SUBCATRNT": "9", "LOCALIDAD": "2", "SECCATASTR": "CHICO NORTE III SECTOR", "LATITUD": 4.685908188, "LONGITUD": -74.05624379 }, "geometry": { "type": "Point", "coordinates": [ -8243903.348799999803305, 522215.396099999547005 ] } },
{ "type": "Feature", "properties": { "REGNTURISM": 36202, "NOMESTABLE": "ASC CONTINENTAL BOG", "SUBCATRNT": "9", "LOCALIDAD": "3", "SECCATASTR": "VERACRUZ", "LATITUD": 4.600946659, "LONGITUD": -74.07039811 }, "geometry": { "type": "Point", "coordinates": [ -8245479.000499999150634, 512726.376299999654293 ] } },
{ "type": "Feature", "properties": { "REGNTURISM": 36486, "NOMESTABLE": "HOTEL BOUTIQUE MENDOZA", "SUBCATRNT": "9", "LOCALIDAD": "9", "SECCATASTR": "SANTA CECILIA", "LATITUD": 4.668739021, "LONGITUD": -74.11793149 }, "geometry": { "type": "Point", "coordinates": [ -8250770.392100000753999, 520297.746899999678135 ] } },
{ "type": "Feature", "properties": { "REGNTURISM": 36500, "NOMESTABLE": "STAY BLUE INN", "SUBCATRNT": "9", "LOCALIDAD": "13", "SECCATASTR": "ORTEZAL", "LATITUD": 4.631607144, "LONGITUD": -74.09398744000001 }, "geometry": { "type": "Point", "coordinates": [ -8248104.9527000002563, 516150.593899998813868 ] } },
{ "type": "Feature", "properties": { "REGNTURISM": 36510, "NOMESTABLE": "HOSPEDAJE HOTEL PUNTO CIEN", "SUBCATRNT": "7", "LOCALIDAD": "9", "SECCATASTR": "EL CARMEN FONTIBON", "LATITUD": 4.673117948, "LONGITUD": -74.14631718 }, "geometry": { "type": "Point", "coordinates": [ -8253930.272700000554323, 520786.8310999982059 ] } },
{ "type": "Feature", "properties": { "REGNTURISM": 36729, "NOMESTABLE": "HOTEL ARTISAN", "SUBCATRNT": "9", "LOCALIDAD": "2", "SECCATASTR": "EMAUS", "LATITUD": 4.653476903, "LONGITUD": -74.0546833 }, "geometry": { "type": "Point", "coordinates": [ -8243729.635800000280142, 518593.138199999928474 ] } },
{ "type": "Feature", "properties": { "REGNTURISM": 36773, "NOMESTABLE": "HOTEL FOUR POINTS BY SHERATON BOGOTA", "SUBCATRNT": "9", "LOCALIDAD": "2", "SECCATASTR": "CHICO NORTE", "LATITUD": 4.67878288, "LONGITUD": -74.0536175 }, "geometry": { "type": "Point", "coordinates": [ -8243610.991499999538064, 521419.554400000721216 ] } },
{ "type": "Feature", "properties": { "REGNTURISM": 36967, "NOMESTABLE": "BLU INN HOTEL", "SUBCATRNT": "9", "LOCALIDAD": "13", "SECCATASTR": "QUINTA PAREDES", "LATITUD": 4.632606843, "LONGITUD": -74.09040405 }, "geometry": { "type": "Point", "coordinates": [ -8247706.0515, 516262.244500000029802 ] } },
{ "type": "Feature", "properties": { "REGNTURISM": 37242, "NOMESTABLE": "APARTAHOTEL COSTA MAYOR", "SUBCATRNT": "7", "LOCALIDAD": "11", "SECCATASTR": "EL RINCON NORTE", "LATITUD": 4.727248594, "LONGITUD": -74.08969352 }, "geometry": { "type": "Point", "coordinates": [ -8247626.955700000748038, 526832.959699999541044 ] } },
{ "type": "Feature", "properties": { "REGNTURISM": 37250, "NOMESTABLE": "AG BOUTIQUE HOME", "SUBCATRNT": "9", "LOCALIDAD": "13", "SECCATASTR": "ORTEZAL", "LATITUD": 4.632027754, "LONGITUD": -74.09472997 }, "geometry": { "type": "Point", "coordinates": [ -8248187.6107, 516197.569400001317263 ] } },
{ "type": "Feature", "properties": { "REGNTURISM": 37345, "NOMESTABLE": "HOTEL HIEX BOGOTA D.C.", "SUBCATRNT": "9", "LOCALIDAD": "2", "SECCATASTR": "QUINTA CAMACHO", "LATITUD": 4.65112875, "LONGITUD": -74.05796142 }, "geometry": { "type": "Point", "coordinates": [ -8244094.554500000551343, 518330.878899998962879 ] } },
{ "type": "Feature", "properties": { "REGNTURISM": 37411, "NOMESTABLE": "HOTEL SANTA BARBARA BOUTIQUE", "SUBCATRNT": "9", "LOCALIDAD": "1", "SECCATASTR": "SANTA BARBARA OCCIDENTAL", "LATITUD": 4.70229481, "LONGITUD": -74.04353556 }, "geometry": { "type": "Point", "coordinates": [ -8242488.675100000575185, 524045.685600001364946 ] } },
{ "type": "Feature", "properties": { "REGNTURISM": 37414, "NOMESTABLE": "SANTA BARBARA INVESTMENTS SUCURSAL COLOMBIA", "SUBCATRNT": "9", "LOCALIDAD": "1", "SECCATASTR": "SANTA ANA OCCIDENTAL", "LATITUD": 4.693382694, "LONGITUD": -74.03458159 }, "geometry": { "type": "Point", "coordinates": [ -8241491.92369999922812, 523050.249200001358986 ] } },
{ "type": "Feature", "properties": { "REGNTURISM": 37530, "NOMESTABLE": "HOTEL REAL LA MACARENA", "SUBCATRNT": "9", "LOCALIDAD": "3", "SECCATASTR": "LAS NIEVES", "LATITUD": 4.610346174, "LONGITUD": -74.07097475 }, "geometry": { "type": "Point", "coordinates": [ -8245543.191700000315905, 513776.115100000053644 ] } },
{ "type": "Feature", "properties": { "REGNTURISM": 37531, "NOMESTABLE": "BH USAQUEN", "SUBCATRNT": "9", "LOCALIDAD": "1", "SECCATASTR": "SANTA BARBARA ORIENTAL", "LATITUD": 4.696974921, "LONGITUD": -74.03165539 }, "geometry": { "type": "Point", "coordinates": [ -8241166.180600000545382, 523451.480500001460314 ] } },
{ "type": "Feature", "properties": { "REGNTURISM": 37532, "NOMESTABLE": "BS ROSALES", "SUBCATRNT": "7", "LOCALIDAD": "2", "SECCATASTR": "BELLAVISTA", "LATITUD": 4.653461082, "LONGITUD": -74.05306584 }, "geometry": { "type": "Point", "coordinates": [ -8243549.581000000238419, 518591.371100001037121 ] } },
{ "type": "Feature", "properties": { "REGNTURISM": 37558, "NOMESTABLE": "HOTEL BOUTIQUE SUPERIOR", "SUBCATRNT": "9", "LOCALIDAD": "13", "SECCATASTR": "QUINTA PAREDES", "LATITUD": 4.633621255, "LONGITUD": -74.09396177000001 }, "geometry": { "type": "Point", "coordinates": [ -8248102.095100000500679, 516375.538499999791384 ] } },
{ "type": "Feature", "properties": { "REGNTURISM": 37706, "NOMESTABLE": "HOTEL COMIC CITY", "SUBCATRNT": "9", "LOCALIDAD": "13", "SECCATASTR": "CAMPIN OCCIDENTAL", "LATITUD": 4.651972743, "LONGITUD": -74.08065593000001 }, "geometry": { "type": "Point", "coordinates": [ -8246620.8958, 518425.142200000584126 ] } },
{ "type": "Feature", "properties": { "REGNTURISM": 37897, "NOMESTABLE": "ULUCAHO", "SUBCATRNT": "8", "LOCALIDAD": "17", "SECCATASTR": "LA CONCORDIA", "LATITUD": 4.598354535, "LONGITUD": -74.0703308 }, "geometry": { "type": "Point", "coordinates": [ -8245471.507500000298023, 512436.890000000596046 ] } },
{ "type": "Feature", "properties": { "REGNTURISM": 37988, "NOMESTABLE": "HOTEL FERIAS PARK", "SUBCATRNT": "9", "LOCALIDAD": "10", "SECCATASTR": "LAS FERIAS OCCIDENTAL", "LATITUD": 4.68627919, "LONGITUD": -74.08568598 }, "geometry": { "type": "Point", "coordinates": [ -8247180.838400000706315, 522256.834399998188019 ] } },
{ "type": "Feature", "properties": { "REGNTURISM": 38109, "NOMESTABLE": "EXPOHOTE FERIAL", "SUBCATRNT": "9", "LOCALIDAD": "13", "SECCATASTR": "EL RECUERDO", "LATITUD": 4.630830848, "LONGITUD": -74.0870099 }, "geometry": { "type": "Point", "coordinates": [ -8247328.216499999165535, 516063.893899999558926 ] } },
{ "type": "Feature", "properties": { "REGNTURISM": 38280, "NOMESTABLE": "CITYFLATS", "SUBCATRNT": "7", "LOCALIDAD": "2", "SECCATASTR": "EL NOGAL", "LATITUD": 4.66353391, "LONGITUD": -74.05053099 }, "geometry": { "type": "Point", "coordinates": [ -8243267.402799999341369, 519716.389800000935793 ] } },
{ "type": "Feature", "properties": { "REGNTURISM": 38391, "NOMESTABLE": "HOTEL SANTA BARBARA USAQUEN INN", "SUBCATRNT": "9", "LOCALIDAD": "1", "SECCATASTR": "SANTA BARBARA ORIENTAL", "LATITUD": 4.699262777, "LONGITUD": -74.0298566 }, "geometry": { "type": "Point", "coordinates": [ -8240965.940199999138713, 523707.022100001573563 ] } },
{ "type": "Feature", "properties": { "REGNTURISM": 38392, "NOMESTABLE": "HOTEL MEXICO CENTRAL", "SUBCATRNT": "9", "LOCALIDAD": "14", "SECCATASTR": "LA FAVORITA", "LATITUD": 4.608723189, "LONGITUD": -74.07840767 }, "geometry": { "type": "Point", "coordinates": [ -8246370.6206, 513594.859000001102686 ] } },
{ "type": "Feature", "properties": { "REGNTURISM": 38572, "NOMESTABLE": "ESPACIO 94 SUITES", "SUBCATRNT": "9", "LOCALIDAD": "2", "SECCATASTR": "CHICO NORTE", "LATITUD": 4.680148292, "LONGITUD": -74.05290847000001 }, "geometry": { "type": "Point", "coordinates": [ -8243532.062599999830127, 521572.05970000103116 ] } },
{ "type": "Feature", "properties": { "REGNTURISM": 39001, "NOMESTABLE": "ARCHE NOAH GUESTHOUSE", "SUBCATRNT": "8", "LOCALIDAD": "17", "SECCATASTR": "LAS AGUAS", "LATITUD": 4.599846017, "LONGITUD": -74.06816242 }, "geometry": { "type": "Point", "coordinates": [ -8245230.124600000679493, 512603.457299999892712 ] } },
{ "type": "Feature", "properties": { "REGNTURISM": 39275, "NOMESTABLE": "TERRAZA HOTEL BOGOTA", "SUBCATRNT": "9", "LOCALIDAD": "13", "SECCATASTR": "QUINTA PAREDES", "LATITUD": 4.633720615, "LONGITUD": -74.09132891 }, "geometry": { "type": "Point", "coordinates": [ -8247809.00650000013411, 516386.635499998927116 ] } },
{ "type": "Feature", "properties": { "REGNTURISM": 39735, "NOMESTABLE": "HOTEL HAMPTON BY HILTON BOGOTA USAQUEN", "SUBCATRNT": "9", "LOCALIDAD": "1", "SECCATASTR": "USAQUEN", "LATITUD": 4.69555676, "LONGITUD": -74.03200524 }, "geometry": { "type": "Point", "coordinates": [ -8241205.125700000673532, 523293.079799998551607 ] } },
{ "type": "Feature", "properties": { "REGNTURISM": 39874, "NOMESTABLE": "HOTEL CASA MARLY", "SUBCATRNT": "9", "LOCALIDAD": "2", "SECCATASTR": "MARLY", "LATITUD": 4.634702873, "LONGITUD": -74.06437263 }, "geometry": { "type": "Point", "coordinates": [ -8244808.247099999338388, 516496.338599998503923 ] } },
{ "type": "Feature", "properties": { "REGNTURISM": 39956, "NOMESTABLE": "HOTEL GOLDEN", "SUBCATRNT": "9", "LOCALIDAD": "9", "SECCATASTR": "LA CABANA FONTIBON", "LATITUD": 4.678400685, "LONGITUD": -74.13897917 }, "geometry": { "type": "Point", "coordinates": [ -8253113.409099999815226, 521376.866399999707937 ] } },
{ "type": "Feature", "properties": { "REGNTURISM": 40088, "NOMESTABLE": "HOTEL CASA BAQUERO", "SUBCATRNT": "9", "LOCALIDAD": "9", "SECCATASTR": "CENTRO FONTIBON", "LATITUD": 4.671539187, "LONGITUD": -74.14380157 }, "geometry": { "type": "Point", "coordinates": [ -8253650.23619999922812, 520610.4983000010252 ] } },
{ "type": "Feature", "properties": { "REGNTURISM": 40104, "NOMESTABLE": "HOTEL HOSPEDAJE TROYA", "SUBCATRNT": "9", "LOCALIDAD": "8", "SECCATASTR": "CIUDAD KENNEDY NORTE", "LATITUD": 4.632701898, "LONGITUD": -74.15443659 }, "geometry": { "type": "Point", "coordinates": [ -8254834.121300000697374, 516272.860700000077486 ] } },
{ "type": "Feature", "properties": { "REGNTURISM": 40286, "NOMESTABLE": "HOTEL PLAZA MIRANDA", "SUBCATRNT": "9", "LOCALIDAD": "13", "SECCATASTR": "GRAN AMERICA", "LATITUD": 4.628409791, "LONGITUD": -74.08516077 }, "geometry": { "type": "Point", "coordinates": [ -8247122.372300000861287, 515793.500900000333786 ] } },
{ "type": "Feature", "properties": { "REGNTURISM": 40893, "NOMESTABLE": "HOTEL SAN RAFAEL 1", "SUBCATRNT": "9", "LOCALIDAD": "13", "SECCATASTR": "ORTEZAL", "LATITUD": 4.632734946, "LONGITUD": -74.09425878 }, "geometry": { "type": "Point", "coordinates": [ -8248135.158099999651313, 516276.551600001752377 ] } },
{ "type": "Feature", "properties": { "REGNTURISM": 40994, "NOMESTABLE": "AZ HOTEL", "SUBCATRNT": "9", "LOCALIDAD": "13", "SECCATASTR": "QUINTA PAREDES", "LATITUD": 4.633740978, "LONGITUD": -74.09404084000001 }, "geometry": { "type": "Point", "coordinates": [ -8248110.897099999710917, 516388.909699998795986 ] } },
{ "type": "Feature", "properties": { "REGNTURISM": 41111, "NOMESTABLE": "HOTEL MADISSON LUXURY & SUITES ( ANTES PARK INN BY RADISSON )", "SUBCATRNT": "9", "LOCALIDAD": "2", "SECCATASTR": "CHICO NORTE", "LATITUD": 4.678903677, "LONGITUD": -74.0537076 }, "geometry": { "type": "Point", "coordinates": [ -8243621.02140000090003, 521433.046399999409914 ] } },
{ "type": "Feature", "properties": { "REGNTURISM": 41325, "NOMESTABLE": "FOUR SEASONS HOTEL CASA MEDINA BOGOTA", "SUBCATRNT": "9", "LOCALIDAD": "2", "SECCATASTR": "EMAUS", "LATITUD": 4.652457884, "LONGITUD": -74.05656337000001 }, "geometry": { "type": "Point", "coordinates": [ -8243938.924200000241399, 518479.326400000602007 ] } },
{ "type": "Feature", "properties": { "REGNTURISM": 41968, "NOMESTABLE": "HOSPEDAJE SAN ANGEL", "SUBCATRNT": "9", "LOCALIDAD": "3", "SECCATASTR": "LA CAPUCHINA", "LATITUD": 4.607102798, "LONGITUD": -74.07566506000001 }, "geometry": { "type": "Point", "coordinates": [ -8246065.3147, 513413.89299999922514 ] } },
{ "type": "Feature", "properties": { "REGNTURISM": 42392, "NOMESTABLE": "HOTEL BOGOTA HOUSE", "SUBCATRNT": "9", "LOCALIDAD": "9", "SECCATASTR": "SANTA CECILIA", "LATITUD": 4.669988909, "LONGITUD": -74.11783739000001 }, "geometry": { "type": "Point", "coordinates": [ -8250759.916999999433756, 520437.347100000828505 ] } },
{ "type": "Feature", "properties": { "REGNTURISM": 42405, "NOMESTABLE": "BURANA HOTEL", "SUBCATRNT": "9", "LOCALIDAD": "13", "SECCATASTR": "CAMPIN OCCIDENTAL", "LATITUD": 4.649525341, "LONGITUD": -74.08092135 }, "geometry": { "type": "Point", "coordinates": [ -8246650.442199999466538, 518151.798700001090765 ] } },
{ "type": "Feature", "properties": { "REGNTURISM": 42791, "NOMESTABLE": "HOTEL CASA GUILLERMO", "SUBCATRNT": "9", "LOCALIDAD": "12", "SECCATASTR": "SAN FELIPE", "LATITUD": 4.661124414, "LONGITUD": -74.06281445 }, "geometry": { "type": "Point", "coordinates": [ -8244634.791300000622869, 519447.275400001555681 ] } },
{ "type": "Feature", "properties": { "REGNTURISM": 42831, "NOMESTABLE": "FOUR SEASONS HOTEL BOGOTA", "SUBCATRNT": "9", "LOCALIDAD": "2", "SECCATASTR": "LA CABRERA", "LATITUD": 4.669679275, "LONGITUD": -74.05333595 }, "geometry": { "type": "Point", "coordinates": [ -8243579.64949999935925, 520402.763999998569489 ] } },
{ "type": "Feature", "properties": { "REGNTURISM": 43542, "NOMESTABLE": "HOSPEDAJE HISPANO LA 17", "SUBCATRNT": "9", "LOCALIDAD": "3", "SECCATASTR": "LA CAPUCHINA", "LATITUD": 4.605544591, "LONGITUD": -74.07548575 }, "geometry": { "type": "Point", "coordinates": [ -8246045.354000000283122, 513239.872099999338388 ] } },
{ "type": "Feature", "properties": { "REGNTURISM": 44375, "NOMESTABLE": "DEPORTEL BOGOTA", "SUBCATRNT": "9", "LOCALIDAD": "10", "SECCATASTR": "EL LAUREL", "LATITUD": 4.682368143, "LONGITUD": -74.09574489000001 }, "geometry": { "type": "Point", "coordinates": [ -8248300.591099999845028, 521819.999499998986721 ] } },
{ "type": "Feature", "properties": { "REGNTURISM": 44608, "NOMESTABLE": "HOSPEDAJE DIANA MARIA", "SUBCATRNT": "7", "LOCALIDAD": "14", "SECCATASTR": "LA FAVORITA", "LATITUD": 4.608710813, "LONGITUD": -74.07757144 }, "geometry": { "type": "Point", "coordinates": [ -8246277.531899999827147, 513593.476799998432398 ] } },
{ "type": "Feature", "properties": { "REGNTURISM": 44983, "NOMESTABLE": "HOTEL EL DORADO BOGOTA", "SUBCATRNT": "9", "LOCALIDAD": "2", "SECCATASTR": "CHICO NORTE II SECTOR", "LATITUD": 4.680396999, "LONGITUD": -74.04868105 }, "geometry": { "type": "Point", "coordinates": [ -8243061.468399999663234, 521599.838300000876188 ] } },
{ "type": "Feature", "properties": { "REGNTURISM": 45660, "NOMESTABLE": "HOTEL RADEL SUPERIOR", "SUBCATRNT": "9", "LOCALIDAD": "13", "SECCATASTR": "QUINTA PAREDES", "LATITUD": 4.634388693, "LONGITUD": -74.09464153 }, "geometry": { "type": "Point", "coordinates": [ -8248177.765599999576807, 516461.249499998986721 ] } },
{ "type": "Feature", "properties": { "REGNTURISM": 45922, "NOMESTABLE": "HOTEL MACEO 55", "SUBCATRNT": "9", "LOCALIDAD": "2", "SECCATASTR": "BOSQUE CALDERON", "LATITUD": 4.641024696, "LONGITUD": -74.06217421 }, "geometry": { "type": "Point", "coordinates": [ -8244563.520099999383092, 517202.392599999904633 ] } },
{ "type": "Feature", "properties": { "REGNTURISM": 46117, "NOMESTABLE": "HOTEL FW", "SUBCATRNT": "9", "LOCALIDAD": "10", "SECCATASTR": "NORMANDIA OCCIDENTAL", "LATITUD": 4.675180425, "LONGITUD": -74.10714569 }, "geometry": { "type": "Point", "coordinates": [ -8249569.722400000318885, 521017.191100001335144 ] } },
{ "type": "Feature", "properties": { "REGNTURISM": 46263, "NOMESTABLE": "HOTEL CASA MODELIA", "SUBCATRNT": "9", "LOCALIDAD": "9", "SECCATASTR": "MODELIA OCCIDENTAL", "LATITUD": 4.664494674, "LONGITUD": -74.12789871 }, "geometry": { "type": "Point", "coordinates": [ -8251879.937999999150634, 519823.696800000965595 ] } },
{ "type": "Feature", "properties": { "REGNTURISM": 46423, "NOMESTABLE": "HOTEL VILLA REAL", "SUBCATRNT": "9", "LOCALIDAD": "3", "SECCATASTR": "LA ALAMEDA", "LATITUD": 4.609681411, "LONGITUD": -74.073803 }, "geometry": { "type": "Point", "coordinates": [ -8245858.031099999323487, 513701.8739 ] } },
{ "type": "Feature", "properties": { "REGNTURISM": 46863, "NOMESTABLE": "HOTEL CASA SANTA MARIA", "SUBCATRNT": "9", "LOCALIDAD": "3", "SECCATASTR": "LA ALAMEDA", "LATITUD": 4.60954372, "LONGITUD": -74.07247679 }, "geometry": { "type": "Point", "coordinates": [ -8245710.39809999987483, 513686.496399998664856 ] } },
{ "type": "Feature", "properties": { "REGNTURISM": 46936, "NOMESTABLE": "CITY EXPRESS PLUS BOGOTA", "SUBCATRNT": "9", "LOCALIDAD": "9", "SECCATASTR": "PUERTA DE TEJA", "LATITUD": 4.679118127, "LONGITUD": -74.12195281 }, "geometry": { "type": "Point", "coordinates": [ -8251218.043400000780821, 521456.998700000345707 ] } },
{ "type": "Feature", "properties": { "REGNTURISM": 46937, "NOMESTABLE": "CITY EXPRESS JUNIOR BOGOTA", "SUBCATRNT": "9", "LOCALIDAD": "9", "SECCATASTR": "PUERTA DE TEJA", "LATITUD": 4.679118127, "LONGITUD": -74.12195281 }, "geometry": { "type": "Point", "coordinates": [ -8251218.043400000780821, 521456.998700000345707 ] } },
{ "type": "Feature", "properties": { "REGNTURISM": 47123, "NOMESTABLE": "HOTEL CANEY LODGE", "SUBCATRNT": "9", "LOCALIDAD": "13", "SECCATASTR": "TEUSAQUILLO", "LATITUD": 4.624173311, "LONGITUD": -74.07127481000001 }, "geometry": { "type": "Point", "coordinates": [ -8245576.5943, 515320.356499999761581 ] } },
{ "type": "Feature", "properties": { "REGNTURISM": 47145, "NOMESTABLE": "CASA FAMILIAR EL PARAISO", "SUBCATRNT": "9", "LOCALIDAD": "3", "SECCATASTR": "LA ALAMEDA", "LATITUD": 4.60932382, "LONGITUD": -74.07520204 }, "geometry": { "type": "Point", "coordinates": [ -8246013.771500000730157, 513661.937800001353025 ] } },
{ "type": "Feature", "properties": { "REGNTURISM": 47312, "NOMESTABLE": "PARAISO FERIAL", "SUBCATRNT": "9", "LOCALIDAD": "13", "SECCATASTR": "EL RECUERDO", "LATITUD": 4.630661109, "LONGITUD": -74.08726963 }, "geometry": { "type": "Point", "coordinates": [ -8247357.129499999806285, 516044.936799999326468 ] } },
{ "type": "Feature", "properties": { "REGNTURISM": 47396, "NOMESTABLE": "BOG URBAN HOTEL", "SUBCATRNT": "9", "LOCALIDAD": "13", "SECCATASTR": "EL RECUERDO", "LATITUD": 4.632530999, "LONGITUD": -74.08937049 }, "geometry": { "type": "Point", "coordinates": [ -8247590.996099999174476, 516253.773899998515844 ] } },
{ "type": "Feature", "properties": { "REGNTURISM": 47449, "NOMESTABLE": "EDIFICIO CABRERA 86 S A S", "SUBCATRNT": "7", "LOCALIDAD": "2", "SECCATASTR": "LA CABRERA", "LATITUD": 4.668555292, "LONGITUD": -74.04955573 }, "geometry": { "type": "Point", "coordinates": [ -8243158.837300000712276, 520277.226199999451637 ] } },
{ "type": "Feature", "properties": { "REGNTURISM": 47756, "NOMESTABLE": "MONT BLEU", "SUBCATRNT": "9", "LOCALIDAD": "13", "SECCATASTR": "EL RECUERDO", "LATITUD": 4.631155174, "LONGITUD": -74.08858378 }, "geometry": { "type": "Point", "coordinates": [ -8247503.42, 516100.11600000038743 ] } },
{ "type": "Feature", "properties": { "REGNTURISM": 47978, "NOMESTABLE": "HOTEL HYATT PLACE BOGOTA CONVENTION CENTER", "SUBCATRNT": "9", "LOCALIDAD": "13", "SECCATASTR": "ORTEZAL", "LATITUD": 4.631520746, "LONGITUD": -74.09344024000001 }, "geometry": { "type": "Point", "coordinates": [ -8248044.038599999621511, 516140.944600000977516 ] } },
{ "type": "Feature", "properties": { "REGNTURISM": 47998, "NOMESTABLE": "HOSTAL CHORRO DE QUEVEDO CANDELARIA", "SUBCATRNT": "6", "LOCALIDAD": "17", "SECCATASTR": "LAS AGUAS", "LATITUD": 4.600043511, "LONGITUD": -74.069204 }, "geometry": { "type": "Point", "coordinates": [ -8245346.072699999436736, 512625.513300001621246 ] } },
{ "type": "Feature", "properties": { "REGNTURISM": 48763, "NOMESTABLE": "HOTEL LOU", "SUBCATRNT": "9", "LOCALIDAD": "2", "SECCATASTR": "CHICO NORTE II SECTOR", "LATITUD": 4.681831088, "LONGITUD": -74.04480817 }, "geometry": { "type": "Point", "coordinates": [ -8242630.341399999335408, 521760.014600001275539 ] } },
{ "type": "Feature", "properties": { "REGNTURISM": 48781, "NOMESTABLE": "HOTEL ESCORIAL E J", "SUBCATRNT": "9", "LOCALIDAD": "9", "SECCATASTR": "GUADUAL FONTIBON", "LATITUD": 4.668180061, "LONGITUD": -74.14243902 }, "geometry": { "type": "Point", "coordinates": [ -8253498.557900000363588, 520235.316599998623133 ] } },
{ "type": "Feature", "properties": { "REGNTURISM": 48798, "NOMESTABLE": "CASA HOTEL SANTATERESITA BOGOTA", "SUBCATRNT": "9", "LOCALIDAD": "13", "SECCATASTR": "SANTA TERESITA", "LATITUD": 4.633083063, "LONGITUD": -74.07410446 }, "geometry": { "type": "Point", "coordinates": [ -8245891.589500000700355, 516315.430900000035763 ] } },
{ "type": "Feature", "properties": { "REGNTURISM": 48818, "NOMESTABLE": "GALEON SAN JOSE  INVERSIONES AMADO", "SUBCATRNT": "9", "LOCALIDAD": "14", "SECCATASTR": "EL VERGEL", "LATITUD": 4.598365443, "LONGITUD": -74.09519224 }, "geometry": { "type": "Point", "coordinates": [ -8248239.07039999961853, 512438.108199998736382 ] } },
{ "type": "Feature", "properties": { "REGNTURISM": 49046, "NOMESTABLE": "HOTEL BOGOTA REAL CORFERIAS", "SUBCATRNT": "9", "LOCALIDAD": "13", "SECCATASTR": "QUINTA PAREDES", "LATITUD": 4.632183081, "LONGITUD": -74.09315996 }, "geometry": { "type": "Point", "coordinates": [ -8248012.837999999523163, 516214.916900001466274 ] } },
{ "type": "Feature", "properties": { "REGNTURISM": 49217, "NOMESTABLE": "HOTEL HILLS BOGOTA", "SUBCATRNT": "9", "LOCALIDAD": "3", "SECCATASTR": "LA ALAMEDA", "LATITUD": 4.609762692, "LONGITUD": -74.07233902 }, "geometry": { "type": "Point", "coordinates": [ -8245695.061599999666214, 513710.951400000602007 ] } },
{ "type": "Feature", "properties": { "REGNTURISM": 49296, "NOMESTABLE": "19 GRAND SUITES", "SUBCATRNT": "7", "LOCALIDAD": "1", "SECCATASTR": "SAN PATRICIO", "LATITUD": 4.694719574, "LONGITUD": -74.04773923 }, "geometry": { "type": "Point", "coordinates": [ -8242956.625499999150634, 523199.570900000631809 ] } },
{ "type": "Feature", "properties": { "REGNTURISM": 49380, "NOMESTABLE": "HOTEL DE LUJO", "SUBCATRNT": "9", "LOCALIDAD": "3", "SECCATASTR": "LA ALAMEDA", "LATITUD": 4.610112439, "LONGITUD": -74.07342964 }, "geometry": { "type": "Point", "coordinates": [ -8245816.468800000846386, 513750.011399999260902 ] } },
{ "type": "Feature", "properties": { "REGNTURISM": 49464, "NOMESTABLE": "HOTEL CASA LISBOA", "SUBCATRNT": "9", "LOCALIDAD": "14", "SECCATASTR": "LA FAVORITA", "LATITUD": 4.608793588, "LONGITUD": -74.07725074 }, "geometry": { "type": "Point", "coordinates": [ -8246241.831700000911951, 513602.721200000494719 ] } },
{ "type": "Feature", "properties": { "REGNTURISM": 49566, "NOMESTABLE": "HOTEL INN 72 SAS", "SUBCATRNT": "9", "LOCALIDAD": "12", "SECCATASTR": "COLOMBIA", "LATITUD": 4.660293719, "LONGITUD": -74.06438644000001 }, "geometry": { "type": "Point", "coordinates": [ -8244809.784399999305606, 519354.496100001037121 ] } },
{ "type": "Feature", "properties": { "REGNTURISM": 49616, "NOMESTABLE": "BLUE HOUSE", "SUBCATRNT": "9", "LOCALIDAD": "13", "SECCATASTR": "ORTEZAL", "LATITUD": 4.631457324, "LONGITUD": -74.09388663 }, "geometry": { "type": "Point", "coordinates": [ -8248093.730499999597669, 516133.861299999058247 ] } },
{ "type": "Feature", "properties": { "REGNTURISM": 49706, "NOMESTABLE": "HOSPEDAJE EL NUEVO OASIS", "SUBCATRNT": "9", "LOCALIDAD": "3", "SECCATASTR": "LA ALAMEDA", "LATITUD": 4.608615144, "LONGITUD": -74.07558572000001 }, "geometry": { "type": "Point", "coordinates": [ -8246056.482599999755621, 513582.792500000447035 ] } },
{ "type": "Feature", "properties": { "REGNTURISM": 49716, "NOMESTABLE": "HOTEL QUINTAS DE BOGOTA", "SUBCATRNT": "9", "LOCALIDAD": "13", "SECCATASTR": "ORTEZAL", "LATITUD": 4.632077362, "LONGITUD": -74.09671422 }, "geometry": { "type": "Point", "coordinates": [ -8248408.496400000527501, 516203.1097999997437 ] } },
{ "type": "Feature", "properties": { "REGNTURISM": 49819, "NOMESTABLE": "YARUMO HOSTEL", "SUBCATRNT": "8", "LOCALIDAD": "17", "SECCATASTR": "EGIPTO", "LATITUD": 4.596160605, "LONGITUD": -74.07016 }, "geometry": { "type": "Point", "coordinates": [ -8245452.494200000539422, 512191.874600000679493 ] } },
{ "type": "Feature", "properties": { "REGNTURISM": 50082, "NOMESTABLE": "HOTEL MALIBU I", "SUBCATRNT": "9", "LOCALIDAD": "2", "SECCATASTR": "MARLY", "LATITUD": 4.635136505, "LONGITUD": -74.06554461 }, "geometry": { "type": "Point", "coordinates": [ -8244938.711300000548363, 516544.768699999898672 ] } },
{ "type": "Feature", "properties": { "REGNTURISM": 50114, "NOMESTABLE": "HOSTAL BRISAS 1", "SUBCATRNT": "9", "LOCALIDAD": "7", "SECCATASTR": "JIMENEZ DE QUESADA", "LATITUD": 4.607155792, "LONGITUD": -74.18455659 }, "geometry": { "type": "Point", "coordinates": [ -8258187.064300000667572, 513419.8114 ] } },
{ "type": "Feature", "properties": { "REGNTURISM": 50259, "NOMESTABLE": "CASA BLANCA 11A", "SUBCATRNT": "7", "LOCALIDAD": "9", "SECCATASTR": "LA CABANA FONTIBON", "LATITUD": 4.682623951, "LONGITUD": -74.13553455 }, "geometry": { "type": "Point", "coordinates": [ -8252729.955800000578165, 521848.571299999952316 ] } },
{ "type": "Feature", "properties": { "REGNTURISM": 50267, "NOMESTABLE": "BS LA QUINTA", "SUBCATRNT": "7", "LOCALIDAD": "2", "SECCATASTR": "BELLAVISTA", "LATITUD": 4.656383908, "LONGITUD": -74.05269311000001 }, "geometry": { "type": "Point", "coordinates": [ -8243508.088899999856949, 518917.815400000661612 ] } },
{ "type": "Feature", "properties": { "REGNTURISM": 50622, "NOMESTABLE": "HOTEL HAMPTON BY HILTON BOGOTA AIRPORT", "SUBCATRNT": "9", "LOCALIDAD": "9", "SECCATASTR": "MODELIA", "LATITUD": 4.667475639, "LONGITUD": -74.11375027 }, "geometry": { "type": "Point", "coordinates": [ -8250304.9408, 520156.639800000935793 ] } },
{ "type": "Feature", "properties": { "REGNTURISM": 50770, "NOMESTABLE": "HOTEL SUITE MAJESTC", "SUBCATRNT": "9", "LOCALIDAD": "10", "SECCATASTR": "NORMANDIA OCCIDENTAL", "LATITUD": 4.668556505, "LONGITUD": -74.11059046 }, "geometry": { "type": "Point", "coordinates": [ -8249953.192399999126792, 520277.361699998378754 ] } },
{ "type": "Feature", "properties": { "REGNTURISM": 50860, "NOMESTABLE": "INVERSIONES RISOT S.A.S  HOTEL RISOT", "SUBCATRNT": "9", "LOCALIDAD": "13", "SECCATASTR": "QUINTA PAREDES", "LATITUD": 4.631712442, "LONGITUD": -74.0933318 }, "geometry": { "type": "Point", "coordinates": [ -8248031.967199999839067, 516162.353999998420477 ] } },
{ "type": "Feature", "properties": { "REGNTURISM": 50861, "NOMESTABLE": "ESTAINN HOTEL COWORKING", "SUBCATRNT": "9", "LOCALIDAD": "15", "SECCATASTR": "RESTREPO", "LATITUD": 4.583212634, "LONGITUD": -74.10085282 }, "geometry": { "type": "Point", "coordinates": [ -8248869.203299999237061, 510745.8761 ] } },
{ "type": "Feature", "properties": { "REGNTURISM": 50863, "NOMESTABLE": "CASA CANON", "SUBCATRNT": "8", "LOCALIDAD": "17", "SECCATASTR": "CENTRO ADMINISTRATIVO", "LATITUD": 4.596766047, "LONGITUD": -74.0787744 }, "geometry": { "type": "Point", "coordinates": [ -8246411.44480000063777, 512259.489500001072884 ] } },
{ "type": "Feature", "properties": { "REGNTURISM": 50917, "NOMESTABLE": "HOTEL VERACRUZ SUITE", "SUBCATRNT": "9", "LOCALIDAD": "3", "SECCATASTR": "LA ALAMEDA", "LATITUD": 4.611784525, "LONGITUD": -74.07351614 }, "geometry": { "type": "Point", "coordinates": [ -8245826.097999999299645, 513936.751499999314547 ] } },
{ "type": "Feature", "properties": { "REGNTURISM": 51252, "NOMESTABLE": "HOTEL FERIA IMPERIAL", "SUBCATRNT": "9", "LOCALIDAD": "13", "SECCATASTR": "EL RECUERDO", "LATITUD": 4.630628402, "LONGITUD": -74.08621446 }, "geometry": { "type": "Point", "coordinates": [ -8247239.668500000610948, 516041.283900000154972 ] } },
{ "type": "Feature", "properties": { "REGNTURISM": 51553, "NOMESTABLE": "EJECUTIVO IMPERIAL", "SUBCATRNT": "7", "LOCALIDAD": "12", "SECCATASTR": "MUEQUETA", "LATITUD": 4.655253383, "LONGITUD": -74.07067061 }, "geometry": { "type": "Point", "coordinates": [ -8245509.33500000089407, 518791.549300000071526 ] } },
{ "type": "Feature", "properties": { "REGNTURISM": 51611, "NOMESTABLE": "HOTEL AZUL REAL", "SUBCATRNT": "9", "LOCALIDAD": "8", "SECCATASTR": "LA PAMPA", "LATITUD": 4.651620174, "LONGITUD": -74.13673105 }, "geometry": { "type": "Point", "coordinates": [ -8252863.149599999189377, 518385.764699999243021 ] } },
{ "type": "Feature", "properties": { "REGNTURISM": 52440, "NOMESTABLE": "CASA LEGADO", "SUBCATRNT": "9", "LOCALIDAD": "2", "SECCATASTR": "QUINTA CAMACHO", "LATITUD": 4.653012755, "LONGITUD": -74.05810332 }, "geometry": { "type": "Point", "coordinates": [ -8244110.350700000301003, 518541.298599999397993 ] } },
{ "type": "Feature", "properties": { "REGNTURISM": 52603, "NOMESTABLE": "HOTEL BOGOTA GROUP TEATRO LA CASTELLANA INN", "SUBCATRNT": "9", "LOCALIDAD": "12", "SECCATASTR": "LA CASTELLANA", "LATITUD": 4.683098727, "LONGITUD": -74.06148311 }, "geometry": { "type": "Point", "coordinates": [ -8244486.587200000882149, 521901.600099999457598 ] } },
{ "type": "Feature", "properties": { "REGNTURISM": 53086, "NOMESTABLE": "HOTEL SBC", "SUBCATRNT": "9", "LOCALIDAD": "13", "SECCATASTR": "QUINTA PAREDES", "LATITUD": 4.634516334, "LONGITUD": -74.0928701 }, "geometry": { "type": "Point", "coordinates": [ -8247980.570900000631809, 516475.505100000649691 ] } },
{ "type": "Feature", "properties": { "REGNTURISM": 53453, "NOMESTABLE": "HOTEL WLH SILVER", "SUBCATRNT": "9", "LOCALIDAD": "13", "SECCATASTR": "EL RECUERDO", "LATITUD": 4.632155543, "LONGITUD": -74.08912282 }, "geometry": { "type": "Point", "coordinates": [ -8247563.425599999725819, 516211.841400001198053 ] } },
{ "type": "Feature", "properties": { "REGNTURISM": 53966, "NOMESTABLE": "BOTANICO HOSTEL", "SUBCATRNT": "8", "LOCALIDAD": "17", "SECCATASTR": "EGIPTO", "LATITUD": 4.594330213, "LONGITUD": -74.07162575 }, "geometry": { "type": "Point", "coordinates": [ -8245615.660700000822544, 511987.459199998527765 ] } },
{ "type": "Feature", "properties": { "REGNTURISM": 54132, "NOMESTABLE": "HILTON GARDEN INN BOGOTA AIRPORT", "SUBCATRNT": "9", "LOCALIDAD": "9", "SECCATASTR": "SANTA CECILIA", "LATITUD": 4.673638554, "LONGITUD": -74.11747588 }, "geometry": { "type": "Point", "coordinates": [ -8250719.673800000920892, 520844.978000000119209 ] } },
{ "type": "Feature", "properties": { "REGNTURISM": 54250, "NOMESTABLE": "SELINA BOGOTA", "SUBCATRNT": "8", "LOCALIDAD": "17", "SECCATASTR": "CENTRO ADMINISTRATIVO", "LATITUD": 4.596234374, "LONGITUD": -74.07220806 }, "geometry": { "type": "Point", "coordinates": [ -8245680.483200000599027, 512200.113000001758337 ] } },
{ "type": "Feature", "properties": { "REGNTURISM": 54742, "NOMESTABLE": "MACEO CHICO", "SUBCATRNT": "9", "LOCALIDAD": "1", "SECCATASTR": "RINCON DEL CHICO", "LATITUD": 4.684987671, "LONGITUD": -74.04599491 }, "geometry": { "type": "Point", "coordinates": [ -8242762.448699999600649, 522112.581000000238419 ] } },
{ "type": "Feature", "properties": { "REGNTURISM": 55326, "NOMESTABLE": "HOTEL MONTECARLO COLONIAL CENTRAL", "SUBCATRNT": "9", "LOCALIDAD": "3", "SECCATASTR": "VERACRUZ", "LATITUD": 4.605085028, "LONGITUD": -74.07307884 }, "geometry": { "type": "Point", "coordinates": [ -8245777.417999999597669, 513188.548099998384714 ] } },
{ "type": "Feature", "properties": { "REGNTURISM": 55409, "NOMESTABLE": "BLUE DOORS 1 LUXURY SUITES & RESIDENCES", "SUBCATRNT": "9", "LOCALIDAD": "2", "SECCATASTR": "CHICO NORTE II SECTOR", "LATITUD": 4.680580205, "LONGITUD": -74.04247708 }, "geometry": { "type": "Point", "coordinates": [ -8242370.845599999651313, 521620.300900001078844 ] } },
{ "type": "Feature", "properties": { "REGNTURISM": 55570, "NOMESTABLE": "CONVENIENCE HOTELS", "SUBCATRNT": "9", "LOCALIDAD": "12", "SECCATASTR": "EL ROSARIO", "LATITUD": 4.658363643, "LONGITUD": -74.07746468000001 }, "geometry": { "type": "Point", "coordinates": [ -8246265.647399999201298, 519138.928599998354912 ] } },
{ "type": "Feature", "properties": { "REGNTURISM": 56126, "NOMESTABLE": "HOTEL ALEJANDRIA PLAZA SAS.", "SUBCATRNT": "9", "LOCALIDAD": "13", "SECCATASTR": "EL RECUERDO", "LATITUD": 4.631068261, "LONGITUD": -74.08871658 }, "geometry": { "type": "Point", "coordinates": [ -8247518.203199999406934, 516090.409200001507998 ] } },
{ "type": "Feature", "properties": { "REGNTURISM": 56495, "NOMESTABLE": "GRAND HYATT BOGOTA", "SUBCATRNT": "9", "LOCALIDAD": "13", "SECCATASTR": "CIUDAD SALITRE NOR-ORIENTAL", "LATITUD": 4.643972932, "LONGITUD": -74.09995078 }, "geometry": { "type": "Point", "coordinates": [ -8248768.788599999621511, 517531.668999999761581 ] } },
{ "type": "Feature", "properties": { "REGNTURISM": 56995, "NOMESTABLE": "LA AVENIDA HOTEL", "SUBCATRNT": "9", "LOCALIDAD": "2", "SECCATASTR": "MARLY", "LATITUD": 4.638816993, "LONGITUD": -74.06638868 }, "geometry": { "type": "Point", "coordinates": [ -8245032.672800000756979, 516955.824200000613928 ] } },
{ "type": "Feature", "properties": { "REGNTURISM": 57142, "NOMESTABLE": "CASA HOTEL ESTANCIA BOGOTA", "SUBCATRNT": "9", "LOCALIDAD": "13", "SECCATASTR": "ORTEZAL", "LATITUD": 4.631368646, "LONGITUD": -74.09497964000001 }, "geometry": { "type": "Point", "coordinates": [ -8248215.403899999335408, 516123.957400001585484 ] } },
{ "type": "Feature", "properties": { "REGNTURISM": 58074, "NOMESTABLE": "EDIFICIO PERCALES", "SUBCATRNT": "7", "LOCALIDAD": "2", "SECCATASTR": "LAGO GAITAN", "LATITUD": 4.663582503, "LONGITUD": -74.05788739 }, "geometry": { "type": "Point", "coordinates": [ -8244086.313500000163913, 519721.817099999636412 ] } },
{ "type": "Feature", "properties": { "REGNTURISM": 58207, "NOMESTABLE": "HOTEL CHARLIES PLACE", "SUBCATRNT": "9", "LOCALIDAD": "1", "SECCATASTR": "SANTA ANA OCCIDENTAL", "LATITUD": 4.688839384, "LONGITUD": -74.0408502 }, "geometry": { "type": "Point", "coordinates": [ -8242189.742200000211596, 522542.790300000458956 ] } },
{ "type": "Feature", "properties": { "REGNTURISM": 58800, "NOMESTABLE": "HOTEL PORTAL DE LOS ANDES", "SUBCATRNT": "9", "LOCALIDAD": "13", "SECCATASTR": "EL RECUERDO", "LATITUD": 4.632968034, "LONGITUD": -74.08985547 }, "geometry": { "type": "Point", "coordinates": [ -8247644.983899999409914, 516302.58390000090003 ] } },
{ "type": "Feature", "properties": { "REGNTURISM": 58959, "NOMESTABLE": "HOTEL ARISTON AW", "SUBCATRNT": "9", "LOCALIDAD": "13", "SECCATASTR": "EL RECUERDO", "LATITUD": 4.629077009, "LONGITUD": -74.08738662 }, "geometry": { "type": "Point", "coordinates": [ -8247370.152699999511242, 515868.018300000578165 ] } },
{ "type": "Feature", "properties": { "REGNTURISM": 59064, "NOMESTABLE": "LUXURY CITY APARTMENTS", "SUBCATRNT": "7", "LOCALIDAD": "13", "SECCATASTR": "ORTEZAL", "LATITUD": 4.631155535, "LONGITUD": -74.09574813 }, "geometry": { "type": "Point", "coordinates": [ -8248300.9518, 516100.156300000846386 ] } },
{ "type": "Feature", "properties": { "REGNTURISM": 59318, "NOMESTABLE": "APARTA HOTEL SANTANDEREANO A H S", "SUBCATRNT": "7", "LOCALIDAD": "8", "SECCATASTR": "CIUDAD KENNEDY NORTE", "LATITUD": 4.63233176, "LONGITUD": -74.15446996 }, "geometry": { "type": "Point", "coordinates": [ -8254837.835999999195337, 516231.521999999880791 ] } },
{ "type": "Feature", "properties": { "REGNTURISM": 59322, "NOMESTABLE": "HOSPEDAJE SAN MIGUEL A R", "SUBCATRNT": "7", "LOCALIDAD": "8", "SECCATASTR": "CIUDAD KENNEDY NORTE", "LATITUD": 4.632431973, "LONGITUD": -74.15446095 }, "geometry": { "type": "Point", "coordinates": [ -8254836.833000000566244, 516242.714299999177456 ] } },
{ "type": "Feature", "properties": { "REGNTURISM": 59432, "NOMESTABLE": "HOTEL RIVER PLAZA BOGOTA", "SUBCATRNT": "9", "LOCALIDAD": "3", "SECCATASTR": "LA CAPUCHINA", "LATITUD": 4.607615713, "LONGITUD": -74.07657211 }, "geometry": { "type": "Point", "coordinates": [ -8246166.287000000476837, 513471.175500001758337 ] } },
{ "type": "Feature", "properties": { "REGNTURISM": 59449, "NOMESTABLE": "HOTEL CASA VERDE CORABASTOS", "SUBCATRNT": "9", "LOCALIDAD": "8", "SECCATASTR": "CIUDAD KENNEDY NORTE", "LATITUD": 4.634296732, "LONGITUD": -74.15330027 }, "geometry": { "type": "Point", "coordinates": [ -8254707.626700000837445, 516450.978900000452995 ] } },
{ "type": "Feature", "properties": { "REGNTURISM": 59587, "NOMESTABLE": "ZANA HOTEL BOUTIQUE SAS", "SUBCATRNT": "9", "LOCALIDAD": "1", "SECCATASTR": "USAQUEN", "LATITUD": 4.696058119, "LONGITUD": -74.02934689 }, "geometry": { "type": "Point", "coordinates": [ -8240909.1996, 523349.07880000025034 ] } },
{ "type": "Feature", "properties": { "REGNTURISM": 59641, "NOMESTABLE": "HOTEL CASA NINI", "SUBCATRNT": "8", "LOCALIDAD": "16", "SECCATASTR": "BOCHICA", "LATITUD": 4.604760308, "LONGITUD": -74.1087885 }, "geometry": { "type": "Point", "coordinates": [ -8249752.599099999293685, 513152.283300001174212 ] } },
{ "type": "Feature", "properties": { "REGNTURISM": 59984, "NOMESTABLE": "ORANGE TRIP", "SUBCATRNT": "9", "LOCALIDAD": "9", "SECCATASTR": "MODELIA OCCIDENTAL", "LATITUD": 4.666766616, "LONGITUD": -74.12430233000001 }, "geometry": { "type": "Point", "coordinates": [ -8251479.590800000354648, 520077.449099998921156 ] } },
{ "type": "Feature", "properties": { "REGNTURISM": 60159, "NOMESTABLE": "AGORA BOUTIQUE", "SUBCATRNT": "9", "LOCALIDAD": "13", "SECCATASTR": "ORTEZAL", "LATITUD": 4.63112422, "LONGITUD": -74.09585544 }, "geometry": { "type": "Point", "coordinates": [ -8248312.89750000089407, 516096.658900000154972 ] } },
{ "type": "Feature", "properties": { "REGNTURISM": 60242, "NOMESTABLE": "HOTEL CASA DE LA VEGA", "SUBCATRNT": "9", "LOCALIDAD": "17", "SECCATASTR": "LA CATEDRAL", "LATITUD": 4.598706273, "LONGITUD": -74.07142769 }, "geometry": { "type": "Point", "coordinates": [ -8245593.612800000235438, 512476.171799998730421 ] } },
{ "type": "Feature", "properties": { "REGNTURISM": 60297, "NOMESTABLE": "CROWN PARK HOTEL", "SUBCATRNT": "9", "LOCALIDAD": "9", "SECCATASTR": "SAN JOSE DE FONTIBON", "LATITUD": 4.679092057, "LONGITUD": -74.135952 }, "geometry": { "type": "Point", "coordinates": [ -8252776.426100000739098, 521454.086899999529123 ] } },
{ "type": "Feature", "properties": { "REGNTURISM": 60408, "NOMESTABLE": "HOTEL BOUTIQUE CASONA D USAQUEN SAS", "SUBCATRNT": "9", "LOCALIDAD": "1", "SECCATASTR": "USAQUEN", "LATITUD": 4.694131759, "LONGITUD": -74.03135717000001 }, "geometry": { "type": "Point", "coordinates": [ -8241132.982899999246001, 523133.915399998426437 ] } },
{ "type": "Feature", "properties": { "REGNTURISM": 60721, "NOMESTABLE": "KLEINN HOTEL", "SUBCATRNT": "9", "LOCALIDAD": "10", "SECCATASTR": "NORMANDIA OCCIDENTAL", "LATITUD": 4.669343979, "LONGITUD": -74.10908161 }, "geometry": { "type": "Point", "coordinates": [ -8249785.228000000119209, 520365.314699999988079 ] } },
{ "type": "Feature", "properties": { "REGNTURISM": 60827, "NOMESTABLE": "SM GRAND HOTEL", "SUBCATRNT": "9", "LOCALIDAD": "13", "SECCATASTR": "QUINTA PAREDES", "LATITUD": 4.631144136, "LONGITUD": -74.09257037 }, "geometry": { "type": "Point", "coordinates": [ -8247947.205199999734759, 516098.883200000971556 ] } },
{ "type": "Feature", "properties": { "REGNTURISM": 61190, "NOMESTABLE": "HOTEL PALMA DE LA SABANA", "SUBCATRNT": "9", "LOCALIDAD": "9", "SECCATASTR": "SANTA CECILIA", "LATITUD": 4.671577875, "LONGITUD": -74.11921332 }, "geometry": { "type": "Point", "coordinates": [ -8250913.084799999371171, 520614.819400001317263 ] } },
{ "type": "Feature", "properties": { "REGNTURISM": 61303, "NOMESTABLE": "HOTEL NORMANDIA GOLD SAS", "SUBCATRNT": "9", "LOCALIDAD": "10", "SECCATASTR": "NORMANDIA", "LATITUD": 4.671722747, "LONGITUD": -74.10466623000001 }, "geometry": { "type": "Point", "coordinates": [ -8249293.710100000724196, 520631.000199999660254 ] } },
{ "type": "Feature", "properties": { "REGNTURISM": 61785, "NOMESTABLE": "HOTEL MUSEO SAN MORITZ", "SUBCATRNT": "9", "LOCALIDAD": "3", "SECCATASTR": "VERACRUZ", "LATITUD": 4.6024389, "LONGITUD": -74.07056934000001 }, "geometry": { "type": "Point", "coordinates": [ -8245498.061699999496341, 512893.028999999165535 ] } },
{ "type": "Feature", "properties": { "REGNTURISM": 61911, "NOMESTABLE": "CENTRAL APARTAMENTOS", "SUBCATRNT": "7", "LOCALIDAD": "2", "SECCATASTR": "CHICO NORTE", "LATITUD": 4.677178465, "LONGITUD": -74.04446646 }, "geometry": { "type": "Point", "coordinates": [ -8242592.302400000393391, 521240.354800000786781 ] } },
{ "type": "Feature", "properties": { "REGNTURISM": 62271, "NOMESTABLE": "R14", "SUBCATRNT": "8", "LOCALIDAD": "17", "SECCATASTR": "LA CATEDRAL", "LATITUD": 4.598848236, "LONGITUD": -74.07264669 }, "geometry": { "type": "Point", "coordinates": [ -8245729.311200000345707, 512492.026000000536442 ] } },
{ "type": "Feature", "properties": { "REGNTURISM": 62300, "NOMESTABLE": "EL CARRETERO M A", "SUBCATRNT": "7", "LOCALIDAD": "8", "SECCATASTR": "VISION DE ORIENTE", "LATITUD": 4.651447264, "LONGITUD": -74.13466154 }, "geometry": { "type": "Point", "coordinates": [ -8252632.77280000038445, 518366.452799998223782 ] } },
{ "type": "Feature", "properties": { "REGNTURISM": 62322, "NOMESTABLE": "HOTEL REGENCY BOUTIQUE", "SUBCATRNT": "9", "LOCALIDAD": "13", "SECCATASTR": "ORTEZAL", "LATITUD": 4.630488842, "LONGITUD": -74.09537446 }, "geometry": { "type": "Point", "coordinates": [ -8248259.355000000447035, 516025.697299998253584 ] } },
{ "type": "Feature", "properties": { "REGNTURISM": 62769, "NOMESTABLE": "SELINA PARQUE 93", "SUBCATRNT": "8", "LOCALIDAD": "2", "SECCATASTR": "CHICO NORTE", "LATITUD": 4.679961639, "LONGITUD": -74.04816218000001 }, "geometry": { "type": "Point", "coordinates": [ -8243003.708100000396371, 521551.212099999189377 ] } },
{ "type": "Feature", "properties": { "REGNTURISM": 63033, "NOMESTABLE": "14 ART SUITES", "SUBCATRNT": "9", "LOCALIDAD": "1", "SECCATASTR": "SANTA BIBIANA", "LATITUD": 4.691056478, "LONGITUD": -74.05040048 }, "geometry": { "type": "Point", "coordinates": [ -8243252.874500000849366, 522790.425299998372793 ] } },
{ "type": "Feature", "properties": { "REGNTURISM": 63054, "NOMESTABLE": "HOTEL BOGOTA DC", "SUBCATRNT": "9", "LOCALIDAD": "10", "SECCATASTR": "NORMANDIA", "LATITUD": 4.669034645, "LONGITUD": -74.10474129000001 }, "geometry": { "type": "Point", "coordinates": [ -8249302.0658, 520330.7652000002563 ] } },
{ "type": "Feature", "properties": { "REGNTURISM": 63203, "NOMESTABLE": "HEMMA SUITES", "SUBCATRNT": "7", "LOCALIDAD": "1", "SECCATASTR": "LISBOA", "LATITUD": 4.713599449, "LONGITUD": -74.03471444 }, "geometry": { "type": "Point", "coordinates": [ -8241506.712500000372529, 525308.372600000351667 ] } },
{ "type": "Feature", "properties": { "REGNTURISM": 63205, "NOMESTABLE": "RADISSON BOGOTA METROTEL", "SUBCATRNT": "9", "LOCALIDAD": "2", "SECCATASTR": "PORCIUNCULA", "LATITUD": 4.660328926, "LONGITUD": -74.05949788 }, "geometry": { "type": "Point", "coordinates": [ -8244265.592399999499321, 519358.428300000727177 ] } },
{ "type": "Feature", "properties": { "REGNTURISM": 63385, "NOMESTABLE": "HOTEL PALERMO PLAZA CE", "SUBCATRNT": "9", "LOCALIDAD": "13", "SECCATASTR": "PALERMO", "LATITUD": 4.634115135, "LONGITUD": -74.07166651 }, "geometry": { "type": "Point", "coordinates": [ -8245620.198100000619888, 516430.697299998253584 ] } },
{ "type": "Feature", "properties": { "REGNTURISM": 63488, "NOMESTABLE": "HOTEL BOTANIKO", "SUBCATRNT": "9", "LOCALIDAD": "10", "SECCATASTR": "NORMANDIA", "LATITUD": 4.666837414, "LONGITUD": -74.10603475000001 }, "geometry": { "type": "Point", "coordinates": [ -8249446.053099999204278, 520085.356499999761581 ] } },
{ "type": "Feature", "properties": { "REGNTURISM": 63585, "NOMESTABLE": "HOSTAL CASA REINA", "SUBCATRNT": "8", "LOCALIDAD": "17", "SECCATASTR": "LA CATEDRAL", "LATITUD": 4.597190316, "LONGITUD": -74.07230769 }, "geometry": { "type": "Point", "coordinates": [ -8245691.573899999260902, 512306.871300000697374 ] } },
{ "type": "Feature", "properties": { "REGNTURISM": 63818, "NOMESTABLE": "HOTEL HILTON BOGOTA CORFERIAS", "SUBCATRNT": "9", "LOCALIDAD": "13", "SECCATASTR": "CENTRO NARINO", "LATITUD": 4.628667414, "LONGITUD": -74.09042836 }, "geometry": { "type": "Point", "coordinates": [ -8247708.7577, 515822.27309999987483 ] } },
{ "type": "Feature", "properties": { "REGNTURISM": 64776, "NOMESTABLE": "HOTEL ANDINO REAL", "SUBCATRNT": "9", "LOCALIDAD": "13", "SECCATASTR": "TEUSAQUILLO", "LATITUD": 4.622764229, "LONGITUD": -74.07306725 }, "geometry": { "type": "Point", "coordinates": [ -8245776.127800000831485, 515162.986200001090765 ] } },
{ "type": "Feature", "properties": { "REGNTURISM": 65002, "NOMESTABLE": "HOTEL RIAL JC", "SUBCATRNT": "9", "LOCALIDAD": "14", "SECCATASTR": "LA FAVORITA", "LATITUD": 4.610746654, "LONGITUD": -74.07695449000001 }, "geometry": { "type": "Point", "coordinates": [ -8246208.85329999960959, 513820.841099999845028 ] } },
{ "type": "Feature", "properties": { "REGNTURISM": 65219, "NOMESTABLE": "HOTEL CANDILEJAS", "SUBCATRNT": "9", "LOCALIDAD": "12", "SECCATASTR": "COLOMBIA", "LATITUD": 4.656636837, "LONGITUD": -74.06592649 }, "geometry": { "type": "Point", "coordinates": [ -8244981.221999999135733, 518946.064599998295307 ] } },
{ "type": "Feature", "properties": { "REGNTURISM": 65947, "NOMESTABLE": "HOSPEDAJE JOEPII", "SUBCATRNT": "9", "LOCALIDAD": "9", "SECCATASTR": "KASANDRA", "LATITUD": 4.692077563, "LONGITUD": -74.16972953 }, "geometry": { "type": "Point", "coordinates": [ -8256536.523600000888109, 522904.473999999463558 ] } },
{ "type": "Feature", "properties": { "REGNTURISM": 66734, "NOMESTABLE": "HOTEL D COLONIAL", "SUBCATRNT": "9", "LOCALIDAD": "13", "SECCATASTR": "ARMENIA", "LATITUD": 4.62046232, "LONGITUD": -74.07288755 }, "geometry": { "type": "Point", "coordinates": [ -8245756.123700000345707, 514905.902899999171495 ] } },
{ "type": "Feature", "properties": { "REGNTURISM": 67244, "NOMESTABLE": "DAGOAS HOSTEL", "SUBCATRNT": "8", "LOCALIDAD": "2", "SECCATASTR": "CHAPINERO CENTRAL", "LATITUD": 4.645337029, "LONGITUD": -74.06305494 }, "geometry": { "type": "Point", "coordinates": [ -8244661.5625, 517684.019900001585484 ] } },
{ "type": "Feature", "properties": { "REGNTURISM": 68677, "NOMESTABLE": "HOTEL EMBAJADA USA", "SUBCATRNT": "9", "LOCALIDAD": "13", "SECCATASTR": "QUINTA PAREDES", "LATITUD": 4.636642487, "LONGITUD": -74.09651678 }, "geometry": { "type": "Point", "coordinates": [ -8248386.5175, 516712.964099999517202 ] } },
{ "type": "Feature", "properties": { "REGNTURISM": 69063, "NOMESTABLE": "SALVIO", "SUBCATRNT": "7", "LOCALIDAD": "2", "SECCATASTR": "CHICO NORTE", "LATITUD": 4.675599644, "LONGITUD": -74.04892815 }, "geometry": { "type": "Point", "coordinates": [ -8243088.975400000810623, 521064.014199998229742 ] } },
{ "type": "Feature", "properties": { "REGNTURISM": 69430, "NOMESTABLE": "HOTEL CASA STUDIO", "SUBCATRNT": "9", "LOCALIDAD": "14", "SECCATASTR": "SANTA FE", "LATITUD": 4.612209863, "LONGITUD": -74.0758856 }, "geometry": { "type": "Point", "coordinates": [ -8246089.8651, 513984.253800000995398 ] } },
{ "type": "Feature", "properties": { "REGNTURISM": 69545, "NOMESTABLE": "HOSPEDAJE LOS TRES PINOS", "SUBCATRNT": "9", "LOCALIDAD": "2", "SECCATASTR": "CHAPINERO CENTRAL", "LATITUD": 4.642532711, "LONGITUD": -74.06536541 }, "geometry": { "type": "Point", "coordinates": [ -8244918.762900000438094, 517370.816500000655651 ] } },
{ "type": "Feature", "properties": { "REGNTURISM": 70090, "NOMESTABLE": "HOTEL NUEVO SIBONEY", "SUBCATRNT": "9", "LOCALIDAD": "14", "SECCATASTR": "LA FAVORITA", "LATITUD": 4.608478595, "LONGITUD": -74.07781542 }, "geometry": { "type": "Point", "coordinates": [ -8246304.691600000485778, 513567.542599998414516 ] } },
{ "type": "Feature", "properties": { "REGNTURISM": 70144, "NOMESTABLE": "HOTEL LA COLONIA", "SUBCATRNT": "9", "LOCALIDAD": "14", "SECCATASTR": "LA SABANA", "LATITUD": 4.607239826, "LONGITUD": -74.0856934 }, "geometry": { "type": "Point", "coordinates": [ -8247181.66440000012517, 513429.196299999952316 ] } },
{ "type": "Feature", "properties": { "REGNTURISM": 70913, "NOMESTABLE": "HOTEL CALLE 85 SAS", "SUBCATRNT": "9", "LOCALIDAD": "2", "SECCATASTR": "LA CABRERA", "LATITUD": 4.668925921, "LONGITUD": -74.05310135000001 }, "geometry": { "type": "Point", "coordinates": [ -8243553.533900000154972, 520318.621800001710653 ] } },
{ "type": "Feature", "properties": { "REGNTURISM": 71128, "NOMESTABLE": "HOMY APARTAMENTOS", "SUBCATRNT": "7", "LOCALIDAD": "13", "SECCATASTR": "EL RECUERDO", "LATITUD": 4.6297429, "LONGITUD": -74.08479487 }, "geometry": { "type": "Point", "coordinates": [ -8247081.64049999974668, 515942.387499999254942 ] } },
{ "type": "Feature", "properties": { "REGNTURISM": 71575, "NOMESTABLE": "HOTEL VILAR AMERICA", "SUBCATRNT": "9", "LOCALIDAD": "2", "SECCATASTR": "CHAPINERO NORTE", "LATITUD": 4.651016545, "LONGITUD": -74.05978873 }, "geometry": { "type": "Point", "coordinates": [ -8244297.969699999317527, 518318.346999999135733 ] } },
{ "type": "Feature", "properties": { "REGNTURISM": 71936, "NOMESTABLE": "WESS", "SUBCATRNT": "9", "LOCALIDAD": "13", "SECCATASTR": "EL RECUERDO", "LATITUD": 4.630710854, "LONGITUD": -74.08693987 }, "geometry": { "type": "Point", "coordinates": [ -8247320.420800000429153, 516050.492499999701977 ] } },
{ "type": "Feature", "properties": { "REGNTURISM": 72360, "NOMESTABLE": "HOTEL CITY BOG USAQUEN", "SUBCATRNT": "9", "LOCALIDAD": "1", "SECCATASTR": "SANTA ANA OCCIDENTAL", "LATITUD": 4.688748536, "LONGITUD": -74.04089054000001 }, "geometry": { "type": "Point", "coordinates": [ -8242194.232799999415874, 522532.643199998885393 ] } },
{ "type": "Feature", "properties": { "REGNTURISM": 72450, "NOMESTABLE": "HOTEL CITY BOG CORFERIAS", "SUBCATRNT": "9", "LOCALIDAD": "13", "SECCATASTR": "EL RECUERDO", "LATITUD": 4.634249136, "LONGITUD": -74.0912791 }, "geometry": { "type": "Point", "coordinates": [ -8247803.4616, 516445.663199998438358 ] } },
{ "type": "Feature", "properties": { "REGNTURISM": 72979, "NOMESTABLE": "FOUR POINTS BY SHERATON BOGOTA TEQUENDAMA", "SUBCATRNT": "9", "LOCALIDAD": "3", "SECCATASTR": "SAN DIEGO", "LATITUD": 4.612888668, "LONGITUD": -74.0708252 }, "geometry": { "type": "Point", "coordinates": [ -8245526.5439, 514060.063499998301268 ] } },
{ "type": "Feature", "properties": { "REGNTURISM": 73073, "NOMESTABLE": "APARTA SUITE BUSINESS CENTER BC", "SUBCATRNT": "7", "LOCALIDAD": "9", "SECCATASTR": "MODELIA", "LATITUD": 4.667737276, "LONGITUD": -74.11696245 }, "geometry": { "type": "Point", "coordinates": [ -8250662.519099999219179, 520185.861999999731779 ] } },
{ "type": "Feature", "properties": { "REGNTURISM": 73135, "NOMESTABLE": "HOTEL FONTANA DI TREVI", "SUBCATRNT": "9", "LOCALIDAD": "13", "SECCATASTR": "EL RECUERDO", "LATITUD": 4.632297064, "LONGITUD": -74.08934366 }, "geometry": { "type": "Point", "coordinates": [ -8247588.009400000795722, 516227.646999999880791 ] } },
{ "type": "Feature", "properties": { "REGNTURISM": 73228, "NOMESTABLE": "EDIFICIO AREA 97 APTO 413", "SUBCATRNT": "7", "LOCALIDAD": "2", "SECCATASTR": "CHICO NORTE II SECTOR", "LATITUD": 4.68030287, "LONGITUD": -74.04613174000001 }, "geometry": { "type": "Point", "coordinates": [ -8242777.680500000715256, 521589.324799999594688 ] } },
{ "type": "Feature", "properties": { "REGNTURISM": 73635, "NOMESTABLE": "ALOJATE IN", "SUBCATRNT": "9", "LOCALIDAD": "13", "SECCATASTR": "GALERIAS", "LATITUD": 4.641811178, "LONGITUD": -74.0768272 }, "geometry": { "type": "Point", "coordinates": [ -8246194.683499999344349, 517290.2314000017941 ] } },
{ "type": "Feature", "properties": { "REGNTURISM": 73725, "NOMESTABLE": "URBAN HEIGHTS", "SUBCATRNT": "7", "LOCALIDAD": "2", "SECCATASTR": "BOSQUE CALDERON", "LATITUD": 4.643058792, "LONGITUD": -74.05993613 }, "geometry": { "type": "Point", "coordinates": [ -8244314.378200000151992, 517429.572299998253584 ] } },
{ "type": "Feature", "properties": { "REGNTURISM": 73729, "NOMESTABLE": "HOTEL SUITE CENTRO INTERNACIONAL", "SUBCATRNT": "9", "LOCALIDAD": "3", "SECCATASTR": "LA ALAMEDA", "LATITUD": 4.612092825, "LONGITUD": -74.07294833 }, "geometry": { "type": "Point", "coordinates": [ -8245762.889699999243021, 513971.182799998670816 ] } },
{ "type": "Feature", "properties": { "REGNTURISM": 74426, "NOMESTABLE": "GRANADA HOSTEL", "SUBCATRNT": "8", "LOCALIDAD": "17", "SECCATASTR": "EGIPTO", "LATITUD": 4.5958071, "LONGITUD": -74.07150618 }, "geometry": { "type": "Point", "coordinates": [ -8245602.350199999287724, 512152.395599998533726 ] } },
{ "type": "Feature", "properties": { "REGNTURISM": 75151, "NOMESTABLE": "HOTEL BOUTIQUE AEROPUERTO", "SUBCATRNT": "9", "LOCALIDAD": "9", "SECCATASTR": "LA GIRALDA", "LATITUD": 4.677284438, "LONGITUD": -74.13888712000001 }, "geometry": { "type": "Point", "coordinates": [ -8253103.162200000137091, 521252.190999999642372 ] } },
{ "type": "Feature", "properties": { "REGNTURISM": 75623, "NOMESTABLE": "HOTEL SANTAFE SUITE", "SUBCATRNT": "9", "LOCALIDAD": "14", "SECCATASTR": "SANTA FE", "LATITUD": 4.611841781, "LONGITUD": -74.07614829000001 }, "geometry": { "type": "Point", "coordinates": [ -8246119.107599999755621, 513943.146000001579523 ] } },
{ "type": "Feature", "properties": { "REGNTURISM": 76219, "NOMESTABLE": "HOTELES CONFORT 8 CASTELLANA 95", "SUBCATRNT": "9", "LOCALIDAD": "12", "SECCATASTR": "LA CASTELLANA", "LATITUD": 4.683689358, "LONGITUD": -74.05911073 }, "geometry": { "type": "Point", "coordinates": [ -8244222.495100000873208, 521967.569099999964237 ] } },
{ "type": "Feature", "properties": { "REGNTURISM": 76366, "NOMESTABLE": "HOTEL PLATA", "SUBCATRNT": "9", "LOCALIDAD": "2", "SECCATASTR": "CHAPINERO CENTRAL", "LATITUD": 4.642429976, "LONGITUD": -74.06576042 }, "geometry": { "type": "Point", "coordinates": [ -8244962.735200000926852, 517359.342399999499321 ] } },
{ "type": "Feature", "properties": { "REGNTURISM": 76753, "NOMESTABLE": "HOTEL SAN PEDRO DE LOS ROBLES", "SUBCATRNT": "9", "LOCALIDAD": "9", "SECCATASTR": "SAN PEDRO DE LOS ROBLES", "LATITUD": 4.666798968, "LONGITUD": -74.14699737 }, "geometry": { "type": "Point", "coordinates": [ -8254005.991100000217557, 520081.0625 ] } },
{ "type": "Feature", "properties": { "REGNTURISM": 76795, "NOMESTABLE": "HOTEL ORQUIDEA PLAZA AMERICAS", "SUBCATRNT": "9", "LOCALIDAD": "8", "SECCATASTR": "PROVIVIENDA ORIENTAL", "LATITUD": 4.616680074, "LONGITUD": -74.13671477 }, "geometry": { "type": "Point", "coordinates": [ -8252861.337300000712276, 514483.493599999696016 ] } },
{ "type": "Feature", "properties": { "REGNTURISM": 76958, "NOMESTABLE": "HOTEL CONFORT 8 CASTELLANA 1", "SUBCATRNT": "9", "LOCALIDAD": "12", "SECCATASTR": "LA CASTELLANA", "LATITUD": 4.684546521, "LONGITUD": -74.05878169 }, "geometry": { "type": "Point", "coordinates": [ -8244185.866499999538064, 522063.307799998670816 ] } },
{ "type": "Feature", "properties": { "REGNTURISM": 77940, "NOMESTABLE": "HOSPEDAJE MUNZA IIIB", "SUBCATRNT": "9", "LOCALIDAD": "9", "SECCATASTR": "SAN JOSE DE FONTIBON", "LATITUD": 4.68802295, "LONGITUD": -74.13168467 }, "geometry": { "type": "Point", "coordinates": [ -8252301.38910000026226, 522451.60020000115037 ] } },
{ "type": "Feature", "properties": { "REGNTURISM": 77992, "NOMESTABLE": "HOSTEL BANDIDO SAS", "SUBCATRNT": "8", "LOCALIDAD": "13", "SECCATASTR": "LA MAGDALENA", "LATITUD": 4.629751467, "LONGITUD": -74.07009395 }, "geometry": { "type": "Point", "coordinates": [ -8245445.1415, 515943.344300001859665 ] } },
{ "type": "Feature", "properties": { "REGNTURISM": 79547, "NOMESTABLE": "SANTAFE BOUTIQUE HOTEL", "SUBCATRNT": "9", "LOCALIDAD": "1", "SECCATASTR": "SANTA BARBARA OCCIDENTAL", "LATITUD": 4.696800415, "LONGITUD": -74.04382508 }, "geometry": { "type": "Point", "coordinates": [ -8242520.90430000051856, 523431.989199999719858 ] } },
{ "type": "Feature", "properties": { "REGNTURISM": 79566, "NOMESTABLE": "HOTEL TESORO", "SUBCATRNT": "9", "LOCALIDAD": "8", "SECCATASTR": "VISION DE ORIENTE", "LATITUD": 4.65188079, "LONGITUD": -74.13538409 }, "geometry": { "type": "Point", "coordinates": [ -8252713.206700000911951, 518414.87220000103116 ] } },
{ "type": "Feature", "properties": { "REGNTURISM": 80093, "NOMESTABLE": "HOTEL LUCITANIA", "SUBCATRNT": "9", "LOCALIDAD": "2", "SECCATASTR": "QUINTA CAMACHO", "LATITUD": 4.652865441, "LONGITUD": -74.05958236 }, "geometry": { "type": "Point", "coordinates": [ -8244274.9967, 518524.845400001853704 ] } },
{ "type": "Feature", "properties": { "REGNTURISM": 80308, "NOMESTABLE": "LA CASA DE LAS PLAZAS", "SUBCATRNT": "8", "LOCALIDAD": "17", "SECCATASTR": "LAS AGUAS", "LATITUD": 4.600043636, "LONGITUD": -74.06849853 }, "geometry": { "type": "Point", "coordinates": [ -8245267.540200000628829, 512625.527300000190735 ] } },
{ "type": "Feature", "properties": { "REGNTURISM": 80899, "NOMESTABLE": "PALOMAR SANTA CLARA", "SUBCATRNT": "9", "LOCALIDAD": "18", "SECCATASTR": "SANTA LUCIA", "LATITUD": 4.571753582, "LONGITUD": -74.12498808 }, "geometry": { "type": "Point", "coordinates": [ -8251555.928099999204278, 509466.17850000038743 ] } },
{ "type": "Feature", "properties": { "REGNTURISM": 81513, "NOMESTABLE": "HOTEL MADRUGON 5", "SUBCATRNT": "7", "LOCALIDAD": "3", "SECCATASTR": "LA CAPUCHINA", "LATITUD": 4.607690519, "LONGITUD": -74.07633917 }, "geometry": { "type": "Point", "coordinates": [ -8246140.356200000271201, 513479.529899999499321 ] } },
{ "type": "Feature", "properties": { "REGNTURISM": 81632, "NOMESTABLE": "HOSPEDAJE VISION L T", "SUBCATRNT": "9", "LOCALIDAD": "8", "SECCATASTR": "VISION DE ORIENTE", "LATITUD": 4.652179397, "LONGITUD": -74.13506966 }, "geometry": { "type": "Point", "coordinates": [ -8252678.204500000923872, 518448.222899999469519 ] } },
{ "type": "Feature", "properties": { "REGNTURISM": 81788, "NOMESTABLE": "HOTEL TORRE 52", "SUBCATRNT": "9", "LOCALIDAD": "2", "SECCATASTR": "MARLY", "LATITUD": 4.639255929, "LONGITUD": -74.06589952 }, "geometry": { "type": "Point", "coordinates": [ -8244978.219699999317527, 517004.846900001168251 ] } },
{ "type": "Feature", "properties": { "REGNTURISM": 81853, "NOMESTABLE": "HOSPEDAJE NAPOLES DMG", "SUBCATRNT": "9", "LOCALIDAD": "14", "SECCATASTR": "SANTA FE", "LATITUD": 4.612261242, "LONGITUD": -74.07584578 }, "geometry": { "type": "Point", "coordinates": [ -8246085.432299999520183, 513989.991799999028444 ] } },
{ "type": "Feature", "properties": { "REGNTURISM": 81947, "NOMESTABLE": "HOSPEDAJE VISION COLOMBIA", "SUBCATRNT": "9", "LOCALIDAD": "8", "SECCATASTR": "VISION DE ORIENTE", "LATITUD": 4.652466842, "LONGITUD": -74.13508123 }, "geometry": { "type": "Point", "coordinates": [ -8252679.49239999987185, 518480.326900001615286 ] } },
{ "type": "Feature", "properties": { "REGNTURISM": 82093, "NOMESTABLE": "GOLDEN DREAMS DC", "SUBCATRNT": "9", "LOCALIDAD": "18", "SECCATASTR": "SANTA LUCIA", "LATITUD": 4.576929644, "LONGITUD": -74.12317075 }, "geometry": { "type": "Point", "coordinates": [ -8251353.6239, 510044.216299999505281 ] } },
{ "type": "Feature", "properties": { "REGNTURISM": 82375, "NOMESTABLE": "EL CAMIONERO", "SUBCATRNT": "9", "LOCALIDAD": "8", "SECCATASTR": "CIUDAD KENNEDY NORTE", "LATITUD": 4.632567684, "LONGITUD": -74.15412817000001 }, "geometry": { "type": "Point", "coordinates": [ -8254799.788100000470877, 516257.871100001037121 ] } },
{ "type": "Feature", "properties": { "REGNTURISM": 83700, "NOMESTABLE": "HOTEL RICAURTE BOGOTA", "SUBCATRNT": "9", "LOCALIDAD": "14", "SECCATASTR": "RICAURTE", "LATITUD": 4.607245085, "LONGITUD": -74.09088879 }, "geometry": { "type": "Point", "coordinates": [ -8247760.012499999254942, 513429.783599998801947 ] } },
{ "type": "Feature", "properties": { "REGNTURISM": 83723, "NOMESTABLE": "FARANDA BOGOTA", "SUBCATRNT": "9", "LOCALIDAD": "1", "SECCATASTR": "MOLINOS NORTE", "LATITUD": 4.693728798, "LONGITUD": -74.04161184 }, "geometry": { "type": "Point", "coordinates": [ -8242274.527499999850988, 523088.907000001519918 ] } },
{ "type": "Feature", "properties": { "REGNTURISM": 84032, "NOMESTABLE": "HOTEL LA ESTACION RJ", "SUBCATRNT": "7", "LOCALIDAD": "3", "SECCATASTR": "LAS CRUCES", "LATITUD": 4.587405737, "LONGITUD": -74.07858069 }, "geometry": { "type": "Point", "coordinates": [ -8246389.881100000813603, 511214.149000000208616 ] } },
{ "type": "Feature", "properties": { "REGNTURISM": 84322, "NOMESTABLE": "ELOINA HOTEL BOUTIQUE", "SUBCATRNT": "9", "LOCALIDAD": "2", "SECCATASTR": "MARLY", "LATITUD": 4.633269199, "LONGITUD": -74.06727148 }, "geometry": { "type": "Point", "coordinates": [ -8245130.945599999278784, 516336.219300001859665 ] } },
{ "type": "Feature", "properties": { "REGNTURISM": 84338, "NOMESTABLE": "C.Q. CHAPINERO", "SUBCATRNT": "7", "LOCALIDAD": "12", "SECCATASTR": "LA ESPERANZA", "LATITUD": 4.65456265, "LONGITUD": -74.06551878 }, "geometry": { "type": "Point", "coordinates": [ -8244935.835899999365211, 518714.402800001204014 ] } },
{ "type": "Feature", "properties": { "REGNTURISM": 84385, "NOMESTABLE": "FEDERMAN PARK HOTEL", "SUBCATRNT": "9", "LOCALIDAD": "13", "SECCATASTR": "NICOLAS DE FEDERMAN", "LATITUD": 4.648053091, "LONGITUD": -74.08171863 }, "geometry": { "type": "Point", "coordinates": [ -8246739.195000000298023, 517987.367600001394749 ] } },
{ "type": "Feature", "properties": { "REGNTURISM": 84386, "NOMESTABLE": "CASA MOOD", "SUBCATRNT": "8", "LOCALIDAD": "1", "SECCATASTR": "SANTA BARBARA ORIENTAL", "LATITUD": 4.697645351, "LONGITUD": -74.03180501 }, "geometry": { "type": "Point", "coordinates": [ -8241182.836200000718236, 523526.364000000059605 ] } },
{ "type": "Feature", "properties": { "REGNTURISM": 84535, "NOMESTABLE": "HOSPEDAJE SANDRA", "SUBCATRNT": "9", "LOCALIDAD": "8", "SECCATASTR": "LLANO GRANDE", "LATITUD": 4.633898855, "LONGITUD": -74.16330178 }, "geometry": { "type": "Point", "coordinates": [ -8255820.989700000733137, 516406.542199999094009 ] } },
{ "type": "Feature", "properties": { "REGNTURISM": 84636, "NOMESTABLE": "AMARTE SUITE", "SUBCATRNT": "9", "LOCALIDAD": "13", "SECCATASTR": "CHAPINERO OCCIDENTAL", "LATITUD": 4.64899704, "LONGITUD": -74.06504629 }, "geometry": { "type": "Point", "coordinates": [ -8244883.238600000739098, 518092.794300001114607 ] } },
{ "type": "Feature", "properties": { "REGNTURISM": 84735, "NOMESTABLE": "HOTEL BOUTIQUE MARKES", "SUBCATRNT": "9", "LOCALIDAD": "9", "SECCATASTR": "SANTA CECILIA", "LATITUD": 4.670364007, "LONGITUD": -74.11930176 }, "geometry": { "type": "Point", "coordinates": [ -8250922.92989999987185, 520479.241900000721216 ] } },
{ "type": "Feature", "properties": { "REGNTURISM": 84743, "NOMESTABLE": "HOTEL BOGOTA RESORT", "SUBCATRNT": "9", "LOCALIDAD": "13", "SECCATASTR": "EL RECUERDO", "LATITUD": 4.632534647, "LONGITUD": -74.08949912 }, "geometry": { "type": "Point", "coordinates": [ -8247605.315199999138713, 516254.18129999935627 ] } },
{ "type": "Feature", "properties": { "REGNTURISM": 84802, "NOMESTABLE": "HOTEL CASA ANTIGUA SAS", "SUBCATRNT": "9", "LOCALIDAD": "13", "SECCATASTR": "ORTEZAL", "LATITUD": 4.630717443, "LONGITUD": -74.09319569 }, "geometry": { "type": "Point", "coordinates": [ -8248016.815500000491738, 516051.228399999439716 ] } },
{ "type": "Feature", "properties": { "REGNTURISM": 85025, "NOMESTABLE": "HOTEL ZONA OCCIDENTE", "SUBCATRNT": "9", "LOCALIDAD": "9", "SECCATASTR": "ZONA FRANCA", "LATITUD": 4.671194141, "LONGITUD": -74.15586653 }, "geometry": { "type": "Point", "coordinates": [ -8254993.3015, 520571.959899999201298 ] } },
{ "type": "Feature", "properties": { "REGNTURISM": 85037, "NOMESTABLE": "HOTEL LOS CRISTALES D.S.", "SUBCATRNT": "9", "LOCALIDAD": "3", "SECCATASTR": "LA CAPUCHINA", "LATITUD": 4.60646684, "LONGITUD": -74.0749527 }, "geometry": { "type": "Point", "coordinates": [ -8245986.015100000426173, 513342.868999999016523 ] } },
{ "type": "Feature", "properties": { "REGNTURISM": 85277, "NOMESTABLE": "EXPOSUIT PARQUE CENTRAL BAVARIA", "SUBCATRNT": "9", "LOCALIDAD": "3", "SECCATASTR": "SAMPER", "LATITUD": 4.620335051, "LONGITUD": -74.06914727 }, "geometry": { "type": "Point", "coordinates": [ -8245339.75760000012815, 514891.6891999989748 ] } },
{ "type": "Feature", "properties": { "REGNTURISM": 85295, "NOMESTABLE": "HOTEL AMERICAN VISA", "SUBCATRNT": "9", "LOCALIDAD": "13", "SECCATASTR": "EL RECUERDO", "LATITUD": 4.630822493, "LONGITUD": -74.08567552 }, "geometry": { "type": "Point", "coordinates": [ -8247179.674000000581145, 516062.960799999535084 ] } },
{ "type": "Feature", "properties": { "REGNTURISM": 85555, "NOMESTABLE": "HOTEL TORRE 9", "SUBCATRNT": "9", "LOCALIDAD": "2", "SECCATASTR": "EL CHICO", "LATITUD": 4.675008593, "LONGITUD": -74.05405662 }, "geometry": { "type": "Point", "coordinates": [ -8243659.874099999666214, 520997.999000001698732 ] } },
{ "type": "Feature", "properties": { "REGNTURISM": 85579, "NOMESTABLE": "HOSPEDAJE SOLIANKA", "SUBCATRNT": "8", "LOCALIDAD": "9", "SECCATASTR": "GUADUAL FONTIBON", "LATITUD": 4.669837178, "LONGITUD": -74.14430465 }, "geometry": { "type": "Point", "coordinates": [ -8253706.238900000229478, 520420.400199998170137 ] } },
{ "type": "Feature", "properties": { "REGNTURISM": 85866, "NOMESTABLE": "EDIFICIO AREA 97 APTO 816", "SUBCATRNT": "7", "LOCALIDAD": "2", "SECCATASTR": "CHICO NORTE II SECTOR", "LATITUD": 4.68009513, "LONGITUD": -74.04642819 }, "geometry": { "type": "Point", "coordinates": [ -8242810.681199999526143, 521566.121899999678135 ] } },
{ "type": "Feature", "properties": { "REGNTURISM": 85867, "NOMESTABLE": "EDIFICIO AREA 97 APTO 81", "SUBCATRNT": "7", "LOCALIDAD": "2", "SECCATASTR": "CHICO NORTE II SECTOR", "LATITUD": 4.68009513, "LONGITUD": -74.04642819 }, "geometry": { "type": "Point", "coordinates": [ -8242810.681199999526143, 521566.121899999678135 ] } },
{ "type": "Feature", "properties": { "REGNTURISM": 85869, "NOMESTABLE": "EDIFICIO AREA 97 APTO 44", "SUBCATRNT": "7", "LOCALIDAD": "2", "SECCATASTR": "CHICO NORTE II SECTOR", "LATITUD": 4.68009513, "LONGITUD": -74.04642819 }, "geometry": { "type": "Point", "coordinates": [ -8242810.681199999526143, 521566.121899999678135 ] } },
{ "type": "Feature", "properties": { "REGNTURISM": 86632, "NOMESTABLE": "CASA QUINTA HOTEL", "SUBCATRNT": "9", "LOCALIDAD": "13", "SECCATASTR": "QUINTA PAREDES", "LATITUD": 4.633105552, "LONGITUD": -74.09246707 }, "geometry": { "type": "Point", "coordinates": [ -8247935.705800000578165, 516317.942499998956919 ] } },
{ "type": "Feature", "properties": { "REGNTURISM": 88095, "NOMESTABLE": "HOTEL AZUL REAL 2", "SUBCATRNT": "9", "LOCALIDAD": "8", "SECCATASTR": "LA PAMPA", "LATITUD": 4.651299821, "LONGITUD": -74.13768678 }, "geometry": { "type": "Point", "coordinates": [ -8252969.540899999439716, 518349.985300000756979 ] } },
{ "type": "Feature", "properties": { "REGNTURISM": 88516, "NOMESTABLE": "EDIFICIO BALMORAL 13", "SUBCATRNT": "7", "LOCALIDAD": "1", "SECCATASTR": "SANTA BIBIANA", "LATITUD": 4.689010598, "LONGITUD": -74.05075077 }, "geometry": { "type": "Point", "coordinates": [ -8243291.868599999696016, 522561.913800001144409 ] } },
{ "type": "Feature", "properties": { "REGNTURISM": 88542, "NOMESTABLE": "HOTEL BUSINESS CENTER INTERNATIONAL BC", "SUBCATRNT": "9", "LOCALIDAD": "13", "SECCATASTR": "EL RECUERDO", "LATITUD": 4.633717099, "LONGITUD": -74.09012293000001 }, "geometry": { "type": "Point", "coordinates": [ -8247674.757400000467896, 516386.242800001055002 ] } },
{ "type": "Feature", "properties": { "REGNTURISM": 89358, "NOMESTABLE": "APARTA  HOTEL LA MARIPOSA", "SUBCATRNT": "7", "LOCALIDAD": "14", "SECCATASTR": "SANTA FE", "LATITUD": 4.612702755, "LONGITUD": -74.07639803 }, "geometry": { "type": "Point", "coordinates": [ -8246146.908500000834465, 514039.300500001758337 ] } },
{ "type": "Feature", "properties": { "REGNTURISM": 90104, "NOMESTABLE": "HOTEL VINTAGE", "SUBCATRNT": "9", "LOCALIDAD": "2", "SECCATASTR": "CHICO NORTE II SECTOR", "LATITUD": 4.683907538, "LONGITUD": -74.0466034 }, "geometry": { "type": "Point", "coordinates": [ -8242830.185499999672174, 521991.938200000673532 ] } },
{ "type": "Feature", "properties": { "REGNTURISM": 90405, "NOMESTABLE": "HOTEL LAS PALMAS LHG", "SUBCATRNT": "9", "LOCALIDAD": "9", "SECCATASTR": "EL CARMEN FONTIBON", "LATITUD": 4.674556466, "LONGITUD": -74.14747983 }, "geometry": { "type": "Point", "coordinates": [ -8254059.698300000280142, 520947.500500001013279 ] } },
{ "type": "Feature", "properties": { "REGNTURISM": 90457, "NOMESTABLE": "HOTEL COLONIAL INTERNATIONAL SAS", "SUBCATRNT": "9", "LOCALIDAD": "9", "SECCATASTR": "SANTA CECILIA", "LATITUD": 4.672325453, "LONGITUD": -74.119181 }, "geometry": { "type": "Point", "coordinates": [ -8250909.4869, 520698.316799998283386 ] } },
{ "type": "Feature", "properties": { "REGNTURISM": 91130, "NOMESTABLE": "HOTEL AMERICAN VISA EXPRESS", "SUBCATRNT": "9", "LOCALIDAD": "13", "SECCATASTR": "EL RECUERDO", "LATITUD": 4.632746022, "LONGITUD": -74.09019961 }, "geometry": { "type": "Point", "coordinates": [ -8247683.293400000780821, 516277.788600001484156 ] } },
{ "type": "Feature", "properties": { "REGNTURISM": 91721, "NOMESTABLE": "HAB S.A.S.", "SUBCATRNT": "9", "LOCALIDAD": "2", "SECCATASTR": "BOSQUE CALDERON", "LATITUD": 4.642977454, "LONGITUD": -74.06084915 }, "geometry": { "type": "Point", "coordinates": [ -8244416.015100000426173, 517420.488000001758337 ] } },
{ "type": "Feature", "properties": { "REGNTURISM": 91731, "NOMESTABLE": "HOTEL DUBAI D.O", "SUBCATRNT": "9", "LOCALIDAD": "8", "SECCATASTR": "LLANO GRANDE", "LATITUD": 4.633983106, "LONGITUD": -74.16299266 }, "geometry": { "type": "Point", "coordinates": [ -8255786.578600000590086, 516415.951699998229742 ] } },
{ "type": "Feature", "properties": { "REGNTURISM": 91873, "NOMESTABLE": "HOTEL SHANGAI CALLE 17", "SUBCATRNT": "9", "LOCALIDAD": "14", "SECCATASTR": "LA FAVORITA", "LATITUD": 4.607292239, "LONGITUD": -74.07806206 }, "geometry": { "type": "Point", "coordinates": [ -8246332.14750000089407, 513435.049800001084805 ] } },
{ "type": "Feature", "properties": { "REGNTURISM": 91964, "NOMESTABLE": "HOTEL LAS TERRAZAS II", "SUBCATRNT": "9", "LOCALIDAD": "8", "SECCATASTR": "CIUDAD KENNEDY NORTE", "LATITUD": 4.632385747, "LONGITUD": -74.15446511 }, "geometry": { "type": "Point", "coordinates": [ -8254837.2961, 516237.551500000059605 ] } },
{ "type": "Feature", "properties": { "REGNTURISM": 92104, "NOMESTABLE": "HOSPEDAJE EL TRANSPORTADOR", "SUBCATRNT": "9", "LOCALIDAD": "8", "SECCATASTR": "CIUDAD KENNEDY NORTE", "LATITUD": 4.632212134, "LONGITUD": -74.15370002 }, "geometry": { "type": "Point", "coordinates": [ -8254752.126700000837445, 516218.161699999123812 ] } },
{ "type": "Feature", "properties": { "REGNTURISM": 92262, "NOMESTABLE": "PALERMO HOME BOGOTA", "SUBCATRNT": "9", "LOCALIDAD": "13", "SECCATASTR": "PALERMO", "LATITUD": 4.634708708, "LONGITUD": -74.07193145 }, "geometry": { "type": "Point", "coordinates": [ -8245649.691099999472499, 516496.990299999713898 ] } },
{ "type": "Feature", "properties": { "REGNTURISM": 92534, "NOMESTABLE": "HOSPEDAJE EL ANDARIEGO", "SUBCATRNT": "9", "LOCALIDAD": "8", "SECCATASTR": "CIUDAD KENNEDY NORTE", "LATITUD": 4.632304907, "LONGITUD": -74.15363792 }, "geometry": { "type": "Point", "coordinates": [ -8254745.213700000196695, 516228.522999998182058 ] } },
{ "type": "Feature", "properties": { "REGNTURISM": 92980, "NOMESTABLE": "HOSTAL PRADO LAND", "SUBCATRNT": "9", "LOCALIDAD": "3", "SECCATASTR": "SAN BERNARDO", "LATITUD": 4.590411164, "LONGITUD": -74.08454342 }, "geometry": { "type": "Point", "coordinates": [ -8247053.64919999986887, 511549.787500001490116 ] } },
{ "type": "Feature", "properties": { "REGNTURISM": 93183, "NOMESTABLE": "HOSPEDAJE LAS BRISAS 1", "SUBCATRNT": "9", "LOCALIDAD": "3", "SECCATASTR": "SAN BERNARDO", "LATITUD": 4.590529913, "LONGITUD": -74.0845267 }, "geometry": { "type": "Point", "coordinates": [ -8247051.787900000810623, 511563.049100000411272 ] } },
{ "type": "Feature", "properties": { "REGNTURISM": 93407, "NOMESTABLE": "HOSPEDAJE MARIELA DURAN", "SUBCATRNT": "9", "LOCALIDAD": "8", "SECCATASTR": "VISION DE ORIENTE", "LATITUD": 4.651058306, "LONGITUD": -74.13655301 }, "geometry": { "type": "Point", "coordinates": [ -8252843.330199999734759, 518323.011199999600649 ] } },
{ "type": "Feature", "properties": { "REGNTURISM": 93629, "NOMESTABLE": "HOSPEDAJE LAS AMERICAS", "SUBCATRNT": "9", "LOCALIDAD": "8", "SECCATASTR": "CIUDAD KENNEDY NORTE", "LATITUD": 4.632165311, "LONGITUD": -74.15414021 }, "geometry": { "type": "Point", "coordinates": [ -8254801.128399999812245, 516212.932300001382828 ] } },
{ "type": "Feature", "properties": { "REGNTURISM": 94536, "NOMESTABLE": "HOTEL LORD", "SUBCATRNT": "9", "LOCALIDAD": "12", "SECCATASTR": "LA ESPERANZA", "LATITUD": 4.649852003, "LONGITUD": -74.0653871 }, "geometry": { "type": "Point", "coordinates": [ -8244921.177400000393391, 518188.282600000500679 ] } },
{ "type": "Feature", "properties": { "REGNTURISM": 94864, "NOMESTABLE": "HOSPEDAJE LOS ROSALES KENNEDY", "SUBCATRNT": "9", "LOCALIDAD": "8", "SECCATASTR": "CIUDAD KENNEDY NORTE", "LATITUD": 4.632323087, "LONGITUD": -74.15441657 }, "geometry": { "type": "Point", "coordinates": [ -8254831.8926, 516230.553399998694658 ] } },
{ "type": "Feature", "properties": { "REGNTURISM": 95376, "NOMESTABLE": "CASA NAVI", "SUBCATRNT": "9", "LOCALIDAD": "13", "SECCATASTR": "QUINTA PAREDES", "LATITUD": 4.635176274, "LONGITUD": -74.09314599 }, "geometry": { "type": "Point", "coordinates": [ -8248011.2829, 516549.210299998521805 ] } },
{ "type": "Feature", "properties": { "REGNTURISM": 95416, "NOMESTABLE": "HOTEL IMPERIAL BOGOTA", "SUBCATRNT": "9", "LOCALIDAD": "10", "SECCATASTR": "NORMANDIA OCCIDENTAL", "LATITUD": 4.673090848, "LONGITUD": -74.109819 }, "geometry": { "type": "Point", "coordinates": [ -8249867.31389999948442, 520783.804299999028444 ] } },
{ "type": "Feature", "properties": { "REGNTURISM": 95500, "NOMESTABLE": "BOGOTA HOME MIJITO", "SUBCATRNT": "9", "LOCALIDAD": "10", "SECCATASTR": "NORMANDIA OCCIDENTAL", "LATITUD": 4.667635948, "LONGITUD": -74.11104819000001 }, "geometry": { "type": "Point", "coordinates": [ -8250004.14670000039041, 520174.544700000435114 ] } },
{ "type": "Feature", "properties": { "REGNTURISM": 95575, "NOMESTABLE": "EL ENSUEÑO.G", "SUBCATRNT": "7", "LOCALIDAD": "14", "SECCATASTR": "SANTA FE", "LATITUD": 4.611106591, "LONGITUD": -74.07651994 }, "geometry": { "type": "Point", "coordinates": [ -8246160.479499999433756, 513861.039200000464916 ] } },
{ "type": "Feature", "properties": { "REGNTURISM": 95652, "NOMESTABLE": "HOTEL IBIS BUDGET BOGOTA MARLY", "SUBCATRNT": "9", "LOCALIDAD": "2", "SECCATASTR": "MARLY", "LATITUD": 4.636522909, "LONGITUD": -74.06413975 }, "geometry": { "type": "Point", "coordinates": [ -8244782.323000000789762, 516699.609000001102686 ] } },
{ "type": "Feature", "properties": { "REGNTURISM": 95694, "NOMESTABLE": "HOSPEDAJE REAL", "SUBCATRNT": "9", "LOCALIDAD": "2", "SECCATASTR": "CHAPINERO CENTRAL", "LATITUD": 4.641311492, "LONGITUD": -74.06523202 }, "geometry": { "type": "Point", "coordinates": [ -8244903.914000000804663, 517234.423599999397993 ] } },
{ "type": "Feature", "properties": { "REGNTURISM": 96618, "NOMESTABLE": "EL VIAJERO MONSERRATE", "SUBCATRNT": "8", "LOCALIDAD": "3", "SECCATASTR": "LAS NIEVES", "LATITUD": 4.604375756, "LONGITUD": -74.0676615 }, "geometry": { "type": "Point", "coordinates": [ -8245174.362400000914931, 513109.336599998176098 ] } },
{ "type": "Feature", "properties": { "REGNTURISM": 96853, "NOMESTABLE": "HOSTAL CASALÉ", "SUBCATRNT": "8", "LOCALIDAD": "1", "SECCATASTR": "USAQUEN", "LATITUD": 4.697597809, "LONGITUD": -74.03063397 }, "geometry": { "type": "Point", "coordinates": [ -8241052.476600000634789, 523521.053800001740456 ] } },
{ "type": "Feature", "properties": { "REGNTURISM": 96968, "NOMESTABLE": "HOSTAL CASA HOWARD", "SUBCATRNT": "8", "LOCALIDAD": "13", "SECCATASTR": "QUESADA", "LATITUD": 4.639293932, "LONGITUD": -74.06892286 }, "geometry": { "type": "Point", "coordinates": [ -8245314.776399999856949, 517009.091299999505281 ] } },
{ "type": "Feature", "properties": { "REGNTURISM": 97796, "NOMESTABLE": "HOTEL AMERICAN TRAVEL AWC", "SUBCATRNT": "9", "LOCALIDAD": "13", "SECCATASTR": "QUINTA PAREDES", "LATITUD": 4.635618838, "LONGITUD": -74.09296318 }, "geometry": { "type": "Point", "coordinates": [ -8247990.932600000873208, 516598.637899998575449 ] } },
{ "type": "Feature", "properties": { "REGNTURISM": 97960, "NOMESTABLE": "ERAZO MUÑOZ HOTEL", "SUBCATRNT": "9", "LOCALIDAD": "13", "SECCATASTR": "EL RECUERDO", "LATITUD": 4.633468737, "LONGITUD": -74.08904347 }, "geometry": { "type": "Point", "coordinates": [ -8247554.592399999499321, 516358.504599999636412 ] } },
{ "type": "Feature", "properties": { "REGNTURISM": 98078, "NOMESTABLE": "HOTEL AW BOUTIQUE", "SUBCATRNT": "9", "LOCALIDAD": "13", "SECCATASTR": "QUINTA PAREDES", "LATITUD": 4.632946574, "LONGITUD": -74.09341654000001 }, "geometry": { "type": "Point", "coordinates": [ -8248041.400399999693036, 516300.187199998646975 ] } },
{ "type": "Feature", "properties": { "REGNTURISM": 99198, "NOMESTABLE": "ALAMEDA HOSTEL BOGOTA", "SUBCATRNT": "9", "LOCALIDAD": "3", "SECCATASTR": "LA ALAMEDA", "LATITUD": 4.608087782, "LONGITUD": -74.07355759 }, "geometry": { "type": "Point", "coordinates": [ -8245830.712200000882149, 513523.89640000090003 ] } },
{ "type": "Feature", "properties": { "REGNTURISM": 99217, "NOMESTABLE": "SUITES HOME 118", "SUBCATRNT": "9", "LOCALIDAD": "1", "SECCATASTR": "SANTA BARBARA CENTRAL", "LATITUD": 4.698061507, "LONGITUD": -74.03746516 }, "geometry": { "type": "Point", "coordinates": [ -8241812.92119999974966, 523572.846400000154972 ] } },
{ "type": "Feature", "properties": { "REGNTURISM": 99219, "NOMESTABLE": "HOTEL MARILYN CENTER", "SUBCATRNT": "9", "LOCALIDAD": "14", "SECCATASTR": "SANTA FE", "LATITUD": 4.613372238, "LONGITUD": -74.07822517 }, "geometry": { "type": "Point", "coordinates": [ -8246350.3048, 514114.069200001657009 ] } },
{ "type": "Feature", "properties": { "REGNTURISM": 99406, "NOMESTABLE": "HOTEL ESTACION DE LA SABANA", "SUBCATRNT": "9", "LOCALIDAD": "14", "SECCATASTR": "LA SABANA", "LATITUD": 4.607996462, "LONGITUD": -74.0851295 }, "geometry": { "type": "Point", "coordinates": [ -8247118.89130000025034, 513513.697700001299381 ] } },
{ "type": "Feature", "properties": { "REGNTURISM": 99453, "NOMESTABLE": "HOSPEDAJE SUPER DOCE", "SUBCATRNT": "9", "LOCALIDAD": "8", "SECCATASTR": "CIUDAD KENNEDY NORTE", "LATITUD": 4.632170703, "LONGITUD": -74.15434025 }, "geometry": { "type": "Point", "coordinates": [ -8254823.39670000039041, 516213.534499999135733 ] } },
{ "type": "Feature", "properties": { "REGNTURISM": 99521, "NOMESTABLE": "HOTEL LA 6", "SUBCATRNT": "8", "LOCALIDAD": "2", "SECCATASTR": "CHAPINERO CENTRAL", "LATITUD": 4.646958343, "LONGITUD": -74.0642809 }, "geometry": { "type": "Point", "coordinates": [ -8244798.035800000652671, 517865.098799999803305 ] } },
{ "type": "Feature", "properties": { "REGNTURISM": 100613, "NOMESTABLE": "APARTASUITES LA CANDELARIA", "SUBCATRNT": "7", "LOCALIDAD": "17", "SECCATASTR": "EGIPTO", "LATITUD": 4.594813638, "LONGITUD": -74.0717921 }, "geometry": { "type": "Point", "coordinates": [ -8245634.1787, 512041.447299998253584 ] } },
{ "type": "Feature", "properties": { "REGNTURISM": 101075, "NOMESTABLE": "HOTEL ARENA PLAZA INN", "SUBCATRNT": "9", "LOCALIDAD": "13", "SECCATASTR": "BELALCAZAR", "LATITUD": 4.641339654, "LONGITUD": -74.07874161 }, "geometry": { "type": "Point", "coordinates": [ -8246407.794600000604987, 517237.568900000303984 ] } },
{ "type": "Feature", "properties": { "REGNTURISM": 101458, "NOMESTABLE": "CASA HOTEL BOYACA REAL", "SUBCATRNT": "9", "LOCALIDAD": "13", "SECCATASTR": "SANTA TERESITA", "LATITUD": 4.632399692, "LONGITUD": -74.06870259 }, "geometry": { "type": "Point", "coordinates": [ -8245290.255999999120831, 516239.109000001102686 ] } },
{ "type": "Feature", "properties": { "REGNTURISM": 101552, "NOMESTABLE": "HOTELCALAMAR", "SUBCATRNT": "9", "LOCALIDAD": "14", "SECCATASTR": "SANTA FE", "LATITUD": 4.611239535, "LONGITUD": -74.07614968 }, "geometry": { "type": "Point", "coordinates": [ -8246119.262299999594688, 513875.886500000953674 ] } },
{ "type": "Feature", "properties": { "REGNTURISM": 101900, "NOMESTABLE": "HOSTAL VILLACANDELARIA", "SUBCATRNT": "8", "LOCALIDAD": "17", "SECCATASTR": "LA CATEDRAL", "LATITUD": 4.600309286, "LONGITUD": -74.0691403 }, "geometry": { "type": "Point", "coordinates": [ -8245338.981699999421835, 512655.194899998605251 ] } },
{ "type": "Feature", "properties": { "REGNTURISM": 101941, "NOMESTABLE": "HOTEL EL SOL DC", "SUBCATRNT": "9", "LOCALIDAD": "3", "SECCATASTR": "LA ALAMEDA", "LATITUD": 4.609654068, "LONGITUD": -74.07382984 }, "geometry": { "type": "Point", "coordinates": [ -8245861.018899999558926, 513698.820199999958277 ] } },
{ "type": "Feature", "properties": { "REGNTURISM": 101945, "NOMESTABLE": "FARANDA EXPRESS BELVEDERE", "SUBCATRNT": "9", "LOCALIDAD": "1", "SECCATASTR": "SANTA BIBIANA", "LATITUD": 4.686046071, "LONGITUD": -74.05031011 }, "geometry": { "type": "Point", "coordinates": [ -8243242.814500000327826, 522230.796599999070168 ] } },
{ "type": "Feature", "properties": { "REGNTURISM": 102254, "NOMESTABLE": "HOTEL CLASSIC PREMIUM", "SUBCATRNT": "9", "LOCALIDAD": "13", "SECCATASTR": "EL RECUERDO", "LATITUD": 4.632050213, "LONGITUD": -74.08843266 }, "geometry": { "type": "Point", "coordinates": [ -8247486.597400000318885, 516200.0777000002563 ] } },
{ "type": "Feature", "properties": { "REGNTURISM": 102258, "NOMESTABLE": "HOTEL CALIFORNIA PR", "SUBCATRNT": "9", "LOCALIDAD": "7", "SECCATASTR": "SAN PABLO BOSA", "LATITUD": 4.603595741, "LONGITUD": -74.18880637 }, "geometry": { "type": "Point", "coordinates": [ -8258660.147700000554323, 513022.224599998444319 ] } },
{ "type": "Feature", "properties": { "REGNTURISM": 102944, "NOMESTABLE": "AW HOTEL SANTAFE REAL", "SUBCATRNT": "9", "LOCALIDAD": "13", "SECCATASTR": "ORTEZAL", "LATITUD": 4.631233592, "LONGITUD": -74.09324713 }, "geometry": { "type": "Point", "coordinates": [ -8248022.5417, 516108.874000001698732 ] } },
{ "type": "Feature", "properties": { "REGNTURISM": 102946, "NOMESTABLE": "HOSTAL DOÑA ELIZA", "SUBCATRNT": "8", "LOCALIDAD": "17", "SECCATASTR": "EGIPTO", "LATITUD": 4.595041097, "LONGITUD": -74.07119847 }, "geometry": { "type": "Point", "coordinates": [ -8245568.096100000664592, 512066.849500000476837 ] } },
{ "type": "Feature", "properties": { "REGNTURISM": 104004, "NOMESTABLE": "HOTEL ZAFIRO BOUTIQUE", "SUBCATRNT": "9", "LOCALIDAD": "13", "SECCATASTR": "QUINTA PAREDES", "LATITUD": 4.633396181, "LONGITUD": -74.09397741 }, "geometry": { "type": "Point", "coordinates": [ -8248103.836100000888109, 516350.401299998164177 ] } },
{ "type": "Feature", "properties": { "REGNTURISM": 105495, "NOMESTABLE": "CLUB MILITAR  SEDE BOGOTA", "SUBCATRNT": "9", "LOCALIDAD": "16", "SECCATASTR": "PUENTE ARANDA", "LATITUD": 4.633914423, "LONGITUD": -74.11074421 }, "geometry": { "type": "Point", "coordinates": [ -8249970.307800000533462, 516408.280900001525879 ] } },
{ "type": "Feature", "properties": { "REGNTURISM": 108290, "NOMESTABLE": "HOTEL SPLENDOR BY FRIENDS COMPANY", "SUBCATRNT": "9", "LOCALIDAD": "13", "SECCATASTR": "QUINTA PAREDES", "LATITUD": 4.631400458, "LONGITUD": -74.09312164000001 }, "geometry": { "type": "Point", "coordinates": [ -8248008.572200000286102, 516127.510299999266863 ] } },
{ "type": "Feature", "properties": { "REGNTURISM": 108775, "NOMESTABLE": "HOTEL BOGOTA AIRPORT", "SUBCATRNT": "9", "LOCALIDAD": "9", "SECCATASTR": "SAN JOSE DE FONTIBON", "LATITUD": 4.68475133, "LONGITUD": -74.13366749 }, "geometry": { "type": "Point", "coordinates": [ -8252522.115599999204278, 522086.183499999344349 ] } },
{ "type": "Feature", "properties": { "REGNTURISM": 109217, "NOMESTABLE": "HOTEL LA SABANA HS", "SUBCATRNT": "9", "LOCALIDAD": "3", "SECCATASTR": "LAS NIEVES", "LATITUD": 4.608111098, "LONGITUD": -74.0689015 }, "geometry": { "type": "Point", "coordinates": [ -8245312.398600000888109, 513526.500300001353025 ] } },
{ "type": "Feature", "properties": { "REGNTURISM": 109519, "NOMESTABLE": "HOTEL BOUTIQUE QUINTA CAMACHO", "SUBCATRNT": "9", "LOCALIDAD": "2", "SECCATASTR": "QUINTA CAMACHO", "LATITUD": 4.65416305, "LONGITUD": -74.061947 }, "geometry": { "type": "Point", "coordinates": [ -8244538.22719999961555, 518669.772300001233816 ] } },
{ "type": "Feature", "properties": { "REGNTURISM": 110509, "NOMESTABLE": "HOTEL ZEN SUAL SAS", "SUBCATRNT": "9", "LOCALIDAD": "13", "SECCATASTR": "CHAPINERO OCCIDENTAL", "LATITUD": 4.649617694, "LONGITUD": -74.06546081 }, "geometry": { "type": "Point", "coordinates": [ -8244929.3827, 518162.113299999386072 ] } },
{ "type": "Feature", "properties": { "REGNTURISM": 110906, "NOMESTABLE": "ABITARE 56", "SUBCATRNT": "9", "LOCALIDAD": "2", "SECCATASTR": "CHAPINERO CENTRAL", "LATITUD": 4.642157245, "LONGITUD": -74.06301031 }, "geometry": { "type": "Point", "coordinates": [ -8244656.5943, 517328.882199998944998 ] } },
{ "type": "Feature", "properties": { "REGNTURISM": 111293, "NOMESTABLE": "MANDALA OM", "SUBCATRNT": "8", "LOCALIDAD": "10", "SECCATASTR": "VILLA LUZ", "LATITUD": 4.679532654, "LONGITUD": -74.10888526 }, "geometry": { "type": "Point", "coordinates": [ -8249763.370400000363588, 521503.297899998724461 ] } },
{ "type": "Feature", "properties": { "REGNTURISM": 111395, "NOMESTABLE": "FATIMA HOSTEL", "SUBCATRNT": "8", "LOCALIDAD": "17", "SECCATASTR": "EGIPTO", "LATITUD": 4.596324718, "LONGITUD": -74.07163468 }, "geometry": { "type": "Point", "coordinates": [ -8245616.654799999669194, 512210.202500000596046 ] } },
{ "type": "Feature", "properties": { "REGNTURISM": 112072, "NOMESTABLE": "HOTEL CGH BOGOTA AIRPORT", "SUBCATRNT": "9", "LOCALIDAD": "10", "SECCATASTR": "NORMANDIA OCCIDENTAL", "LATITUD": 4.671128411, "LONGITUD": -74.11272763 }, "geometry": { "type": "Point", "coordinates": [ -8250191.101099999621511, 520564.618500001728535 ] } },
{ "type": "Feature", "properties": { "REGNTURISM": 112211, "NOMESTABLE": "SOY LOCAL BOGOTA", "SUBCATRNT": "9", "LOCALIDAD": "2", "SECCATASTR": "CHICO NORTE", "LATITUD": 4.677022899, "LONGITUD": -74.04717957 }, "geometry": { "type": "Point", "coordinates": [ -8242894.324400000274181, 521222.979400001466274 ] } },
{ "type": "Feature", "properties": { "REGNTURISM": 112486, "NOMESTABLE": "HOTEL LAGO INN EL COUNTRY", "SUBCATRNT": "9", "LOCALIDAD": "2", "SECCATASTR": "LAGO GAITAN", "LATITUD": 4.666006132, "LONGITUD": -74.05905316 }, "geometry": { "type": "Point", "coordinates": [ -8244216.086400000378489, 519992.510899998247623 ] } },
{ "type": "Feature", "properties": { "REGNTURISM": 112793, "NOMESTABLE": "HOTEL BLUE ZAFIRO", "SUBCATRNT": "9", "LOCALIDAD": "13", "SECCATASTR": "EL RECUERDO", "LATITUD": 4.632441265, "LONGITUD": -74.08992423 }, "geometry": { "type": "Point", "coordinates": [ -8247652.6382, 516243.752000000327826 ] } },
{ "type": "Feature", "properties": { "REGNTURISM": 112798, "NOMESTABLE": "AREA 97 APTO 45", "SUBCATRNT": "7", "LOCALIDAD": "2", "SECCATASTR": "CHICO NORTE II SECTOR", "LATITUD": 4.68009513, "LONGITUD": -74.04642819 }, "geometry": { "type": "Point", "coordinates": [ -8242810.681199999526143, 521566.121899999678135 ] } },
{ "type": "Feature", "properties": { "REGNTURISM": 112800, "NOMESTABLE": "AREA 97 APTO 415", "SUBCATRNT": "7", "LOCALIDAD": "2", "SECCATASTR": "CHICO NORTE II SECTOR", "LATITUD": 4.68009513, "LONGITUD": -74.04642819 }, "geometry": { "type": "Point", "coordinates": [ -8242810.681199999526143, 521566.121899999678135 ] } },
{ "type": "Feature", "properties": { "REGNTURISM": 112817, "NOMESTABLE": "STUDIO 124 APTO 25", "SUBCATRNT": "7", "LOCALIDAD": "1", "SECCATASTR": "SANTA BARBARA ORIENTAL", "LATITUD": 4.700628033, "LONGITUD": -74.02989331000001 }, "geometry": { "type": "Point", "coordinates": [ -8240970.026699999347329, 523859.514499999582767 ] } },
{ "type": "Feature", "properties": { "REGNTURISM": 112818, "NOMESTABLE": "NIDO APTO 42", "SUBCATRNT": "7", "LOCALIDAD": "1", "SECCATASTR": "SAN PATRICIO", "LATITUD": 4.693692709, "LONGITUD": -74.05137638 }, "geometry": { "type": "Point", "coordinates": [ -8243361.511199999600649, 523084.8761 ] } },
{ "type": "Feature", "properties": { "REGNTURISM": 112819, "NOMESTABLE": "NIDO APTO 52", "SUBCATRNT": "7", "LOCALIDAD": "1", "SECCATASTR": "SAN PATRICIO", "LATITUD": 4.693692709, "LONGITUD": -74.05137638 }, "geometry": { "type": "Point", "coordinates": [ -8243361.511199999600649, 523084.8761 ] } },
{ "type": "Feature", "properties": { "REGNTURISM": 112820, "NOMESTABLE": "NIDO APTO 63", "SUBCATRNT": "7", "LOCALIDAD": "1", "SECCATASTR": "SAN PATRICIO", "LATITUD": 4.693692709, "LONGITUD": -74.05137638 }, "geometry": { "type": "Point", "coordinates": [ -8243361.511199999600649, 523084.8761 ] } },
{ "type": "Feature", "properties": { "REGNTURISM": 112897, "NOMESTABLE": "AREA 97 APTO 54", "SUBCATRNT": "7", "LOCALIDAD": "2", "SECCATASTR": "CHICO NORTE II SECTOR", "LATITUD": 4.68009513, "LONGITUD": -74.04642819 }, "geometry": { "type": "Point", "coordinates": [ -8242810.681199999526143, 521566.121899999678135 ] } },
{ "type": "Feature", "properties": { "REGNTURISM": 112898, "NOMESTABLE": "AREA 97 APTO 73", "SUBCATRNT": "7", "LOCALIDAD": "2", "SECCATASTR": "CHICO NORTE II SECTOR", "LATITUD": 4.68009513, "LONGITUD": -74.04642819 }, "geometry": { "type": "Point", "coordinates": [ -8242810.681199999526143, 521566.121899999678135 ] } },
{ "type": "Feature", "properties": { "REGNTURISM": 112900, "NOMESTABLE": "HOUSE STUDIO HOTEL", "SUBCATRNT": "9", "LOCALIDAD": "13", "SECCATASTR": "ORTEZAL", "LATITUD": 4.633640369, "LONGITUD": -74.09564104 }, "geometry": { "type": "Point", "coordinates": [ -8248289.030600000172853, 516377.673300001770258 ] } },
{ "type": "Feature", "properties": { "REGNTURISM": 113189, "NOMESTABLE": "HOTEL NOVO CLAUDIA", "SUBCATRNT": "9", "LOCALIDAD": "3", "SECCATASTR": "VERACRUZ", "LATITUD": 4.604603143, "LONGITUD": -74.07287464 }, "geometry": { "type": "Point", "coordinates": [ -8245754.686499999836087, 513134.731100000441074 ] } },
{ "type": "Feature", "properties": { "REGNTURISM": 113222, "NOMESTABLE": "HOTEL AMBALA BOGOTA D.C.", "SUBCATRNT": "9", "LOCALIDAD": "17", "SECCATASTR": "LA CATEDRAL", "LATITUD": 4.599186814, "LONGITUD": -74.07229009 }, "geometry": { "type": "Point", "coordinates": [ -8245689.614700000733137, 512529.838100001215935 ] } },
{ "type": "Feature", "properties": { "REGNTURISM": 113238, "NOMESTABLE": "HOTEL REALEZA", "SUBCATRNT": "9", "LOCALIDAD": "2", "SECCATASTR": "EL RETIRO", "LATITUD": 4.66772848, "LONGITUD": -74.0552923 }, "geometry": { "type": "Point", "coordinates": [ -8243797.429400000721216, 520184.879599999636412 ] } },
{ "type": "Feature", "properties": { "REGNTURISM": 113368, "NOMESTABLE": "HOTEL BOUTIQUE CASA MAGALY", "SUBCATRNT": "7", "LOCALIDAD": "10", "SECCATASTR": "EL ENCANTO", "LATITUD": 4.678231541, "LONGITUD": -74.10252168 }, "geometry": { "type": "Point", "coordinates": [ -8249054.979900000616908, 521357.974399998784065 ] } },
{ "type": "Feature", "properties": { "REGNTURISM": 114058, "NOMESTABLE": "CASA REGIS", "SUBCATRNT": "7", "LOCALIDAD": "1", "SECCATASTR": "SANTA BARBARA CENTRAL", "LATITUD": 4.699056918, "LONGITUD": -74.03907322000001 }, "geometry": { "type": "Point", "coordinates": [ -8241991.929700000211596, 523684.0287000015378 ] } },
{ "type": "Feature", "properties": { "REGNTURISM": 115978, "NOMESTABLE": "HOTEL CASA LAMAY", "SUBCATRNT": "9", "LOCALIDAD": "13", "SECCATASTR": "QUINTA PAREDES", "LATITUD": 4.633107743, "LONGITUD": -74.09378336 }, "geometry": { "type": "Point", "coordinates": [ -8248082.2346, 516318.187199998646975 ] } },
{ "type": "Feature", "properties": { "REGNTURISM": 116042, "NOMESTABLE": "SPLENDOR E A", "SUBCATRNT": "9", "LOCALIDAD": "8", "SECCATASTR": "VISION DE ORIENTE", "LATITUD": 4.652239701, "LONGITUD": -74.13532071 }, "geometry": { "type": "Point", "coordinates": [ -8252706.151200000196695, 518454.958099998533726 ] } },
{ "type": "Feature", "properties": { "REGNTURISM": 116126, "NOMESTABLE": "HOTEL RHINO", "SUBCATRNT": "9", "LOCALIDAD": "8", "SECCATASTR": "CIUDAD KENNEDY NORTE", "LATITUD": 4.632971871, "LONGITUD": -74.15441236 }, "geometry": { "type": "Point", "coordinates": [ -8254831.424000000581145, 516303.01240000128746 ] } },
{ "type": "Feature", "properties": { "REGNTURISM": 116266, "NOMESTABLE": "COMERCIALIZADORA CHAVITA", "SUBCATRNT": "7", "LOCALIDAD": "10", "SECCATASTR": "NORMANDIA OCCIDENTAL", "LATITUD": 4.67287043, "LONGITUD": -74.10699624 }, "geometry": { "type": "Point", "coordinates": [ -8249553.085699999704957, 520759.185699999332428 ] } },
{ "type": "Feature", "properties": { "REGNTURISM": 116799, "NOMESTABLE": "HOTEL NEW YORK NBC", "SUBCATRNT": "9", "LOCALIDAD": "7", "SECCATASTR": "JIMENEZ DE QUESADA", "LATITUD": 4.607228759, "LONGITUD": -74.18559368 }, "geometry": { "type": "Point", "coordinates": [ -8258302.512700000777841, 513427.960299998521805 ] } },
{ "type": "Feature", "properties": { "REGNTURISM": 116843, "NOMESTABLE": "HOTEL EXPRESS 53", "SUBCATRNT": "9", "LOCALIDAD": "2", "SECCATASTR": "CHAPINERO CENTRAL", "LATITUD": 4.640257894, "LONGITUD": -74.06491901 }, "geometry": { "type": "Point", "coordinates": [ -8244869.06980000063777, 517116.751800000667572 ] } },
{ "type": "Feature", "properties": { "REGNTURISM": 117556, "NOMESTABLE": "HOTEL LA PLAYA DE BOGOTA", "SUBCATRNT": "9", "LOCALIDAD": "8", "SECCATASTR": "VISION DE ORIENTE", "LATITUD": 4.652753684, "LONGITUD": -74.13477852 }, "geometry": { "type": "Point", "coordinates": [ -8252645.7949, 518512.363600000739098 ] } },
{ "type": "Feature", "properties": { "REGNTURISM": 117596, "NOMESTABLE": "APARTAMENTOS TURISTICOS FLAMINGO PARQUE 63", "SUBCATRNT": "9", "LOCALIDAD": "13", "SECCATASTR": "CAMPIN OCCIDENTAL", "LATITUD": 4.652273785, "LONGITUD": -74.0804613 }, "geometry": { "type": "Point", "coordinates": [ -8246599.229599999263883, 518458.764800000935793 ] } },
{ "type": "Feature", "properties": { "REGNTURISM": 117875, "NOMESTABLE": "APARTAMENTO OPA 51", "SUBCATRNT": "7", "LOCALIDAD": "13", "SECCATASTR": "NICOLAS DE FEDERMAN", "LATITUD": 4.650098343, "LONGITUD": -74.08183671 }, "geometry": { "type": "Point", "coordinates": [ -8246752.339600000530481, 518215.7956000007689 ] } },
{ "type": "Feature", "properties": { "REGNTURISM": 117964, "NOMESTABLE": "HOTEL FERROVIAL BOGOTA", "SUBCATRNT": "9", "LOCALIDAD": "13", "SECCATASTR": "ORTEZAL", "LATITUD": 4.629864572, "LONGITUD": -74.09445299 }, "geometry": { "type": "Point", "coordinates": [ -8248156.777499999850988, 515955.976300001144409 ] } },
{ "type": "Feature", "properties": { "REGNTURISM": 117988, "NOMESTABLE": "HOTEL BOUTIQUE SAN SEBASTIAN", "SUBCATRNT": "9", "LOCALIDAD": "2", "SECCATASTR": "CHAPINERO CENTRAL", "LATITUD": 4.648020072, "LONGITUD": -74.06157417 }, "geometry": { "type": "Point", "coordinates": [ -8244496.723999999463558, 517983.679800000041723 ] } },
{ "type": "Feature", "properties": { "REGNTURISM": 118017, "NOMESTABLE": "EUFORIA BY SIMON´S PRODUCTIONS GRECO BOUTIQUE HOTEL", "SUBCATRNT": "9", "LOCALIDAD": "13", "SECCATASTR": "EL SALITRE", "LATITUD": 4.655367994, "LONGITUD": -74.09826559 }, "geometry": { "type": "Point", "coordinates": [ -8248581.1941, 518804.350000001490116 ] } },
{ "type": "Feature", "properties": { "REGNTURISM": 118127, "NOMESTABLE": "HOTEL FERIANOVA", "SUBCATRNT": "9", "LOCALIDAD": "13", "SECCATASTR": "ORTEZAL", "LATITUD": 4.632716014, "LONGITUD": -74.09570232 }, "geometry": { "type": "Point", "coordinates": [ -8248295.85219999961555, 516274.437199998646975 ] } },
{ "type": "Feature", "properties": { "REGNTURISM": 118432, "NOMESTABLE": "HOTEL REAL NORMANDIA J G", "SUBCATRNT": "9", "LOCALIDAD": "14", "SECCATASTR": "SANTA FE", "LATITUD": 4.611426003, "LONGITUD": -74.07576617 }, "geometry": { "type": "Point", "coordinates": [ -8246076.5702, 513896.711399998515844 ] } },
{ "type": "Feature", "properties": { "REGNTURISM": 118790, "NOMESTABLE": "HOTEL PALMARES BOSA", "SUBCATRNT": "9", "LOCALIDAD": "7", "SECCATASTR": "SAN PABLO BOSA", "LATITUD": 4.603352605, "LONGITUD": -74.18889291000001 }, "geometry": { "type": "Point", "coordinates": [ -8258669.781300000846386, 512995.071199998259544 ] } },
{ "type": "Feature", "properties": { "REGNTURISM": 118862, "NOMESTABLE": "HOTEL MIRADOR SUR", "SUBCATRNT": "9", "LOCALIDAD": "18", "SECCATASTR": "SANTA LUCIA", "LATITUD": 4.570788948, "LONGITUD": -74.12494693 }, "geometry": { "type": "Point", "coordinates": [ -8251551.347300000488758, 509358.453200001269579 ] } },
{ "type": "Feature", "properties": { "REGNTURISM": 119169, "NOMESTABLE": "HOTEL SANTA CRUZ BOGOTA", "SUBCATRNT": "9", "LOCALIDAD": "13", "SECCATASTR": "ORTEZAL", "LATITUD": 4.631281146, "LONGITUD": -74.09597661 }, "geometry": { "type": "Point", "coordinates": [ -8248326.386099999770522, 516114.184999998658895 ] } },
{ "type": "Feature", "properties": { "REGNTURISM": 119956, "NOMESTABLE": "HOTEL CONNECTIONS BOGOTA", "SUBCATRNT": "9", "LOCALIDAD": "10", "SECCATASTR": "NORMANDIA OCCIDENTAL", "LATITUD": 4.673361273, "LONGITUD": -74.10896678 }, "geometry": { "type": "Point", "coordinates": [ -8249772.4452, 520814.008299998939037 ] } },
{ "type": "Feature", "properties": { "REGNTURISM": 119988, "NOMESTABLE": "HOTEL EXPO INN", "SUBCATRNT": "9", "LOCALIDAD": "13", "SECCATASTR": "QUINTA PAREDES", "LATITUD": 4.634842396, "LONGITUD": -74.09353659 }, "geometry": { "type": "Point", "coordinates": [ -8248054.7643, 516511.92119999974966 ] } },
{ "type": "Feature", "properties": { "REGNTURISM": 119992, "NOMESTABLE": "HOTEL EXPO INN AGORA", "SUBCATRNT": "9", "LOCALIDAD": "13", "SECCATASTR": "ORTEZAL", "LATITUD": 4.631916699, "LONGITUD": -74.09398511000001 }, "geometry": { "type": "Point", "coordinates": [ -8248104.693299999460578, 516185.166299998760223 ] } },
{ "type": "Feature", "properties": { "REGNTURISM": 120320, "NOMESTABLE": "CASA1JR", "SUBCATRNT": "9", "LOCALIDAD": "14", "SECCATASTR": "SAN VICTORINO", "LATITUD": 4.60609361, "LONGITUD": -74.07980489000001 }, "geometry": { "type": "Point", "coordinates": [ -8246526.158399999141693, 513301.186599999666214 ] } },
{ "type": "Feature", "properties": { "REGNTURISM": 120558, "NOMESTABLE": "HOTEL ROYAL CID", "SUBCATRNT": "9", "LOCALIDAD": "13", "SECCATASTR": "EL RECUERDO", "LATITUD": 4.628761543, "LONGITUD": -74.08712726 }, "geometry": { "type": "Point", "coordinates": [ -8247341.280899999663234, 515832.785799998790026 ] } },
{ "type": "Feature", "properties": { "REGNTURISM": 121413, "NOMESTABLE": "HOTEL SUITES CASTELLANA INN", "SUBCATRNT": "9", "LOCALIDAD": "12", "SECCATASTR": "LA CASTELLANA", "LATITUD": 4.682775486, "LONGITUD": -74.06238863 }, "geometry": { "type": "Point", "coordinates": [ -8244587.3892, 521865.496500000357628 ] } },
{ "type": "Feature", "properties": { "REGNTURISM": 121654, "NOMESTABLE": "HOTEL BOGOTA INN LA SOLEDAD", "SUBCATRNT": "9", "LOCALIDAD": "13", "SECCATASTR": "LA SOLEDAD", "LATITUD": 4.630923605, "LONGITUD": -74.07302504 }, "geometry": { "type": "Point", "coordinates": [ -8245771.428999999538064, 516074.253400001674891 ] } },
{ "type": "Feature", "properties": { "REGNTURISM": 121971, "NOMESTABLE": "CASA DE HUESPEDES SHALOM VICTORIA", "SUBCATRNT": "6", "LOCALIDAD": "1", "SECCATASTR": "SANTA BARBARA CENTRAL", "LATITUD": 4.697968082, "LONGITUD": -74.03925153 }, "geometry": { "type": "Point", "coordinates": [ -8242011.778999999165535, 523562.411299999803305 ] } },
{ "type": "Feature", "properties": { "REGNTURISM": 122271, "NOMESTABLE": "HOTEL SUITES CABRERA IMPERIAL", "SUBCATRNT": "9", "LOCALIDAD": "2", "SECCATASTR": "EL RETIRO", "LATITUD": 4.666006834, "LONGITUD": -74.05091157 }, "geometry": { "type": "Point", "coordinates": [ -8243309.768799999728799, 519992.589299999177456 ] } },
{ "type": "Feature", "properties": { "REGNTURISM": 122570, "NOMESTABLE": "HOTEL CASA DECAMERON", "SUBCATRNT": "9", "LOCALIDAD": "14", "SECCATASTR": "LA FAVORITA", "LATITUD": 4.608578055, "LONGITUD": -74.0769502 }, "geometry": { "type": "Point", "coordinates": [ -8246208.375800000503659, 513578.650299999862909 ] } },
{ "type": "Feature", "properties": { "REGNTURISM": 122896, "NOMESTABLE": "HOSTAL BIFAMILIAR", "SUBCATRNT": "8", "LOCALIDAD": "5", "SECCATASTR": "LA REFORMA", "LATITUD": 4.498460978, "LONGITUD": -74.10327533 }, "geometry": { "type": "Point", "coordinates": [ -8249138.875800000503659, 501281.657400000840425 ] } },
{ "type": "Feature", "properties": { "REGNTURISM": 123212, "NOMESTABLE": "HOTEL EXITO 1", "SUBCATRNT": "8", "LOCALIDAD": "3", "SECCATASTR": "LA ALAMEDA", "LATITUD": 4.608493875, "LONGITUD": -74.07369119000001 }, "geometry": { "type": "Point", "coordinates": [ -8245845.5844, 513569.249099999666214 ] } },
{ "type": "Feature", "properties": { "REGNTURISM": 123215, "NOMESTABLE": "CASA LORENZO BOGOTA", "SUBCATRNT": "8", "LOCALIDAD": "13", "SECCATASTR": "PALERMO", "LATITUD": 4.634153248, "LONGITUD": -74.06756571 }, "geometry": { "type": "Point", "coordinates": [ -8245163.699100000783801, 516434.953899998217821 ] } },
{ "type": "Feature", "properties": { "REGNTURISM": 123956, "NOMESTABLE": "HOTEL BOUTIQUE PALACETE SAS", "SUBCATRNT": "9", "LOCALIDAD": "13", "SECCATASTR": "QUINTA PAREDES", "LATITUD": 4.631507577, "LONGITUD": -74.092025 }, "geometry": { "type": "Point", "coordinates": [ -8247886.494799999520183, 516139.473799999803305 ] } },
{ "type": "Feature", "properties": { "REGNTURISM": 123988, "NOMESTABLE": "BOG97", "SUBCATRNT": "7", "LOCALIDAD": "3", "SECCATASTR": "LA ALAMEDA", "LATITUD": 4.610406069, "LONGITUD": -74.07218507 }, "geometry": { "type": "Point", "coordinates": [ -8245677.923900000751019, 513782.804200001060963 ] } },
{ "type": "Feature", "properties": { "REGNTURISM": 124064, "NOMESTABLE": "HOTEL LOS CERROS DE BOGOTA", "SUBCATRNT": "9", "LOCALIDAD": "3", "SECCATASTR": "LAS NIEVES", "LATITUD": 4.606626088, "LONGITUD": -74.07324409 }, "geometry": { "type": "Point", "coordinates": [ -8245795.813500000163913, 513360.653900001198053 ] } },
{ "type": "Feature", "properties": { "REGNTURISM": 124128, "NOMESTABLE": "HOTEL RESTAURANTE BAR SPACE", "SUBCATRNT": "9", "LOCALIDAD": "10", "SECCATASTR": "EL CEDRO", "LATITUD": 4.702239203, "LONGITUD": -74.11489941000001 }, "geometry": { "type": "Point", "coordinates": [ -8250432.862500000745058, 524039.474599998444319 ] } },
{ "type": "Feature", "properties": { "REGNTURISM": 124163, "NOMESTABLE": "VULCANO RESIDENCES", "SUBCATRNT": "9", "LOCALIDAD": "9", "SECCATASTR": "CENTRO FONTIBON", "LATITUD": 4.67510463, "LONGITUD": -74.14480546 }, "geometry": { "type": "Point", "coordinates": [ -8253761.988800000399351, 521008.725499998778105 ] } },
{ "type": "Feature", "properties": { "REGNTURISM": 124239, "NOMESTABLE": "HOTEL POSADA COLOMBIANA D.C.", "SUBCATRNT": "9", "LOCALIDAD": "13", "SECCATASTR": "TEUSAQUILLO", "LATITUD": 4.621703192, "LONGITUD": -74.070317 }, "geometry": { "type": "Point", "coordinates": [ -8245469.971300000324845, 515044.486699998378754 ] } },
{ "type": "Feature", "properties": { "REGNTURISM": 125528, "NOMESTABLE": "HOTEL SUPER 12 A", "SUBCATRNT": "9", "LOCALIDAD": "8", "SECCATASTR": "CIUDAD KENNEDY NORTE", "LATITUD": 4.632729769, "LONGITUD": -74.15411473 }, "geometry": { "type": "Point", "coordinates": [ -8254798.291999999433756, 516275.973400000482798 ] } },
{ "type": "Feature", "properties": { "REGNTURISM": 125554, "NOMESTABLE": "HOTEL EMBASSY STAR", "SUBCATRNT": "9", "LOCALIDAD": "13", "SECCATASTR": "ORTEZAL", "LATITUD": 4.633972048, "LONGITUD": -74.09587875 }, "geometry": { "type": "Point", "coordinates": [ -8248315.4923, 516414.716699998825788 ] } },
{ "type": "Feature", "properties": { "REGNTURISM": 125868, "NOMESTABLE": "CASA MORENO HOUSE HOTEL SAS", "SUBCATRNT": "9", "LOCALIDAD": "12", "SECCATASTR": "LA CASTELLANA", "LATITUD": 4.684580617, "LONGITUD": -74.06193625 }, "geometry": { "type": "Point", "coordinates": [ -8244537.030500000342727, 522067.116099998354912 ] } },
{ "type": "Feature", "properties": { "REGNTURISM": 128066, "NOMESTABLE": "ESCALINATAS DEL MADRUGON", "SUBCATRNT": "9", "LOCALIDAD": "3", "SECCATASTR": "LA CAPUCHINA", "LATITUD": 4.603752878, "LONGITUD": -74.07676275 }, "geometry": { "type": "Point", "coordinates": [ -8246187.508899999782443, 513039.773699998855591 ] } },
{ "type": "Feature", "properties": { "REGNTURISM": 128075, "NOMESTABLE": "HOTEL CENTRO PLAZA", "SUBCATRNT": "9", "LOCALIDAD": "17", "SECCATASTR": "LA CATEDRAL", "LATITUD": 4.598337625, "LONGITUD": -74.07157421 }, "geometry": { "type": "Point", "coordinates": [ -8245609.9233, 512435.001499999314547 ] } },
{ "type": "Feature", "properties": { "REGNTURISM": 128091, "NOMESTABLE": "NORMANDIA TOWER", "SUBCATRNT": "9", "LOCALIDAD": "10", "SECCATASTR": "NORMANDIA OCCIDENTAL", "LATITUD": 4.673420058, "LONGITUD": -74.10726153 }, "geometry": { "type": "Point", "coordinates": [ -8249582.617599999532104, 520820.574000000953674 ] } },
{ "type": "Feature", "properties": { "REGNTURISM": 128357, "NOMESTABLE": "HOTEL KRISTAL BOUTIQUE", "SUBCATRNT": "9", "LOCALIDAD": "13", "SECCATASTR": "ORTEZAL", "LATITUD": 4.632383058, "LONGITUD": -74.09531438 }, "geometry": { "type": "Point", "coordinates": [ -8248252.666899999603629, 516237.251200001686811 ] } },
{ "type": "Feature", "properties": { "REGNTURISM": 128497, "NOMESTABLE": "HOTEL13A", "SUBCATRNT": "6", "LOCALIDAD": "2", "SECCATASTR": "CHAPINERO CENTRAL", "LATITUD": 4.647343839, "LONGITUD": -74.06452186 }, "geometry": { "type": "Point", "coordinates": [ -8244824.859300000593066, 517908.153599999845028 ] } },
{ "type": "Feature", "properties": { "REGNTURISM": 129213, "NOMESTABLE": "APARTAMENTOS ALCAZARES", "SUBCATRNT": "7", "LOCALIDAD": "12", "SECCATASTR": "ALCAZARES", "LATITUD": 4.662778821, "LONGITUD": -74.07131709 }, "geometry": { "type": "Point", "coordinates": [ -8245581.300799999386072, 519632.054499998688698 ] } },
{ "type": "Feature", "properties": { "REGNTURISM": 129493, "NOMESTABLE": "CASA FUEGO Y PAPEL CALIENTE", "SUBCATRNT": "7", "LOCALIDAD": "13", "SECCATASTR": "TEUSAQUILLO", "LATITUD": 4.625435564, "LONGITUD": -74.07178354 }, "geometry": { "type": "Point", "coordinates": [ -8245633.22580000013113, 515461.328899998217821 ] } },
{ "type": "Feature", "properties": { "REGNTURISM": 129680, "NOMESTABLE": "COMERCIALIZADORA CHAVITA", "SUBCATRNT": "8", "LOCALIDAD": "10", "SECCATASTR": "NORMANDIA OCCIDENTAL", "LATITUD": 4.67287043, "LONGITUD": -74.10699624 }, "geometry": { "type": "Point", "coordinates": [ -8249553.085699999704957, 520759.185699999332428 ] } },
{ "type": "Feature", "properties": { "REGNTURISM": 129773, "NOMESTABLE": "HOSPEDAJE CAMPO ALEGRE AMADO", "SUBCATRNT": "9", "LOCALIDAD": "9", "SECCATASTR": "KASANDRA", "LATITUD": 4.693207777, "LONGITUD": -74.16954196 }, "geometry": { "type": "Point", "coordinates": [ -8256515.643400000408292, 523030.712099999189377 ] } },
{ "type": "Feature", "properties": { "REGNTURISM": 130606, "NOMESTABLE": "HOTEL BLACK", "SUBCATRNT": "9", "LOCALIDAD": "1", "SECCATASTR": "SANTA BARBARA ORIENTAL", "LATITUD": 4.702973626, "LONGITUD": -74.03214156 }, "geometry": { "type": "Point", "coordinates": [ -8241220.300799999386072, 524121.506299998611212 ] } },
{ "type": "Feature", "properties": { "REGNTURISM": 130641, "NOMESTABLE": "HOTEL SANTA BARBARA REAL", "SUBCATRNT": "9", "LOCALIDAD": "1", "SECCATASTR": "SANTA BARBARA ORIENTAL", "LATITUD": 4.702143497, "LONGITUD": -74.02963538 }, "geometry": { "type": "Point", "coordinates": [ -8240941.314099999144673, 524028.784699998795986 ] } },
{ "type": "Feature", "properties": { "REGNTURISM": 131120, "NOMESTABLE": "HOSTEL PRISMA", "SUBCATRNT": "8", "LOCALIDAD": "17", "SECCATASTR": "LA CATEDRAL", "LATITUD": 4.597260306, "LONGITUD": -74.07226461 }, "geometry": { "type": "Point", "coordinates": [ -8245686.778300000354648, 512314.687699999660254 ] } },
{ "type": "Feature", "properties": { "REGNTURISM": 131558, "NOMESTABLE": "BO LIVING 81", "SUBCATRNT": "9", "LOCALIDAD": "2", "SECCATASTR": "ESPARTILLAL", "LATITUD": 4.666710301, "LONGITUD": -74.05585586 }, "geometry": { "type": "Point", "coordinates": [ -8243860.164599999785423, 520071.159299999475479 ] } },
{ "type": "Feature", "properties": { "REGNTURISM": 131832, "NOMESTABLE": "HOSTAL CASA LANTANA LA CANDELARIA", "SUBCATRNT": "8", "LOCALIDAD": "17", "SECCATASTR": "LA CONCORDIA", "LATITUD": 4.597097604, "LONGITUD": -74.0690995 }, "geometry": { "type": "Point", "coordinates": [ -8245334.439899999648333, 512296.517400000244379 ] } },
{ "type": "Feature", "properties": { "REGNTURISM": 132210, "NOMESTABLE": "COCO HOTEL", "SUBCATRNT": "9", "LOCALIDAD": "2", "SECCATASTR": "EMAUS", "LATITUD": 4.65306938, "LONGITUD": -74.05491957 }, "geometry": { "type": "Point", "coordinates": [ -8243755.937300000339746, 518547.622900001704693 ] } },
{ "type": "Feature", "properties": { "REGNTURISM": 132264, "NOMESTABLE": "HOTEL CHARLOTT SUITE 26", "SUBCATRNT": "9", "LOCALIDAD": "13", "SECCATASTR": "EL RECUERDO", "LATITUD": 4.632716924, "LONGITUD": -74.0858957 }, "geometry": { "type": "Point", "coordinates": [ -8247204.184299999848008, 516274.538800001144409 ] } },
{ "type": "Feature", "properties": { "REGNTURISM": 133608, "NOMESTABLE": "HOTEL SAN GABRIEL SS", "SUBCATRNT": "9", "LOCALIDAD": "9", "SECCATASTR": "KASANDRA", "LATITUD": 4.693102162, "LONGITUD": -74.16946418000001 }, "geometry": { "type": "Point", "coordinates": [ -8256506.984899999573827, 523018.915500000119209 ] } },
{ "type": "Feature", "properties": { "REGNTURISM": 133851, "NOMESTABLE": "THE CANDELARIA HOUSE", "SUBCATRNT": "9", "LOCALIDAD": "17", "SECCATASTR": "CENTRO ADMINISTRATIVO", "LATITUD": 4.594450904, "LONGITUD": -74.07321041 }, "geometry": { "type": "Point", "coordinates": [ -8245792.064300000667572, 512000.937699999660254 ] } },
{ "type": "Feature", "properties": { "REGNTURISM": 135206, "NOMESTABLE": "1177 HOTEL BOUTIQUE", "SUBCATRNT": "9", "LOCALIDAD": "11", "SECCATASTR": "EL PINO", "LATITUD": 4.749913918, "LONGITUD": -74.09401009 }, "geometry": { "type": "Point", "coordinates": [ -8248107.474099999293685, 529364.705600000917912 ] } },
{ "type": "Feature", "properties": { "REGNTURISM": 135758, "NOMESTABLE": "HOTEL MARBELLA CHICO", "SUBCATRNT": "9", "LOCALIDAD": "1", "SECCATASTR": "RINCON DEL CHICO", "LATITUD": 4.684867113, "LONGITUD": -74.04604426 }, "geometry": { "type": "Point", "coordinates": [ -8242767.942299999296665, 522099.115600001066923 ] } },
{ "type": "Feature", "properties": { "REGNTURISM": 135810, "NOMESTABLE": "HOSTAL CASA ASTROMELIA", "SUBCATRNT": "6", "LOCALIDAD": "17", "SECCATASTR": "LA CATEDRAL", "LATITUD": 4.599533198, "LONGITUD": -74.06976485 }, "geometry": { "type": "Point", "coordinates": [ -8245408.506300000473857, 512568.521999999880791 ] } },
{ "type": "Feature", "properties": { "REGNTURISM": 136797, "NOMESTABLE": "5Q HOUSE ZONA G", "SUBCATRNT": "9", "LOCALIDAD": "2", "SECCATASTR": "MARIA CRISTINA", "LATITUD": 4.645557387, "LONGITUD": -74.05760163 }, "geometry": { "type": "Point", "coordinates": [ -8244054.502800000831485, 517708.630899999290705 ] } },
{ "type": "Feature", "properties": { "REGNTURISM": 138291, "NOMESTABLE": "HOTEL MADISSON INN & LUXURY BY GEH SUITES", "SUBCATRNT": "9", "LOCALIDAD": "2", "SECCATASTR": "CHICO NORTE", "LATITUD": 4.678903677, "LONGITUD": -74.0537076 }, "geometry": { "type": "Point", "coordinates": [ -8243621.02140000090003, 521433.046399999409914 ] } },
{ "type": "Feature", "properties": { "REGNTURISM": 138726, "NOMESTABLE": "CASA COLONIAL INN", "SUBCATRNT": "9", "LOCALIDAD": "13", "SECCATASTR": "SAN LUIS", "LATITUD": 4.644868607, "LONGITUD": -74.06954083 }, "geometry": { "type": "Point", "coordinates": [ -8245383.568499999120831, 517631.703600000590086 ] } },
{ "type": "Feature", "properties": { "REGNTURISM": 141185, "NOMESTABLE": "HOTEL HTL", "SUBCATRNT": "9", "LOCALIDAD": "3", "SECCATASTR": "VERACRUZ", "LATITUD": 4.604827368, "LONGITUD": -74.0744326 }, "geometry": { "type": "Point", "coordinates": [ -8245928.117799999192357, 513159.772599998861551 ] } },
{ "type": "Feature", "properties": { "REGNTURISM": 141289, "NOMESTABLE": "URBANA HOSTEL", "SUBCATRNT": "8", "LOCALIDAD": "2", "SECCATASTR": "ESPARTILLAL", "LATITUD": 4.665214115, "LONGITUD": -74.0564197 }, "geometry": { "type": "Point", "coordinates": [ -8243922.93099999986589, 519904.050799999386072 ] } },
{ "type": "Feature", "properties": { "REGNTURISM": 141307, "NOMESTABLE": "HOTEL EL LAGO", "SUBCATRNT": "9", "LOCALIDAD": "2", "SECCATASTR": "LAGO GAITAN", "LATITUD": 4.66661789, "LONGITUD": -74.05611541 }, "geometry": { "type": "Point", "coordinates": [ -8243889.057600000873208, 520060.837900001555681 ] } },
{ "type": "Feature", "properties": { "REGNTURISM": 142257, "NOMESTABLE": "APARTA SUITE PLAZA PREMIUM BY TOURISM YOSSA SAS", "SUBCATRNT": "7", "LOCALIDAD": "13", "SECCATASTR": "EL RECUERDO", "LATITUD": 4.631161652, "LONGITUD": -74.08739508 }, "geometry": { "type": "Point", "coordinates": [ -8247371.094499999657273, 516100.839400000870228 ] } },
{ "type": "Feature", "properties": { "REGNTURISM": 143129, "NOMESTABLE": "APARTA SUITE GALERY BY FRIENDS COMPANY", "SUBCATRNT": "7", "LOCALIDAD": "13", "SECCATASTR": "BANCO CENTRAL", "LATITUD": 4.640589005, "LONGITUD": -74.07097093 }, "geometry": { "type": "Point", "coordinates": [ -8245542.7665, 517153.732200000435114 ] } },
{ "type": "Feature", "properties": { "REGNTURISM": 143611, "NOMESTABLE": "LAVID HOTEL SEDE KENNEDY", "SUBCATRNT": "9", "LOCALIDAD": "8", "SECCATASTR": "CIUDAD KENNEDY CENTRAL", "LATITUD": 4.618058632, "LONGITUD": -74.1534223 }, "geometry": { "type": "Point", "coordinates": [ -8254721.210999999195337, 514637.453600000590086 ] } },
{ "type": "Feature", "properties": { "REGNTURISM": 143626, "NOMESTABLE": "GRACE CHAPINERO", "SUBCATRNT": "9", "LOCALIDAD": "2", "SECCATASTR": "CHAPINERO CENTRAL", "LATITUD": 4.647412138, "LONGITUD": -74.06262872000001 }, "geometry": { "type": "Point", "coordinates": [ -8244614.115900000557303, 517915.781700000166893 ] } },
{ "type": "Feature", "properties": { "REGNTURISM": 144728, "NOMESTABLE": "HOTEL NEY ALAMEDA", "SUBCATRNT": "9", "LOCALIDAD": "3", "SECCATASTR": "LA ALAMEDA", "LATITUD": 4.611440104, "LONGITUD": -74.07361429 }, "geometry": { "type": "Point", "coordinates": [ -8245837.024000000208616, 513898.286200001835823 ] } },
{ "type": "Feature", "properties": { "REGNTURISM": 144752, "NOMESTABLE": "HOTEL CALANTHA", "SUBCATRNT": "9", "LOCALIDAD": "13", "SECCATASTR": "ESTRELLA", "LATITUD": 4.624041597, "LONGITUD": -74.07699598000001 }, "geometry": { "type": "Point", "coordinates": [ -8246213.471999999135733, 515305.646299999207258 ] } },
{ "type": "Feature", "properties": { "REGNTURISM": 145270, "NOMESTABLE": "LIV HOTEL", "SUBCATRNT": "9", "LOCALIDAD": "2", "SECCATASTR": "GRANADA", "LATITUD": 4.648088791, "LONGITUD": -74.05629413 }, "geometry": { "type": "Point", "coordinates": [ -8243908.952600000426173, 517991.354800000786781 ] } },
{ "type": "Feature", "properties": { "REGNTURISM": 146213, "NOMESTABLE": "HOTEL AMERICAN VISA CORPORATE", "SUBCATRNT": "9", "LOCALIDAD": "13", "SECCATASTR": "EL RECUERDO", "LATITUD": 4.632346664, "LONGITUD": -74.0892072 }, "geometry": { "type": "Point", "coordinates": [ -8247572.818800000473857, 516233.186599999666214 ] } },
{ "type": "Feature", "properties": { "REGNTURISM": 148297, "NOMESTABLE": "VIAGGIO URBANO", "SUBCATRNT": "7", "LOCALIDAD": "2", "SECCATASTR": "CATALUNA", "LATITUD": 4.630413685, "LONGITUD": -74.06198214 }, "geometry": { "type": "Point", "coordinates": [ -8244542.139000000432134, 516017.30350000038743 ] } },
{ "type": "Feature", "properties": { "REGNTURISM": 148301, "NOMESTABLE": "VIAGGIO TELEPORT", "SUBCATRNT": "7", "LOCALIDAD": "1", "SECCATASTR": "MOLINOS NORTE", "LATITUD": 4.692284785, "LONGITUD": -74.03583291 }, "geometry": { "type": "Point", "coordinates": [ -8241631.220000000670552, 522927.619500000029802 ] } },
{ "type": "Feature", "properties": { "REGNTURISM": 148598, "NOMESTABLE": "HOTEL SANTO TOMAS BOGOTA", "SUBCATRNT": "9", "LOCALIDAD": "10", "SECCATASTR": "FLORIDA BLANCA", "LATITUD": 4.692566193, "LONGITUD": -74.10801661000001 }, "geometry": { "type": "Point", "coordinates": [ -8249666.672700000926852, 522959.050999999046326 ] } },
{ "type": "Feature", "properties": { "REGNTURISM": 148660, "NOMESTABLE": "CASA DE LA LUZ HOTEL GALERIA BOUTIQUE", "SUBCATRNT": "9", "LOCALIDAD": "17", "SECCATASTR": "LA CATEDRAL", "LATITUD": 4.598384783, "LONGITUD": -74.0736472 }, "geometry": { "type": "Point", "coordinates": [ -8245840.6875, 512440.268100000917912 ] } },
{ "type": "Feature", "properties": { "REGNTURISM": 151141, "NOMESTABLE": "HOTEL L E LUXEM SAS", "SUBCATRNT": "9", "LOCALIDAD": "13", "SECCATASTR": "QUINTA PAREDES", "LATITUD": 4.635225062, "LONGITUD": -74.09441939 }, "geometry": { "type": "Point", "coordinates": [ -8248153.037100000306964, 516554.659200001507998 ] } },
{ "type": "Feature", "properties": { "REGNTURISM": 152724, "NOMESTABLE": "APARTASUITES PLAZA 36", "SUBCATRNT": "9", "LOCALIDAD": "13", "SECCATASTR": "TEUSAQUILLO", "LATITUD": 4.625557661, "LONGITUD": -74.07094844 }, "geometry": { "type": "Point", "coordinates": [ -8245540.262900000438094, 515474.96510000154376 ] } },
{ "type": "Feature", "properties": { "REGNTURISM": 153552, "NOMESTABLE": "HOTEL DANUBIO", "SUBCATRNT": "9", "LOCALIDAD": "5", "SECCATASTR": "LA FISCALA NORTE", "LATITUD": 4.536898024, "LONGITUD": -74.11509374000001 }, "geometry": { "type": "Point", "coordinates": [ -8250454.495200000703335, 505573.785199999809265 ] } },
{ "type": "Feature", "properties": { "REGNTURISM": 155457, "NOMESTABLE": "HOGAR DE PASO SUBA", "SUBCATRNT": "6", "LOCALIDAD": "11", "SECCATASTR": "TUNA ALTA", "LATITUD": 4.750733972, "LONGITUD": -74.07947165 }, "geometry": { "type": "Point", "coordinates": [ -8246489.062300000339746, 529456.308200001716614 ] } },
{ "type": "Feature", "properties": { "REGNTURISM": 155926, "NOMESTABLE": "ALOJAMIENTO EL PASO", "SUBCATRNT": "9", "LOCALIDAD": "9", "SECCATASTR": "VERSALLES FONTIBON", "LATITUD": 4.685293572, "LONGITUD": -74.14818567 }, "geometry": { "type": "Point", "coordinates": [ -8254138.271999999880791, 522146.747900001704693 ] } },
{ "type": "Feature", "properties": { "REGNTURISM": 156158, "NOMESTABLE": "SOCIEDAD HOTELERA D'COLONIAL SAS", "SUBCATRNT": "9", "LOCALIDAD": "13", "SECCATASTR": "LA SOLEDAD", "LATITUD": 4.62456487, "LONGITUD": -74.0741629 }, "geometry": { "type": "Point", "coordinates": [ -8245898.095000000670552, 515364.087000001221895 ] } },
{ "type": "Feature", "properties": { "REGNTURISM": 156302, "NOMESTABLE": "HOME BIOMA", "SUBCATRNT": "9", "LOCALIDAD": "8", "SECCATASTR": "VERGEL OCCIDENTAL", "LATITUD": 4.651666098, "LONGITUD": -74.13934113000001 }, "geometry": { "type": "Point", "coordinates": [ -8253153.702299999073148, 518390.893800001591444 ] } },
{ "type": "Feature", "properties": { "REGNTURISM": 156462, "NOMESTABLE": "HOTEL BOSQUE CHAPINERO", "SUBCATRNT": "9", "LOCALIDAD": "12", "SECCATASTR": "LA ESPERANZA", "LATITUD": 4.652119632, "LONGITUD": -74.06456939 }, "geometry": { "type": "Point", "coordinates": [ -8244830.150299999862909, 518441.547899998724461 ] } },
{ "type": "Feature", "properties": { "REGNTURISM": 157654, "NOMESTABLE": "CAMPO APÍCOLA", "SUBCATRNT": "11", "LOCALIDAD": "8", "SECCATASTR": "CIUDAD TECHO II", "LATITUD": 4.641352001, "LONGITUD": -74.15298801 }, "geometry": { "type": "Point", "coordinates": [ -8254672.866100000217557, 517238.947900000959635 ] } },
{ "type": "Feature", "properties": { "REGNTURISM": 159029, "NOMESTABLE": "HOTEL CALLE 97", "SUBCATRNT": "9", "LOCALIDAD": "2", "SECCATASTR": "CHICO NORTE II SECTOR", "LATITUD": 4.680819237, "LONGITUD": -74.04605458 }, "geometry": { "type": "Point", "coordinates": [ -8242769.091099999845028, 521646.9989 ] } },
{ "type": "Feature", "properties": { "REGNTURISM": 159411, "NOMESTABLE": "HOTEL EL MARQUES DE SAN RAFAEL", "SUBCATRNT": "9", "LOCALIDAD": "16", "SECCATASTR": "SALAZAR GOMEZ", "LATITUD": 4.636467572, "LONGITUD": -74.11806405 }, "geometry": { "type": "Point", "coordinates": [ -8250785.148600000888109, 516693.428700000047684 ] } },
{ "type": "Feature", "properties": { "REGNTURISM": 159757, "NOMESTABLE": "HOTEL CONFORT BLUE", "SUBCATRNT": "9", "LOCALIDAD": "9", "SECCATASTR": "KASANDRA", "LATITUD": 4.693075788, "LONGITUD": -74.16913972 }, "geometry": { "type": "Point", "coordinates": [ -8256470.8662, 523015.969700001180172 ] } },
{ "type": "Feature", "properties": { "REGNTURISM": 159776, "NOMESTABLE": "HOTEL AIRPORT TRAVEL", "SUBCATRNT": "9", "LOCALIDAD": "10", "SECCATASTR": "NORMANDIA", "LATITUD": 4.667786009, "LONGITUD": -74.10845099 }, "geometry": { "type": "Point", "coordinates": [ -8249715.027699999511242, 520191.304999999701977 ] } },
{ "type": "Feature", "properties": { "REGNTURISM": 160191, "NOMESTABLE": "GLAMPING URBANO", "SUBCATRNT": "11", "LOCALIDAD": "11", "SECCATASTR": "GRANADA NORTE", "LATITUD": 4.751115503, "LONGITUD": -74.04716083 }, "geometry": { "type": "Point", "coordinates": [ -8242892.238299999386072, 529498.926500000059605 ] } },
{ "type": "Feature", "properties": { "REGNTURISM": 160702, "NOMESTABLE": "CEDRON HOSTEL", "SUBCATRNT": "6", "LOCALIDAD": "17", "SECCATASTR": "EGIPTO", "LATITUD": 4.593602575, "LONGITUD": -74.0720113 }, "geometry": { "type": "Point", "coordinates": [ -8245658.579900000244379, 511906.197799999266863 ] } },
{ "type": "Feature", "properties": { "REGNTURISM": 161040, "NOMESTABLE": "H&L HOTEL BOUTIQUE", "SUBCATRNT": "9", "LOCALIDAD": "9", "SECCATASTR": "SANTA CECILIA", "LATITUD": 4.668615433, "LONGITUD": -74.11775992 }, "geometry": { "type": "Point", "coordinates": [ -8250751.292999999597669, 520283.943300001323223 ] } },
{ "type": "Feature", "properties": { "REGNTURISM": 161770, "NOMESTABLE": "CASA HOTEL NUESTRA TIERRA", "SUBCATRNT": "9", "LOCALIDAD": "13", "SECCATASTR": "QUINTA PAREDES", "LATITUD": 4.632792143, "LONGITUD": -74.09293355 }, "geometry": { "type": "Point", "coordinates": [ -8247987.634199999272823, 516282.939599998295307 ] } },
{ "type": "Feature", "properties": { "REGNTURISM": 162387, "NOMESTABLE": "HOTEL RICAURTE INN", "SUBCATRNT": "9", "LOCALIDAD": "14", "SECCATASTR": "RICAURTE", "LATITUD": 4.608345557, "LONGITUD": -74.09443222 }, "geometry": { "type": "Point", "coordinates": [ -8248154.465299999341369, 513552.684799998998642 ] } },
{ "type": "Feature", "properties": { "REGNTURISM": 162900, "NOMESTABLE": "FUNDACION NACIONAL DE TRASPLANTES", "SUBCATRNT": "6", "LOCALIDAD": "13", "SECCATASTR": "LAS AMERICAS", "LATITUD": 4.630250456, "LONGITUD": -74.07918279 }, "geometry": { "type": "Point", "coordinates": [ -8246456.906600000336766, 515999.073399998247623 ] } },
{ "type": "Feature", "properties": { "REGNTURISM": 163065, "NOMESTABLE": "HOSTAL APARTAMENTOS COLONIAL W", "SUBCATRNT": "8", "LOCALIDAD": "7", "SECCATASTR": "JIMENEZ DE QUESADA II SECTOR", "LATITUD": 4.607284214, "LONGITUD": -74.1866371 }, "geometry": { "type": "Point", "coordinates": [ -8258418.6656, 513434.153599999845028 ] } },
{ "type": "Feature", "properties": { "REGNTURISM": 163317, "NOMESTABLE": "HOTEL CASA MORADA", "SUBCATRNT": "9", "LOCALIDAD": "13", "SECCATASTR": "CHAPINERO OCCIDENTAL", "LATITUD": 4.649651077, "LONGITUD": -74.06728651 }, "geometry": { "type": "Point", "coordinates": [ -8245132.618699999526143, 518165.84180000051856 ] } },
{ "type": "Feature", "properties": { "REGNTURISM": 163537, "NOMESTABLE": "HOTEL ROTTERDAM", "SUBCATRNT": "9", "LOCALIDAD": "3", "SECCATASTR": "SAN BERNARDO", "LATITUD": 4.590330536, "LONGITUD": -74.08476364000001 }, "geometry": { "type": "Point", "coordinates": [ -8247078.163899999111891, 511540.783100001513958 ] } },
{ "type": "Feature", "properties": { "REGNTURISM": 164699, "NOMESTABLE": "HOTEL STAR PLUS", "SUBCATRNT": "9", "LOCALIDAD": "13", "SECCATASTR": "EL RECUERDO", "LATITUD": 4.631395795, "LONGITUD": -74.08615085 }, "geometry": { "type": "Point", "coordinates": [ -8247232.587500000372529, 516126.989500001072884 ] } },
{ "type": "Feature", "properties": { "REGNTURISM": 164717, "NOMESTABLE": "HOTEL BOGOTA ELITE", "SUBCATRNT": "9", "LOCALIDAD": "10", "SECCATASTR": "BOSQUE POPULAR", "LATITUD": 4.671754877, "LONGITUD": -74.09841038 }, "geometry": { "type": "Point", "coordinates": [ -8248597.312100000679493, 520634.588799998164177 ] } },
{ "type": "Feature", "properties": { "REGNTURISM": 164786, "NOMESTABLE": "HOTEL CASA MACONGLO", "SUBCATRNT": "9", "LOCALIDAD": "10", "SECCATASTR": "BOSQUE POPULAR", "LATITUD": 4.668880717, "LONGITUD": -74.09762526 }, "geometry": { "type": "Point", "coordinates": [ -8248509.912900000810623, 520313.572900000959635 ] } },
{ "type": "Feature", "properties": { "REGNTURISM": 165237, "NOMESTABLE": "APARTA SUITE CONTINENTAL", "SUBCATRNT": "9", "LOCALIDAD": "3", "SECCATASTR": "VERACRUZ", "LATITUD": 4.600946659, "LONGITUD": -74.07039811 }, "geometry": { "type": "Point", "coordinates": [ -8245479.000499999150634, 512726.376299999654293 ] } },
{ "type": "Feature", "properties": { "REGNTURISM": 165458, "NOMESTABLE": "EUROLAN 93", "SUBCATRNT": "9", "LOCALIDAD": "2", "SECCATASTR": "CHICO NORTE", "LATITUD": 4.676277277, "LONGITUD": -74.04681634000001 }, "geometry": { "type": "Point", "coordinates": [ -8242853.889799999073148, 521139.69990000128746 ] } },
{ "type": "Feature", "properties": { "REGNTURISM": 165768, "NOMESTABLE": "OPERADORA HABITEL", "SUBCATRNT": "9", "LOCALIDAD": "9", "SECCATASTR": "SAN JOSE DE FONTIBON", "LATITUD": 4.688394684, "LONGITUD": -74.13033852 }, "geometry": { "type": "Point", "coordinates": [ -8252151.536399999633431, 522493.120299998670816 ] } },
{ "type": "Feature", "properties": { "REGNTURISM": 166161, "NOMESTABLE": "DIOS BGTA", "SUBCATRNT": "9", "LOCALIDAD": "17", "SECCATASTR": "EGIPTO", "LATITUD": 4.595544294, "LONGITUD": -74.07213179 }, "geometry": { "type": "Point", "coordinates": [ -8245671.992799999192357, 512123.045800000429153 ] } },
{ "type": "Feature", "properties": { "REGNTURISM": 166349, "NOMESTABLE": "PRIMITIVO USAQUEN HOTEL", "SUBCATRNT": "9", "LOCALIDAD": "1", "SECCATASTR": "USAQUEN", "LATITUD": 4.694110018, "LONGITUD": -74.03191776 }, "geometry": { "type": "Point", "coordinates": [ -8241195.387499999254942, 523131.486999999731779 ] } },
{ "type": "Feature", "properties": { "REGNTURISM": 166508, "NOMESTABLE": "BLISS BOUTIQUE HOTEL BOGOTA", "SUBCATRNT": "9", "LOCALIDAD": "12", "SECCATASTR": "LA CASTELLANA", "LATITUD": 4.686524082, "LONGITUD": -74.06130582 }, "geometry": { "type": "Point", "coordinates": [ -8244466.851399999111891, 522284.187100000679493 ] } },
{ "type": "Feature", "properties": { "REGNTURISM": 167567, "NOMESTABLE": "CASA GILMAR", "SUBCATRNT": "8", "LOCALIDAD": "13", "SECCATASTR": "SAN LUIS", "LATITUD": 4.64424256, "LONGITUD": -74.07203007 }, "geometry": { "type": "Point", "coordinates": [ -8245660.669399999082088, 517561.782800000160933 ] } },
{ "type": "Feature", "properties": { "REGNTURISM": 167586, "NOMESTABLE": "HOSTAL RITUALS", "SUBCATRNT": "8", "LOCALIDAD": "13", "SECCATASTR": "ALFONSO LOPEZ", "LATITUD": 4.641130121, "LONGITUD": -74.07683219 }, "geometry": { "type": "Point", "coordinates": [ -8246195.239, 517214.167100001126528 ] } },
{ "type": "Feature", "properties": { "REGNTURISM": 167817, "NOMESTABLE": "HOTEL JOYA", "SUBCATRNT": "9", "LOCALIDAD": "9", "SECCATASTR": "CENTRO FONTIBON", "LATITUD": 4.672833974, "LONGITUD": -74.14567997 }, "geometry": { "type": "Point", "coordinates": [ -8253859.3388, 520755.113899998366833 ] } },
{ "type": "Feature", "properties": { "REGNTURISM": 168185, "NOMESTABLE": "5Q HOUSE QUINTA CAMACHO", "SUBCATRNT": "9", "LOCALIDAD": "2", "SECCATASTR": "QUINTA CAMACHO", "LATITUD": 4.652958208, "LONGITUD": -74.06067193 }, "geometry": { "type": "Point", "coordinates": [ -8244396.287100000306964, 518535.206300001591444 ] } },
{ "type": "Feature", "properties": { "REGNTURISM": 168658, "NOMESTABLE": "HOTEL CASA LOZANO", "SUBCATRNT": "9", "LOCALIDAD": "13", "SECCATASTR": "QUINTA PAREDES", "LATITUD": 4.63475347, "LONGITUD": -74.09281937 }, "geometry": { "type": "Point", "coordinates": [ -8247974.92369999922812, 516501.989500001072884 ] } },
{ "type": "Feature", "properties": { "REGNTURISM": 169034, "NOMESTABLE": "HOTEL BYHOURS LAS AMERICAS", "SUBCATRNT": "9", "LOCALIDAD": "8", "SECCATASTR": "MARSELLA", "LATITUD": 4.630462161, "LONGITUD": -74.13216705000001 }, "geometry": { "type": "Point", "coordinates": [ -8252355.087400000542402, 516022.717399999499321 ] } },
{ "type": "Feature", "properties": { "REGNTURISM": 169246, "NOMESTABLE": "HOTEL BOUTIQUE CITY CENTER RENACENSE HBCC SAS", "SUBCATRNT": "9", "LOCALIDAD": "13", "SECCATASTR": "EL RECUERDO", "LATITUD": 4.631697578, "LONGITUD": -74.08937312 }, "geometry": { "type": "Point", "coordinates": [ -8247591.288899999111891, 516160.693900000303984 ] } },
{ "type": "Feature", "properties": { "REGNTURISM": 170085, "NOMESTABLE": "HOTEL SPORTS BOGOTA INN", "SUBCATRNT": "9", "LOCALIDAD": "3", "SECCATASTR": "LAS NIEVES", "LATITUD": 4.609706604, "LONGITUD": -74.07159612 }, "geometry": { "type": "Point", "coordinates": [ -8245612.362299999222159, 513704.687399998307228 ] } },
{ "type": "Feature", "properties": { "REGNTURISM": 170257, "NOMESTABLE": "EDIFICIO HOTEL BUGANVIL", "SUBCATRNT": "9", "LOCALIDAD": "13", "SECCATASTR": "CHAPINERO OCCIDENTAL", "LATITUD": 4.644049453, "LONGITUD": -74.06620371 }, "geometry": { "type": "Point", "coordinates": [ -8245012.082000000402331, 517540.215399999171495 ] } },
{ "type": "Feature", "properties": { "REGNTURISM": 170459, "NOMESTABLE": "TEUSAQUILLO BOUTIQUE HOTEL BOGOTA", "SUBCATRNT": "9", "LOCALIDAD": "13", "SECCATASTR": "LA MAGDALENA", "LATITUD": 4.626599963, "LONGITUD": -74.07261454 }, "geometry": { "type": "Point", "coordinates": [ -8245725.732300000265241, 515591.372800000011921 ] } },
{ "type": "Feature", "properties": { "REGNTURISM": 170594, "NOMESTABLE": "AGORA INN CORFERIAS 155", "SUBCATRNT": "9", "LOCALIDAD": "13", "SECCATASTR": "EL RECUERDO", "LATITUD": 4.632090286, "LONGITUD": -74.08877826 }, "geometry": { "type": "Point", "coordinates": [ -8247525.069399999454618, 516204.553199999034405 ] } },
{ "type": "Feature", "properties": { "REGNTURISM": 170595, "NOMESTABLE": "AGORA INN 124", "SUBCATRNT": "9", "LOCALIDAD": "13", "SECCATASTR": "QUINTA PAREDES", "LATITUD": 4.634866734, "LONGITUD": -74.09369763 }, "geometry": { "type": "Point", "coordinates": [ -8248072.691199999302626, 516514.639400001615286 ] } },
{ "type": "Feature", "properties": { "REGNTURISM": 171086, "NOMESTABLE": "COFFE MONTEALEGRE", "SUBCATRNT": "9", "LOCALIDAD": "3", "SECCATASTR": "LA ALAMEDA", "LATITUD": 4.611852965, "LONGITUD": -74.07199116 }, "geometry": { "type": "Point", "coordinates": [ -8245656.337999999523163, 513944.394999999552965 ] } },
{ "type": "Feature", "properties": { "REGNTURISM": 171268, "NOMESTABLE": "HOTEL PUERTO LLERAS Y", "SUBCATRNT": "9", "LOCALIDAD": "14", "SECCATASTR": "EL LISTON", "LATITUD": 4.609729036, "LONGITUD": -74.08592253 }, "geometry": { "type": "Point", "coordinates": [ -8247207.171, 513707.192699998617172 ] } },
{ "type": "Feature", "properties": { "REGNTURISM": 171333, "NOMESTABLE": "EL POLO  FLIPEROS SAS", "SUBCATRNT": "7", "LOCALIDAD": "12", "SECCATASTR": "POLO CLUB", "LATITUD": 4.675700722, "LONGITUD": -74.06186125000001 }, "geometry": { "type": "Point", "coordinates": [ -8244528.681600000709295, 521075.303700000047684 ] } },
{ "type": "Feature", "properties": { "REGNTURISM": 171348, "NOMESTABLE": "HOTEL WINDSOR HOUSES INN", "SUBCATRNT": "9", "LOCALIDAD": "2", "SECCATASTR": "CHICO NORTE", "LATITUD": 4.677782003, "LONGITUD": -74.04398144 }, "geometry": { "type": "Point", "coordinates": [ -8242538.310200000181794, 521307.764800000935793 ] } },
{ "type": "Feature", "properties": { "REGNTURISM": 171757, "NOMESTABLE": "HOSTAL EL DIAMANTE", "SUBCATRNT": "9", "LOCALIDAD": "3", "SECCATASTR": "LA CAPUCHINA", "LATITUD": 4.607465075, "LONGITUD": -74.07634573 }, "geometry": { "type": "Point", "coordinates": [ -8246141.086500000208616, 513454.352200001478195 ] } },
{ "type": "Feature", "properties": { "REGNTURISM": 171816, "NOMESTABLE": "TOWER BY HOLIDAYS", "SUBCATRNT": "9", "LOCALIDAD": "13", "SECCATASTR": "EL RECUERDO", "LATITUD": 4.632600585, "LONGITUD": -74.08976139000001 }, "geometry": { "type": "Point", "coordinates": [ -8247634.510900000110269, 516261.5456000007689 ] } },
{ "type": "Feature", "properties": { "REGNTURISM": 173480, "NOMESTABLE": "HOTEL CENTRO ARTISTICO", "SUBCATRNT": "9", "LOCALIDAD": "3", "SECCATASTR": "VERACRUZ", "LATITUD": 4.604777138, "LONGITUD": -74.07276646 }, "geometry": { "type": "Point", "coordinates": [ -8245742.643999999389052, 513154.162900000810623 ] } },
{ "type": "Feature", "properties": { "REGNTURISM": 173764, "NOMESTABLE": "APARTAMENTOS 5E", "SUBCATRNT": "7", "LOCALIDAD": "13", "SECCATASTR": "EL RECUERDO", "LATITUD": 4.633649277, "LONGITUD": -74.09024356 }, "geometry": { "type": "Point", "coordinates": [ -8247688.185799999162555, 516378.668200001120567 ] } },
{ "type": "Feature", "properties": { "REGNTURISM": 174266, "NOMESTABLE": "BALCONES DEL SANTA FE", "SUBCATRNT": "9", "LOCALIDAD": "14", "SECCATASTR": "SANTA FE", "LATITUD": 4.613037782, "LONGITUD": -74.07489894 }, "geometry": { "type": "Point", "coordinates": [ -8245980.030600000172853, 514076.71680000051856 ] } },
{ "type": "Feature", "properties": { "REGNTURISM": 174522, "NOMESTABLE": "SOY LOCAL USAQUÉN", "SUBCATRNT": "9", "LOCALIDAD": "1", "SECCATASTR": "BELLA SUIZA", "LATITUD": 4.711251422, "LONGITUD": -74.03014886 }, "geometry": { "type": "Point", "coordinates": [ -8240998.47440000064671, 525046.104800000786781 ] } },
{ "type": "Feature", "properties": { "REGNTURISM": 175554, "NOMESTABLE": "HOSTAL SEP7IMO ARTE", "SUBCATRNT": "8", "LOCALIDAD": "9", "SECCATASTR": "SANTA CECILIA", "LATITUD": 4.668706324, "LONGITUD": -74.11860562 }, "geometry": { "type": "Point", "coordinates": [ -8250845.435900000855327, 520294.094999998807907 ] } },
{ "type": "Feature", "properties": { "REGNTURISM": 175726, "NOMESTABLE": "CASA HOTEL CONSULTRAVEL", "SUBCATRNT": "9", "LOCALIDAD": "13", "SECCATASTR": "QUINTA PAREDES", "LATITUD": 4.635540215, "LONGITUD": -74.09395653 }, "geometry": { "type": "Point", "coordinates": [ -8248101.511800000444055, 516589.856899999082088 ] } },
{ "type": "Feature", "properties": { "REGNTURISM": 178062, "NOMESTABLE": "HOTEL URBAN CENTER BOGOTA", "SUBCATRNT": "9", "LOCALIDAD": "3", "SECCATASTR": "LAS NIEVES", "LATITUD": 4.606389689, "LONGITUD": -74.07291927 }, "geometry": { "type": "Point", "coordinates": [ -8245759.654699999839067, 513334.25279999896884 ] } },
{ "type": "Feature", "properties": { "REGNTURISM": 178111, "NOMESTABLE": "HOTEL WLH GOLD", "SUBCATRNT": "9", "LOCALIDAD": "13", "SECCATASTR": "EL RECUERDO", "LATITUD": 4.631976522, "LONGITUD": -74.08961887 }, "geometry": { "type": "Point", "coordinates": [ -8247618.645700000226498, 516191.847500000149012 ] } },
{ "type": "Feature", "properties": { "REGNTURISM": 178641, "NOMESTABLE": "ELIZABETH HOTEL`S  INTERNATIONAL", "SUBCATRNT": "9", "LOCALIDAD": "11", "SECCATASTR": "SANTA ROSA", "LATITUD": 4.698086207, "LONGITUD": -74.07585671 }, "geometry": { "type": "Point", "coordinates": [ -8246086.649000000208616, 523575.60530000180006 ] } },
{ "type": "Feature", "properties": { "REGNTURISM": 178651, "NOMESTABLE": "ELIZABETH HOTEL´S INTERNATIONAL", "SUBCATRNT": "9", "LOCALIDAD": "10", "SECCATASTR": "PARIS GAITAN", "LATITUD": 4.70645688, "LONGITUD": -74.09317555 }, "geometry": { "type": "Point", "coordinates": [ -8248014.5735, 524510.571299999952316 ] } },
{ "type": "Feature", "properties": { "REGNTURISM": 178936, "NOMESTABLE": "OPERADORA HOTELERA MURCA", "SUBCATRNT": "9", "LOCALIDAD": "10", "SECCATASTR": "EL DORADO INDUSTRIAL", "LATITUD": 4.724177086, "LONGITUD": -74.13134773 }, "geometry": { "type": "Point", "coordinates": [ -8252263.881100000813603, 526489.874699998646975 ] } },
{ "type": "Feature", "properties": { "REGNTURISM": 180578, "NOMESTABLE": "CASA DE ENSUEÑO HOTEL", "SUBCATRNT": "9", "LOCALIDAD": "13", "SECCATASTR": "QUINTA PAREDES", "LATITUD": 4.633327901, "LONGITUD": -74.0939314 }, "geometry": { "type": "Point", "coordinates": [ -8248098.714299999177456, 516342.775400001555681 ] } },
{ "type": "Feature", "properties": { "REGNTURISM": 181064, "NOMESTABLE": "HOTEL CHORRO DE LUZ", "SUBCATRNT": "9", "LOCALIDAD": "17", "SECCATASTR": "LA CONCORDIA", "LATITUD": 4.596613204, "LONGITUD": -74.06937887 }, "geometry": { "type": "Point", "coordinates": [ -8245365.539200000464916, 512242.420200001448393 ] } },
{ "type": "Feature", "properties": { "REGNTURISM": 181919, "NOMESTABLE": "HOSTEL URBAN CITY BOGOTA", "SUBCATRNT": "8", "LOCALIDAD": "9", "SECCATASTR": "MODELIA OCCIDENTAL", "LATITUD": 4.666903065, "LONGITUD": -74.12368932 }, "geometry": { "type": "Point", "coordinates": [ -8251411.35080000013113, 520092.689100001007318 ] } },
{ "type": "Feature", "properties": { "REGNTURISM": 181979, "NOMESTABLE": "HOTEL SUITE BOGOTA COLONIAL  1", "SUBCATRNT": "9", "LOCALIDAD": "13", "SECCATASTR": "GRAN AMERICA", "LATITUD": 4.628357258, "LONGITUD": -74.0852398 }, "geometry": { "type": "Point", "coordinates": [ -8247131.169800000265241, 515787.633799999952316 ] } },
{ "type": "Feature", "properties": { "REGNTURISM": 182538, "NOMESTABLE": "HOTEL MX BOGOTA D.C", "SUBCATRNT": "9", "LOCALIDAD": "13", "SECCATASTR": "QUINTA PAREDES", "LATITUD": 4.63292437, "LONGITUD": -74.09273672 }, "geometry": { "type": "Point", "coordinates": [ -8247965.723200000822544, 516297.707299999892712 ] } },
{ "type": "Feature", "properties": { "REGNTURISM": 183783, "NOMESTABLE": "HOTEL THE MIRROR", "SUBCATRNT": "9", "LOCALIDAD": "13", "SECCATASTR": "GRAN AMERICA", "LATITUD": 4.628128568, "LONGITUD": -74.08558667 }, "geometry": { "type": "Point", "coordinates": [ -8247169.78319999948144, 515762.092799998819828 ] } },
{ "type": "Feature", "properties": { "REGNTURISM": 183846, "NOMESTABLE": "HOTEL ILAR ESPERANZA", "SUBCATRNT": "9", "LOCALIDAD": "13", "SECCATASTR": "ORTEZAL", "LATITUD": 4.633258375, "LONGITUD": -74.09461378 }, "geometry": { "type": "Point", "coordinates": [ -8248174.6765, 516335.010499998927116 ] } },
{ "type": "Feature", "properties": { "REGNTURISM": 185311, "NOMESTABLE": "NOMADIA HOME", "SUBCATRNT": "8", "LOCALIDAD": "2", "SECCATASTR": "QUINTA CAMACHO", "LATITUD": 4.655224014, "LONGITUD": -74.06036998 }, "geometry": { "type": "Point", "coordinates": [ -8244362.674100000411272, 518788.269099999219179 ] } },
{ "type": "Feature", "properties": { "REGNTURISM": 185325, "NOMESTABLE": "HOGAR DE PASO LOSMAN ESTRADA", "SUBCATRNT": "6", "LOCALIDAD": "10", "SECCATASTR": "LA ESTRADA", "LATITUD": 4.677902267, "LONGITUD": -74.095642 }, "geometry": { "type": "Point", "coordinates": [ -8248289.137399999424815, 521321.197299998253584 ] } },
{ "type": "Feature", "properties": { "REGNTURISM": 185568, "NOMESTABLE": "APARTAMENTO MONOAMBIENTE", "SUBCATRNT": "7", "LOCALIDAD": "2", "SECCATASTR": "PARDO RUBIO", "LATITUD": 4.635591772, "LONGITUD": -74.06109969000001 }, "geometry": { "type": "Point", "coordinates": [ -8244443.905099999159575, 516595.615100000053644 ] } },
{ "type": "Feature", "properties": { "REGNTURISM": 186893, "NOMESTABLE": "HOTEL TORRE CENTRAL L N", "SUBCATRNT": "9", "LOCALIDAD": "3", "SECCATASTR": "LA CAPUCHINA", "LATITUD": 4.605618339, "LONGITUD": -74.07480062 }, "geometry": { "type": "Point", "coordinates": [ -8245969.08559999987483, 513248.108300000429153 ] } },
{ "type": "Feature", "properties": { "REGNTURISM": 187398, "NOMESTABLE": "HOTEL SOY CARIBE", "SUBCATRNT": "9", "LOCALIDAD": "13", "SECCATASTR": "EL SALITRE", "LATITUD": 4.654654599, "LONGITUD": -74.09775522 }, "geometry": { "type": "Point", "coordinates": [ -8248524.380000000819564, 518724.672400001436472 ] } },
{ "type": "Feature", "properties": { "REGNTURISM": 187659, "NOMESTABLE": "HOTEL EL PLAYON", "SUBCATRNT": "9", "LOCALIDAD": "11", "SECCATASTR": "TIBABUYES", "LATITUD": 4.739544697, "LONGITUD": -74.11702751 }, "geometry": { "type": "Point", "coordinates": [ -8250669.761499999091029, 528206.439899999648333 ] } },
{ "type": "Feature", "properties": { "REGNTURISM": 188284, "NOMESTABLE": "CASA HOTEL CALLE 1", "SUBCATRNT": "9", "LOCALIDAD": "11", "SECCATASTR": "ESTORIL", "LATITUD": 4.689008426, "LONGITUD": -74.05902547 }, "geometry": { "type": "Point", "coordinates": [ -8244213.004000000655651, 522561.67119999974966 ] } },
{ "type": "Feature", "properties": { "REGNTURISM": 188551, "NOMESTABLE": "LA POSADA JAVERIANA", "SUBCATRNT": "9", "LOCALIDAD": "2", "SECCATASTR": "SUCRE", "LATITUD": 4.630320278, "LONGITUD": -74.06529264 }, "geometry": { "type": "Point", "coordinates": [ -8244910.662100000306964, 516006.871399998664856 ] } },
{ "type": "Feature", "properties": { "REGNTURISM": 192387, "NOMESTABLE": "HOTEL BOUTIQUE FC", "SUBCATRNT": "9", "LOCALIDAD": "13", "SECCATASTR": "EL RECUERDO", "LATITUD": 4.631387969, "LONGITUD": -74.08882173000001 }, "geometry": { "type": "Point", "coordinates": [ -8247529.908500000834465, 516126.115499999374151 ] } },
{ "type": "Feature", "properties": { "REGNTURISM": 192934, "NOMESTABLE": "INNOVAR CASA HOSTAL", "SUBCATRNT": "8", "LOCALIDAD": "13", "SECCATASTR": "GRAN AMERICA", "LATITUD": 4.627034532, "LONGITUD": -74.08551023 }, "geometry": { "type": "Point", "coordinates": [ -8247161.274000000208616, 515639.907000001519918 ] } },
{ "type": "Feature", "properties": { "REGNTURISM": 193831, "NOMESTABLE": "MARBORE HOTEL SPA", "SUBCATRNT": "9", "LOCALIDAD": "2", "SECCATASTR": "CHICO NORTE III SECTOR", "LATITUD": 4.68357642, "LONGITUD": -74.05262911 }, "geometry": { "type": "Point", "coordinates": [ -8243500.964400000870228, 521954.954799998551607 ] } },
{ "type": "Feature", "properties": { "REGNTURISM": 194881, "NOMESTABLE": "HOTEL CANELA 96", "SUBCATRNT": "9", "LOCALIDAD": "9", "SECCATASTR": "VILLEMAR", "LATITUD": 4.671225677, "LONGITUD": -74.14234751 }, "geometry": { "type": "Point", "coordinates": [ -8253488.370999999344349, 520575.482200000435114 ] } },
{ "type": "Feature", "properties": { "REGNTURISM": 194992, "NOMESTABLE": "HOTEL ESTELAR LA FONTANA", "SUBCATRNT": "9", "LOCALIDAD": "1", "SECCATASTR": "LA CALLEJA", "LATITUD": 4.70442879, "LONGITUD": -74.04375399 }, "geometry": { "type": "Point", "coordinates": [ -8242512.990599999204278, 524284.041900001466274 ] } },
{ "type": "Feature", "properties": { "REGNTURISM": 195035, "NOMESTABLE": "HOTEL SHERIDAN BY LOBO HOTELES GROUP", "SUBCATRNT": "9", "LOCALIDAD": "13", "SECCATASTR": "EL RECUERDO", "LATITUD": 4.630464065, "LONGITUD": -74.08846608 }, "geometry": { "type": "Point", "coordinates": [ -8247490.317700000479817, 516022.930100001394749 ] } },
{ "type": "Feature", "properties": { "REGNTURISM": 196101, "NOMESTABLE": "CASA SAMOR", "SUBCATRNT": "8", "LOCALIDAD": "17", "SECCATASTR": "EGIPTO", "LATITUD": 4.59644636, "LONGITUD": -74.07060197 }, "geometry": { "type": "Point", "coordinates": [ -8245501.6941, 512223.787300001829863 ] } },
{ "type": "Feature", "properties": { "REGNTURISM": 197217, "NOMESTABLE": "HOTEL DORADO 1 S.A.S", "SUBCATRNT": "9", "LOCALIDAD": "9", "SECCATASTR": "LA CABANA FONTIBON", "LATITUD": 4.678727106, "LONGITUD": -74.1388653 }, "geometry": { "type": "Point", "coordinates": [ -8253100.733200000599027, 521413.32490000128746 ] } },
{ "type": "Feature", "properties": { "REGNTURISM": 197467, "NOMESTABLE": "CASA CANDILEJAS", "SUBCATRNT": "9", "LOCALIDAD": "17", "SECCATASTR": "LAS AGUAS", "LATITUD": 4.599191632, "LONGITUD": -74.06812985000001 }, "geometry": { "type": "Point", "coordinates": [ -8245226.4989, 512530.376200001686811 ] } },
{ "type": "Feature", "properties": { "REGNTURISM": 197581, "NOMESTABLE": "HOTEL NAPOLY", "SUBCATRNT": "9", "LOCALIDAD": "3", "SECCATASTR": "VERACRUZ", "LATITUD": 4.602710778, "LONGITUD": -74.07440276 }, "geometry": { "type": "Point", "coordinates": [ -8245924.7961, 512923.392200000584126 ] } },
{ "type": "Feature", "properties": { "REGNTURISM": 197883, "NOMESTABLE": "HOTEL SILVER JAVERIANA BY HOSPEDIUM BOGOTA", "SUBCATRNT": "7", "LOCALIDAD": "2", "SECCATASTR": "SUCRE", "LATITUD": 4.6307093, "LONGITUD": -74.06458327 }, "geometry": { "type": "Point", "coordinates": [ -8244831.69539999961853, 516050.318900000303984 ] } },
{ "type": "Feature", "properties": { "REGNTURISM": 197995, "NOMESTABLE": "HOTEL JULIETTE BOGOTA", "SUBCATRNT": "9", "LOCALIDAD": "2", "SECCATASTR": "BOSQUE CALDERON", "LATITUD": 4.64297484, "LONGITUD": -74.05915969 }, "geometry": { "type": "Point", "coordinates": [ -8244227.945299999788404, 517420.196100000292063 ] } },
{ "type": "Feature", "properties": { "REGNTURISM": 198878, "NOMESTABLE": "CASA HOTEL MONACO", "SUBCATRNT": "9", "LOCALIDAD": "13", "SECCATASTR": "EL RECUERDO", "LATITUD": 4.629290044, "LONGITUD": -74.08533704 }, "geometry": { "type": "Point", "coordinates": [ -8247141.9945, 515891.8108000010252 ] } },
{ "type": "Feature", "properties": { "REGNTURISM": 199655, "NOMESTABLE": "HOTEL DE PELICULA", "SUBCATRNT": "9", "LOCALIDAD": "13", "SECCATASTR": "ORTEZAL", "LATITUD": 4.630913119, "LONGITUD": -74.09382887 }, "geometry": { "type": "Point", "coordinates": [ -8248087.300699999555945, 516073.082299999892712 ] } },
{ "type": "Feature", "properties": { "REGNTURISM": 199847, "NOMESTABLE": "AERO HOTEL BOUTIQUE", "SUBCATRNT": "9", "LOCALIDAD": "9", "SECCATASTR": "SAN JOSE DE FONTIBON", "LATITUD": 4.685906059, "LONGITUD": -74.13233602 }, "geometry": { "type": "Point", "coordinates": [ -8252373.897099999710917, 522215.158300001174212 ] } },
{ "type": "Feature", "properties": { "REGNTURISM": 200163, "NOMESTABLE": "HOTEL LAS NIEVES CENTRO", "SUBCATRNT": "9", "LOCALIDAD": "3", "SECCATASTR": "LAS NIEVES", "LATITUD": 4.60628389, "LONGITUD": -74.07158703 }, "geometry": { "type": "Point", "coordinates": [ -8245611.350400000810623, 513322.437100000679493 ] } },
{ "type": "Feature", "properties": { "REGNTURISM": 200689, "NOMESTABLE": "ERAMA", "SUBCATRNT": "9", "LOCALIDAD": "3", "SECCATASTR": "LA ALAMEDA", "LATITUD": 4.608610925, "LONGITUD": -74.0736007 }, "geometry": { "type": "Point", "coordinates": [ -8245835.511099999770522, 513582.321299999952316 ] } },
{ "type": "Feature", "properties": { "REGNTURISM": 200852, "NOMESTABLE": "INVERSIONES PUBLICITARIAS GM", "SUBCATRNT": "8", "LOCALIDAD": "13", "SECCATASTR": "BELALCAZAR", "LATITUD": 4.635859379, "LONGITUD": -74.07688432 }, "geometry": { "type": "Point", "coordinates": [ -8246201.042099999263883, 516625.502700001001358 ] } },
{ "type": "Feature", "properties": { "REGNTURISM": 201765, "NOMESTABLE": "HOTEL CONFORT CENTRO", "SUBCATRNT": "9", "LOCALIDAD": "14", "SECCATASTR": "LA FAVORITA", "LATITUD": 4.609021937, "LONGITUD": -74.07734717 }, "geometry": { "type": "Point", "coordinates": [ -8246252.566299999132752, 513628.223299998790026 ] } },
{ "type": "Feature", "properties": { "REGNTURISM": 201905, "NOMESTABLE": "HOTEL LA 57", "SUBCATRNT": "8", "LOCALIDAD": "2", "SECCATASTR": "CHAPINERO CENTRAL", "LATITUD": 4.643864343, "LONGITUD": -74.06358681 }, "geometry": { "type": "Point", "coordinates": [ -8244720.769999999552965, 517519.541200000792742 ] } },
{ "type": "Feature", "properties": { "REGNTURISM": 202281, "NOMESTABLE": "HOTEL SALITRE STAR GRECO", "SUBCATRNT": "9", "LOCALIDAD": "13", "SECCATASTR": "EL SALITRE", "LATITUD": 4.652637429, "LONGITUD": -74.10106177 }, "geometry": { "type": "Point", "coordinates": [ -8248892.463500000536442, 518499.379299998283386 ] } },
{ "type": "Feature", "properties": { "REGNTURISM": 202519, "NOMESTABLE": "HOTEL SAN AGUSTIN CORFERIAS", "SUBCATRNT": "9", "LOCALIDAD": "13", "SECCATASTR": "ORTEZAL", "LATITUD": 4.631387083, "LONGITUD": -74.09403834 }, "geometry": { "type": "Point", "coordinates": [ -8248110.61879999935627, 516126.016499999910593 ] } },
{ "type": "Feature", "properties": { "REGNTURISM": 203060, "NOMESTABLE": "HOTEL LA CAZONA", "SUBCATRNT": "9", "LOCALIDAD": "8", "SECCATASTR": "CIUDAD KENNEDY NORTE", "LATITUD": 4.632226882, "LONGITUD": -74.15397024000001 }, "geometry": { "type": "Point", "coordinates": [ -8254782.207399999722838, 516219.808800000697374 ] } },
{ "type": "Feature", "properties": { "REGNTURISM": 203061, "NOMESTABLE": "HOTEL MANAR", "SUBCATRNT": "9", "LOCALIDAD": "8", "SECCATASTR": "VISION DE ORIENTE", "LATITUD": 4.652861482, "LONGITUD": -74.13466476000001 }, "geometry": { "type": "Point", "coordinates": [ -8252633.13120000064373, 518524.403299998492002 ] } },
{ "type": "Feature", "properties": { "REGNTURISM": 203873, "NOMESTABLE": "HOSPEDAJE LAS CRUCES", "SUBCATRNT": "10", "LOCALIDAD": "3", "SECCATASTR": "LAS CRUCES", "LATITUD": 4.590184271, "LONGITUD": -74.08229459 }, "geometry": { "type": "Point", "coordinates": [ -8246803.310599999502301, 511524.448600001633167 ] } },
{ "type": "Feature", "properties": { "REGNTURISM": 204486, "NOMESTABLE": "EDIFICIO NIIDO APTO 23", "SUBCATRNT": "7", "LOCALIDAD": "1", "SECCATASTR": "SAN PATRICIO", "LATITUD": 4.693692709, "LONGITUD": -74.05137638 }, "geometry": { "type": "Point", "coordinates": [ -8243361.511199999600649, 523084.8761 ] } },
{ "type": "Feature", "properties": { "REGNTURISM": 204551, "NOMESTABLE": "EDIFICIO AREA 97 APTO 213", "SUBCATRNT": "7", "LOCALIDAD": "2", "SECCATASTR": "CHICO NORTE II SECTOR", "LATITUD": 4.68030287, "LONGITUD": -74.04613174000001 }, "geometry": { "type": "Point", "coordinates": [ -8242777.680500000715256, 521589.324799999594688 ] } },
{ "type": "Feature", "properties": { "REGNTURISM": 204553, "NOMESTABLE": "EDIFICIO AREA 97 APTO 319", "SUBCATRNT": "7", "LOCALIDAD": "2", "SECCATASTR": "CHICO NORTE II SECTOR", "LATITUD": 4.68030287, "LONGITUD": -74.04613174000001 }, "geometry": { "type": "Point", "coordinates": [ -8242777.680500000715256, 521589.324799999594688 ] } },
{ "type": "Feature", "properties": { "REGNTURISM": 204554, "NOMESTABLE": "EDIFICIO NIIDO APTO 32", "SUBCATRNT": "7", "LOCALIDAD": "1", "SECCATASTR": "SAN PATRICIO", "LATITUD": 4.693692709, "LONGITUD": -74.05137638 }, "geometry": { "type": "Point", "coordinates": [ -8243361.511199999600649, 523084.8761 ] } },
{ "type": "Feature", "properties": { "REGNTURISM": 204555, "NOMESTABLE": "EDIFICIO NIIDO APTO 43", "SUBCATRNT": "7", "LOCALIDAD": "1", "SECCATASTR": "SAN PATRICIO", "LATITUD": 4.693692709, "LONGITUD": -74.05137638 }, "geometry": { "type": "Point", "coordinates": [ -8243361.511199999600649, 523084.8761 ] } },
{ "type": "Feature", "properties": { "REGNTURISM": 204556, "NOMESTABLE": "EDIFICIO NIIDO APTO 62", "SUBCATRNT": "7", "LOCALIDAD": "1", "SECCATASTR": "SAN PATRICIO", "LATITUD": 4.693692709, "LONGITUD": -74.05137638 }, "geometry": { "type": "Point", "coordinates": [ -8243361.511199999600649, 523084.8761 ] } },
{ "type": "Feature", "properties": { "REGNTURISM": 204584, "NOMESTABLE": "XLIVING HOST & ROOMS", "SUBCATRNT": "9", "LOCALIDAD": "12", "SECCATASTR": "SAN FELIPE", "LATITUD": 4.663241815, "LONGITUD": -74.06381461 }, "geometry": { "type": "Point", "coordinates": [ -8244746.128599999472499, 519683.765900000929832 ] } },
{ "type": "Feature", "properties": { "REGNTURISM": 205098, "NOMESTABLE": "APARTAHOTEL VICTORIA IN", "SUBCATRNT": "7", "LOCALIDAD": "9", "SECCATASTR": "SAN JOSE DE FONTIBON", "LATITUD": 4.686473102, "LONGITUD": -74.13215576 }, "geometry": { "type": "Point", "coordinates": [ -8252353.830600000917912, 522278.493000000715256 ] } },
{ "type": "Feature", "properties": { "REGNTURISM": 205099, "NOMESTABLE": "HOTEL BOGOTA LA EMBAJADA", "SUBCATRNT": "9", "LOCALIDAD": "13", "SECCATASTR": "QUINTA PAREDES", "LATITUD": 4.635849597, "LONGITUD": -74.09311583 }, "geometry": { "type": "Point", "coordinates": [ -8248007.925499999895692, 516624.410199999809265 ] } },
{ "type": "Feature", "properties": { "REGNTURISM": 205100, "NOMESTABLE": "HOTEL EMBAJADA REAL", "SUBCATRNT": "9", "LOCALIDAD": "13", "SECCATASTR": "ORTEZAL", "LATITUD": 4.632539751, "LONGITUD": -74.09508318 }, "geometry": { "type": "Point", "coordinates": [ -8248226.92989999987185, 516254.751400001347065 ] } },
{ "type": "Feature", "properties": { "REGNTURISM": 205257, "NOMESTABLE": "REGENCY SUITES", "SUBCATRNT": "9", "LOCALIDAD": "13", "SECCATASTR": "ORTEZAL", "LATITUD": 4.630979249, "LONGITUD": -74.0944541 }, "geometry": { "type": "Point", "coordinates": [ -8248156.901000000536442, 516080.4679000005126 ] } },
{ "type": "Feature", "properties": { "REGNTURISM": 205259, "NOMESTABLE": "TERRAZAS SAS", "SUBCATRNT": "9", "LOCALIDAD": "2", "SECCATASTR": "BOSQUE CALDERON", "LATITUD": 4.639979087, "LONGITUD": -74.06005865 }, "geometry": { "type": "Point", "coordinates": [ -8244328.017000000923872, 517085.613099999725819 ] } },
{ "type": "Feature", "properties": { "REGNTURISM": 205262, "NOMESTABLE": "APARTAMENTOS REGENCY LA FERIA", "SUBCATRNT": "9", "LOCALIDAD": "13", "SECCATASTR": "ORTEZAL", "LATITUD": 4.630498323, "LONGITUD": -74.09516123 }, "geometry": { "type": "Point", "coordinates": [ -8248235.6184, 516026.75620000064373 ] } },
{ "type": "Feature", "properties": { "REGNTURISM": 205452, "NOMESTABLE": "HOTEL EL GIRASOL", "SUBCATRNT": "9", "LOCALIDAD": "3", "SECCATASTR": "LA ALAMEDA", "LATITUD": 4.609341555, "LONGITUD": -74.07549944 }, "geometry": { "type": "Point", "coordinates": [ -8246046.877900000661612, 513663.918499998748302 ] } },
{ "type": "Feature", "properties": { "REGNTURISM": 205521, "NOMESTABLE": "HOTEL NUEVO HORIZONTE E.M.J.D", "SUBCATRNT": "9", "LOCALIDAD": "9", "SECCATASTR": "CENTRO FONTIBON", "LATITUD": 4.675206063, "LONGITUD": -74.14605454 }, "geometry": { "type": "Point", "coordinates": [ -8253901.035700000822544, 521020.054699998348951 ] } },
{ "type": "Feature", "properties": { "REGNTURISM": 205562, "NOMESTABLE": "HOTEL BARCELONA CHAPINERO", "SUBCATRNT": "9", "LOCALIDAD": "2", "SECCATASTR": "CHAPINERO CENTRAL", "LATITUD": 4.64300268, "LONGITUD": -74.06564974 }, "geometry": { "type": "Point", "coordinates": [ -8244950.414300000295043, 517423.305399999022484 ] } },
{ "type": "Feature", "properties": { "REGNTURISM": 206936, "NOMESTABLE": "HOTEL LAGUNA 24 B", "SUBCATRNT": "9", "LOCALIDAD": "13", "SECCATASTR": "QUINTA PAREDES", "LATITUD": 4.634925496, "LONGITUD": -74.09373612 }, "geometry": { "type": "Point", "coordinates": [ -8248076.97580000013113, 516521.202199999243021 ] } },
{ "type": "Feature", "properties": { "REGNTURISM": 207107, "NOMESTABLE": "VIAJES CONSTRUCCION LOCAL", "SUBCATRNT": "12", "LOCALIDAD": "9", "SECCATASTR": "MODELIA OCCIDENTAL", "LATITUD": 4.667034946, "LONGITUD": -74.12440703 }, "geometry": { "type": "Point", "coordinates": [ -8251491.245899999514222, 520107.418800000101328 ] } },
{ "type": "Feature", "properties": { "REGNTURISM": 207172, "NOMESTABLE": "HOTEL ESCUELA CUN S A S", "SUBCATRNT": "9", "LOCALIDAD": "2", "SECCATASTR": "MARLY", "LATITUD": 4.634752038, "LONGITUD": -74.06710106 }, "geometry": { "type": "Point", "coordinates": [ -8245111.974500000476837, 516501.829599998891354 ] } },
{ "type": "Feature", "properties": { "REGNTURISM": 207248, "NOMESTABLE": "HOGAR DEL PARQUE 53", "SUBCATRNT": "9", "LOCALIDAD": "13", "SECCATASTR": "EL SALITRE", "LATITUD": 4.655367994, "LONGITUD": -74.09826559 }, "geometry": { "type": "Point", "coordinates": [ -8248581.1941, 518804.350000001490116 ] } },
{ "type": "Feature", "properties": { "REGNTURISM": 208056, "NOMESTABLE": "EUROLAN 72", "SUBCATRNT": "9", "LOCALIDAD": "12", "SECCATASTR": "SAN FELIPE", "LATITUD": 4.661432627, "LONGITUD": -74.06375905 }, "geometry": { "type": "Point", "coordinates": [ -8244739.94370000064373, 519481.699400000274181 ] } },
{ "type": "Feature", "properties": { "REGNTURISM": 211684, "NOMESTABLE": "MAGDALENA GUEST HOUSE", "SUBCATRNT": "8", "LOCALIDAD": "17", "SECCATASTR": "CENTRO ADMINISTRATIVO", "LATITUD": 4.596151976, "LONGITUD": -74.07208282000001 }, "geometry": { "type": "Point", "coordinates": [ -8245666.541500000283122, 512190.910900000482798 ] } },
{ "type": "Feature", "properties": { "REGNTURISM": 211992, "NOMESTABLE": "HOTEL LIDO 2F", "SUBCATRNT": "9", "LOCALIDAD": "17", "SECCATASTR": "CENTRO ADMINISTRATIVO", "LATITUD": 4.599599763, "LONGITUD": -74.07744193000001 }, "geometry": { "type": "Point", "coordinates": [ -8246263.114900000393391, 512575.955899998545647 ] } },
{ "type": "Feature", "properties": { "REGNTURISM": 212204, "NOMESTABLE": "HOSTEL BOGOTA. TU SITIO NORMANDIA", "SUBCATRNT": "8", "LOCALIDAD": "10", "SECCATASTR": "NORMANDIA", "LATITUD": 4.672790187, "LONGITUD": -74.10358781 }, "geometry": { "type": "Point", "coordinates": [ -8249173.661000000312924, 520750.223299998790026 ] } },
{ "type": "Feature", "properties": { "REGNTURISM": 212209, "NOMESTABLE": "CAPSULAS DE DESCANSO TERMINAL BOGOTA", "SUBCATRNT": "6", "LOCALIDAD": "9", "SECCATASTR": "TERMINAL DE TRANSPORTES", "LATITUD": 4.654170419, "LONGITUD": -74.11460571000001 }, "geometry": { "type": "Point", "coordinates": [ -8250400.167999999597669, 518670.595400001853704 ] } },
{ "type": "Feature", "properties": { "REGNTURISM": 214320, "NOMESTABLE": "EMBAJADA 44", "SUBCATRNT": "9", "LOCALIDAD": "13", "SECCATASTR": "QUINTA PAREDES", "LATITUD": 4.634057948, "LONGITUD": -74.09363018000001 }, "geometry": { "type": "Point", "coordinates": [ -8248065.182700000703335, 516424.310400001704693 ] } },
{ "type": "Feature", "properties": { "REGNTURISM": 215038, "NOMESTABLE": "YERBABUENA HOSTAL Y SPA", "SUBCATRNT": "8", "LOCALIDAD": "2", "SECCATASTR": "QUINTA CAMACHO", "LATITUD": 4.653508084, "LONGITUD": -74.06009157 }, "geometry": { "type": "Point", "coordinates": [ -8244331.681700000539422, 518596.620700001716614 ] } },
{ "type": "Feature", "properties": { "REGNTURISM": 215397, "NOMESTABLE": "HOTEL EL DUQUE CI", "SUBCATRNT": "7", "LOCALIDAD": "3", "SECCATASTR": "LAS NIEVES", "LATITUD": 4.609768621, "LONGITUD": -74.07171577 }, "geometry": { "type": "Point", "coordinates": [ -8245625.681700000539422, 513711.613499999046326 ] } },
{ "type": "Feature", "properties": { "REGNTURISM": 215758, "NOMESTABLE": "ALOJAMIENTO CASA NATIVA", "SUBCATRNT": "8", "LOCALIDAD": "13", "SECCATASTR": "CHAPINERO OCCIDENTAL", "LATITUD": 4.645120291, "LONGITUD": -74.06723574 }, "geometry": { "type": "Point", "coordinates": [ -8245126.967000000178814, 517659.813299998641014 ] } },
{ "type": "Feature", "properties": { "REGNTURISM": 216472, "NOMESTABLE": "ARTHOMES 85", "SUBCATRNT": "9", "LOCALIDAD": "2", "SECCATASTR": "ANTIGUO COUNTRY", "LATITUD": 4.671379563, "LONGITUD": -74.0566133 }, "geometry": { "type": "Point", "coordinates": [ -8243944.4824, 520592.669799998402596 ] } },
{ "type": "Feature", "properties": { "REGNTURISM": 216490, "NOMESTABLE": "HOTEL VITAE CORFERIAS", "SUBCATRNT": "9", "LOCALIDAD": "13", "SECCATASTR": "ORTEZAL", "LATITUD": 4.631352043, "LONGITUD": -74.09660998 }, "geometry": { "type": "Point", "coordinates": [ -8248396.8925, 516122.103100001811981 ] } },
{ "type": "Feature", "properties": { "REGNTURISM": 216712, "NOMESTABLE": "ILAR 74", "SUBCATRNT": "9", "LOCALIDAD": "2", "SECCATASTR": "PORCIUNCULA", "LATITUD": 4.661513598, "LONGITUD": -74.06089312 }, "geometry": { "type": "Point", "coordinates": [ -8244420.909800000488758, 519490.742899999022484 ] } },
{ "type": "Feature", "properties": { "REGNTURISM": 216805, "NOMESTABLE": "HOTEL VIRREY CENTRAL", "SUBCATRNT": "9", "LOCALIDAD": "3", "SECCATASTR": "VERACRUZ", "LATITUD": 4.603842541, "LONGITUD": -74.07103006 }, "geometry": { "type": "Point", "coordinates": [ -8245549.348799999803305, 513049.787200000137091 ] } },
{ "type": "Feature", "properties": { "REGNTURISM": 217699, "NOMESTABLE": "NOAHOME", "SUBCATRNT": "9", "LOCALIDAD": "9", "SECCATASTR": "MODELIA", "LATITUD": 4.668133706, "LONGITUD": -74.11533995000001 }, "geometry": { "type": "Point", "coordinates": [ -8250481.903200000524521, 520230.139199998229742 ] } },
{ "type": "Feature", "properties": { "REGNTURISM": 217732, "NOMESTABLE": "HOTEL EMBAJADA BOGOTÁ D.C S.A.S", "SUBCATRNT": "9", "LOCALIDAD": "13", "SECCATASTR": "QUINTA PAREDES", "LATITUD": 4.63350212, "LONGITUD": -74.09164578 }, "geometry": { "type": "Point", "coordinates": [ -8247844.280300000682473, 516362.232999999076128 ] } },
{ "type": "Feature", "properties": { "REGNTURISM": 220988, "NOMESTABLE": "HOTEL RADEL BOUTIQUE", "SUBCATRNT": "9", "LOCALIDAD": "13", "SECCATASTR": "QUINTA PAREDES", "LATITUD": 4.633897986, "LONGITUD": -74.09431029 }, "geometry": { "type": "Point", "coordinates": [ -8248140.892200000584126, 516406.445099998265505 ] } },
{ "type": "Feature", "properties": { "REGNTURISM": 221797, "NOMESTABLE": "HOTEL ARISTON EMBASSY", "SUBCATRNT": "9", "LOCALIDAD": "13", "SECCATASTR": "QUINTA PAREDES", "LATITUD": 4.632737756, "LONGITUD": -74.09206582 }, "geometry": { "type": "Point", "coordinates": [ -8247891.038899999111891, 516276.86540000140667 ] } },
{ "type": "Feature", "properties": { "REGNTURISM": 222165, "NOMESTABLE": "GRUPO CASA REAL 93", "SUBCATRNT": "9", "LOCALIDAD": "2", "SECCATASTR": "CHICO NORTE", "LATITUD": 4.674952687, "LONGITUD": -74.04586897 }, "geometry": { "type": "Point", "coordinates": [ -8242748.429099999368191, 520991.754799999296665 ] } },
{ "type": "Feature", "properties": { "REGNTURISM": 222465, "NOMESTABLE": "SILOM", "SUBCATRNT": "8", "LOCALIDAD": "1", "SECCATASTR": "LA PRADERA NORTE", "LATITUD": 4.742053961, "LONGITUD": -74.03308888 }, "geometry": { "type": "Point", "coordinates": [ -8241325.755999999120831, 528486.728799998760223 ] } },
{ "type": "Feature", "properties": { "REGNTURISM": 223384, "NOMESTABLE": "HOME 59", "SUBCATRNT": "7", "LOCALIDAD": "2", "SECCATASTR": "CHAPINERO CENTRAL", "LATITUD": 4.646080884, "LONGITUD": -74.06436391 }, "geometry": { "type": "Point", "coordinates": [ -8244807.276399999856949, 517767.098400000482798 ] } },
{ "type": "Feature", "properties": { "REGNTURISM": 224702, "NOMESTABLE": "HOTEL WEST INN", "SUBCATRNT": "9", "LOCALIDAD": "9", "SECCATASTR": "LA CABANA FONTIBON", "LATITUD": 4.679511075, "LONGITUD": -74.14009078 }, "geometry": { "type": "Point", "coordinates": [ -8253237.153000000864267, 521500.887699998915195 ] } },
{ "type": "Feature", "properties": { "REGNTURISM": 224703, "NOMESTABLE": "THE SPOT FOR LIVING BOGOTA", "SUBCATRNT": "9", "LOCALIDAD": "3", "SECCATASTR": "LAS NIEVES", "LATITUD": 4.605686901, "LONGITUD": -74.06974572 }, "geometry": { "type": "Point", "coordinates": [ -8245406.376700000837445, 513255.765299998223782 ] } },
{ "type": "Feature", "properties": { "REGNTURISM": 224704, "NOMESTABLE": "OASIS HOME SAS", "SUBCATRNT": "9", "LOCALIDAD": "9", "SECCATASTR": "MODELIA OCCIDENTAL", "LATITUD": 4.667856844, "LONGITUD": -74.12720897 }, "geometry": { "type": "Point", "coordinates": [ -8251803.156500000506639, 520199.216499999165535 ] } },
{ "type": "Feature", "properties": { "REGNTURISM": 225591, "NOMESTABLE": "METRO 26 HOTEL BOGOTA", "SUBCATRNT": "9", "LOCALIDAD": "13", "SECCATASTR": "QUINTA PAREDES", "LATITUD": 4.634168915, "LONGITUD": -74.09346497 }, "geometry": { "type": "Point", "coordinates": [ -8248046.791600000113249, 516436.703699998557568 ] } },
{ "type": "Feature", "properties": { "REGNTURISM": 225804, "NOMESTABLE": "GRAND TURISMO", "SUBCATRNT": "9", "LOCALIDAD": "12", "SECCATASTR": "ONCE DE NOVIEMBRE", "LATITUD": 4.670003516, "LONGITUD": -74.07059485000001 }, "geometry": { "type": "Point", "coordinates": [ -8245500.901499999687076, 520438.97859999909997 ] } },
{ "type": "Feature", "properties": { "REGNTURISM": 227109, "NOMESTABLE": "HOTEL GIO SUITES MONIR", "SUBCATRNT": "9", "LOCALIDAD": "1", "SECCATASTR": "SANTA BARBARA CENTRAL", "LATITUD": 4.696770985, "LONGITUD": -74.0347843 }, "geometry": { "type": "Point", "coordinates": [ -8241514.489299999549985, 523428.701999999582767 ] } },
{ "type": "Feature", "properties": { "REGNTURISM": 227115, "NOMESTABLE": "HOSPEDAJE MANSION DEL LAGO S.A.S. BOGOTÁ", "SUBCATRNT": "8", "LOCALIDAD": "14", "SECCATASTR": "SANTA FE", "LATITUD": 4.612604093, "LONGITUD": -74.07654576 }, "geometry": { "type": "Point", "coordinates": [ -8246163.353700000792742, 514028.281800001859665 ] } },
{ "type": "Feature", "properties": { "REGNTURISM": 227157, "NOMESTABLE": "HOTEL CASA FORTEL CENTRO INTERNACIONAL", "SUBCATRNT": "9", "LOCALIDAD": "13", "SECCATASTR": "TEUSAQUILLO", "LATITUD": 4.622856879, "LONGITUD": -74.07144175000001 }, "geometry": { "type": "Point", "coordinates": [ -8245595.177899999544024, 515173.333599999547005 ] } },
{ "type": "Feature", "properties": { "REGNTURISM": 227260, "NOMESTABLE": "APARTA  HOTEL BOUTIQUE CENTRAL", "SUBCATRNT": "7", "LOCALIDAD": "13", "SECCATASTR": "EL RECUERDO", "LATITUD": 4.632354995, "LONGITUD": -74.08735696 }, "geometry": { "type": "Point", "coordinates": [ -8247366.850999999791384, 516234.116999998688698 ] } },
{ "type": "Feature", "properties": { "REGNTURISM": 227265, "NOMESTABLE": "APARTA HOTEL DORADO CENTRAL", "SUBCATRNT": "7", "LOCALIDAD": "13", "SECCATASTR": "EL RECUERDO", "LATITUD": 4.632354995, "LONGITUD": -74.08735696 }, "geometry": { "type": "Point", "coordinates": [ -8247366.850999999791384, 516234.116999998688698 ] } },
{ "type": "Feature", "properties": { "REGNTURISM": 227461, "NOMESTABLE": "CASA ALVAREZ", "SUBCATRNT": "8", "LOCALIDAD": "13", "SECCATASTR": "QUESADA", "LATITUD": 4.639284051, "LONGITUD": -74.06886943000001 }, "geometry": { "type": "Point", "coordinates": [ -8245308.828600000590086, 517007.987700000405312 ] } },
{ "type": "Feature", "properties": { "REGNTURISM": 227529, "NOMESTABLE": "HOGAR LOSMAN NORMANDIA", "SUBCATRNT": "6", "LOCALIDAD": "10", "SECCATASTR": "NORMANDIA OCCIDENTAL", "LATITUD": 4.67290663, "LONGITUD": -74.10808851 }, "geometry": { "type": "Point", "coordinates": [ -8249674.676599999889731, 520763.228900000452995 ] } },
{ "type": "Feature", "properties": { "REGNTURISM": 228032, "NOMESTABLE": "HOTEL CORCEL", "SUBCATRNT": "9", "LOCALIDAD": "9", "SECCATASTR": "SANTA CECILIA", "LATITUD": 4.668805085, "LONGITUD": -74.11689188 }, "geometry": { "type": "Point", "coordinates": [ -8250654.66330000013113, 520305.125599998980761 ] } },
{ "type": "Feature", "properties": { "REGNTURISM": 228211, "NOMESTABLE": "HOTEL DOUBLETREE BY HILTON BOGOTA CALLE 1", "SUBCATRNT": "9", "LOCALIDAD": "2", "SECCATASTR": "CHICO NORTE III SECTOR", "LATITUD": 4.685485583, "LONGITUD": -74.0546393 }, "geometry": { "type": "Point", "coordinates": [ -8243724.737800000235438, 522168.194200001657009 ] } },
{ "type": "Feature", "properties": { "REGNTURISM": 229490, "NOMESTABLE": "OUTLAND RESERVE", "SUBCATRNT": "8", "LOCALIDAD": "13", "SECCATASTR": "LA SOLEDAD", "LATITUD": 4.629871064, "LONGITUD": -74.07622555 }, "geometry": { "type": "Point", "coordinates": [ -8246127.708100000396371, 515956.701400000602007 ] } },
{ "type": "Feature", "properties": { "REGNTURISM": 229757, "NOMESTABLE": "AMERICAN VISA NORMANDIA", "SUBCATRNT": "9", "LOCALIDAD": "10", "SECCATASTR": "NORMANDIA", "LATITUD": 4.667273221, "LONGITUD": -74.10990749 }, "geometry": { "type": "Point", "coordinates": [ -8249877.1645, 520134.031700000166893 ] } },
{ "type": "Feature", "properties": { "REGNTURISM": 232428, "NOMESTABLE": "HOSTAL CARACAS", "SUBCATRNT": "8", "LOCALIDAD": "6", "SECCATASTR": "TUNJUELITO", "LATITUD": 4.56493693, "LONGITUD": -74.12600086 }, "geometry": { "type": "Point", "coordinates": [ -8251668.670299999415874, 508704.933800000697374 ] } },
{ "type": "Feature", "properties": { "REGNTURISM": 232491, "NOMESTABLE": "CAMELIA BY MASAYA", "SUBCATRNT": "9", "LOCALIDAD": "17", "SECCATASTR": "LA CONCORDIA", "LATITUD": 4.596785303, "LONGITUD": -74.07008758000001 }, "geometry": { "type": "Point", "coordinates": [ -8245444.432399999350309, 512261.640000000596046 ] } },
{ "type": "Feature", "properties": { "REGNTURISM": 232931, "NOMESTABLE": "HOTEL SUITE CENTRO BOGOTÁ", "SUBCATRNT": "9", "LOCALIDAD": "3", "SECCATASTR": "LA ALAMEDA", "LATITUD": 4.610765773, "LONGITUD": -74.07351134 }, "geometry": { "type": "Point", "coordinates": [ -8245825.5636, 513822.976300001144409 ] } },
{ "type": "Feature", "properties": { "REGNTURISM": 233099, "NOMESTABLE": "HOSPEDAJE LA PLAYA", "SUBCATRNT": "9", "LOCALIDAD": "8", "SECCATASTR": "VISION DE ORIENTE", "LATITUD": 4.652789152, "LONGITUD": -74.13474111 }, "geometry": { "type": "Point", "coordinates": [ -8252641.6305, 518516.32490000128746 ] } },
{ "type": "Feature", "properties": { "REGNTURISM": 233102, "NOMESTABLE": "HOTEL ABASCAL 1", "SUBCATRNT": "9", "LOCALIDAD": "12", "SECCATASTR": "RAFAEL URIBE", "LATITUD": 4.656513453, "LONGITUD": -74.06610544 }, "geometry": { "type": "Point", "coordinates": [ -8245001.1426, 518932.284000001847744 ] } },
{ "type": "Feature", "properties": { "REGNTURISM": 233342, "NOMESTABLE": "HOSPEDAJE LA PRIMAVERA P.Z", "SUBCATRNT": "9", "LOCALIDAD": "8", "SECCATASTR": "VISION DE ORIENTE", "LATITUD": 4.650591759, "LONGITUD": -74.13421684 }, "geometry": { "type": "Point", "coordinates": [ -8252583.268999999389052, 518270.903799999505281 ] } },
{ "type": "Feature", "properties": { "REGNTURISM": 233684, "NOMESTABLE": "APARTASUITES WINDSOR", "SUBCATRNT": "9", "LOCALIDAD": "2", "SECCATASTR": "CHICO NORTE", "LATITUD": 4.677782003, "LONGITUD": -74.04398144 }, "geometry": { "type": "Point", "coordinates": [ -8242538.310200000181794, 521307.764800000935793 ] } },
{ "type": "Feature", "properties": { "REGNTURISM": 233699, "NOMESTABLE": "HOTEL AMBAR KING 1", "SUBCATRNT": "9", "LOCALIDAD": "13", "SECCATASTR": "ORTEZAL", "LATITUD": 4.633006974, "LONGITUD": -74.09494026 }, "geometry": { "type": "Point", "coordinates": [ -8248211.020099999383092, 516306.932900000363588 ] } },
{ "type": "Feature", "properties": { "REGNTURISM": 233730, "NOMESTABLE": "CASA FRATELLY", "SUBCATRNT": "8", "LOCALIDAD": "13", "SECCATASTR": "QUINTA PAREDES", "LATITUD": 4.634506791, "LONGITUD": -74.0940724 }, "geometry": { "type": "Point", "coordinates": [ -8248114.410399999469519, 516474.439300000667572 ] } },
{ "type": "Feature", "properties": { "REGNTURISM": 233915, "NOMESTABLE": "HOTEL BYHOURS CONTINENTAL", "SUBCATRNT": "9", "LOCALIDAD": "3", "SECCATASTR": "VERACRUZ", "LATITUD": 4.601113594, "LONGITUD": -74.07044189 }, "geometry": { "type": "Point", "coordinates": [ -8245483.873999999836087, 512745.019499998539686 ] } },
{ "type": "Feature", "properties": { "REGNTURISM": 234015, "NOMESTABLE": "HOTEL LA DIECIOCHO . A", "SUBCATRNT": "9", "LOCALIDAD": "3", "SECCATASTR": "VERACRUZ", "LATITUD": 4.60537128, "LONGITUD": -74.07321905000001 }, "geometry": { "type": "Point", "coordinates": [ -8245793.026100000366569, 513220.516699999570847 ] } },
{ "type": "Feature", "properties": { "REGNTURISM": 234123, "NOMESTABLE": "CADIZ TURISMO Y RECREACION SOCIAL SASCADIZ TURES", "SUBCATRNT": "9", "LOCALIDAD": "10", "SECCATASTR": "EL GACO", "LATITUD": 4.71806826, "LONGITUD": -74.13757756 }, "geometry": { "type": "Point", "coordinates": [ -8252957.38260000012815, 525807.528099998831749 ] } },
{ "type": "Feature", "properties": { "REGNTURISM": 234446, "NOMESTABLE": "HOTEL VILLA KARINA", "SUBCATRNT": "9", "LOCALIDAD": "13", "SECCATASTR": "ARMENIA", "LATITUD": 4.619500275, "LONGITUD": -74.0740153 }, "geometry": { "type": "Point", "coordinates": [ -8245881.664200000464916, 514798.459499999880791 ] } },
{ "type": "Feature", "properties": { "REGNTURISM": 234726, "NOMESTABLE": "HOSTAL CAFE SAN BERNABE", "SUBCATRNT": "8", "LOCALIDAD": "13", "SECCATASTR": "LA SOLEDAD", "LATITUD": 4.632991016, "LONGITUD": -74.07864226 }, "geometry": { "type": "Point", "coordinates": [ -8246396.734999999403954, 516305.150600001215935 ] } },
{ "type": "Feature", "properties": { "REGNTURISM": 234836, "NOMESTABLE": "ILAR 13", "SUBCATRNT": "9", "LOCALIDAD": "3", "SECCATASTR": "LA CAPUCHINA", "LATITUD": 4.606526651, "LONGITUD": -74.07628957 }, "geometry": { "type": "Point", "coordinates": [ -8246134.834799999371171, 513349.548700001090765 ] } },
{ "type": "Feature", "properties": { "REGNTURISM": 236389, "NOMESTABLE": "HOTEL QUIRATAMA", "SUBCATRNT": "9", "LOCALIDAD": "3", "SECCATASTR": "LA CAPUCHINA", "LATITUD": 4.606029288, "LONGITUD": -74.07593076000001 }, "geometry": { "type": "Point", "coordinates": [ -8246094.892200000584126, 513294.003100000321865 ] } },
{ "type": "Feature", "properties": { "REGNTURISM": 236722, "NOMESTABLE": "ALBERGUE SUKURAME BOGOTA", "SUBCATRNT": "6", "LOCALIDAD": "15", "SECCATASTR": "CIUDAD JARDIN SUR", "LATITUD": 4.58010832, "LONGITUD": -74.09899505 }, "geometry": { "type": "Point", "coordinates": [ -8248662.397299999371171, 510399.197700001299381 ] } },
{ "type": "Feature", "properties": { "REGNTURISM": 236726, "NOMESTABLE": "ALBERGUE SUKURAME SEDE 2 BOGOTA", "SUBCATRNT": "6", "LOCALIDAD": "2", "SECCATASTR": "MARLY", "LATITUD": 4.635457589, "LONGITUD": -74.06488676 }, "geometry": { "type": "Point", "coordinates": [ -8244865.479800000786781, 516580.628899998962879 ] } },
{ "type": "Feature", "properties": { "REGNTURISM": 237109, "NOMESTABLE": "HOTEL VILLAFAN", "SUBCATRNT": "8", "LOCALIDAD": "3", "SECCATASTR": "VERACRUZ", "LATITUD": 4.603208458, "LONGITUD": -74.07030959 }, "geometry": { "type": "Point", "coordinates": [ -8245469.146500000730157, 512978.973000001162291 ] } },
{ "type": "Feature", "properties": { "REGNTURISM": 238234, "NOMESTABLE": "HOTEL BLESS SUITE", "SUBCATRNT": "9", "LOCALIDAD": "13", "SECCATASTR": "QUINTA PAREDES", "LATITUD": 4.63335068, "LONGITUD": -74.09186923 }, "geometry": { "type": "Point", "coordinates": [ -8247869.1546, 516345.319499999284744 ] } },
{ "type": "Feature", "properties": { "REGNTURISM": 238637, "NOMESTABLE": "HOTEL BOGOTA CHAPINERO H.V.", "SUBCATRNT": "9", "LOCALIDAD": "2", "SECCATASTR": "CHAPINERO NORTE", "LATITUD": 4.65231196, "LONGITUD": -74.06251572 }, "geometry": { "type": "Point", "coordinates": [ -8244601.536800000816584, 518463.028499998152256 ] } },
{ "type": "Feature", "properties": { "REGNTURISM": 238740, "NOMESTABLE": "HOTEL BESTMARK PLATINO BOGOTA", "SUBCATRNT": "9", "LOCALIDAD": "2", "SECCATASTR": "MARLY", "LATITUD": 4.638470744, "LONGITUD": -74.06645466000001 }, "geometry": { "type": "Point", "coordinates": [ -8245040.0176, 516917.153200000524521 ] } },
{ "type": "Feature", "properties": { "REGNTURISM": 239358, "NOMESTABLE": "MOORE HOTEL BOUTIQUE", "SUBCATRNT": "9", "LOCALIDAD": "11", "SECCATASTR": "EL PINO", "LATITUD": 4.749817425, "LONGITUD": -74.0939334 }, "geometry": { "type": "Point", "coordinates": [ -8248098.937000000849366, 529353.927000001072884 ] } },
{ "type": "Feature", "properties": { "REGNTURISM": 239435, "NOMESTABLE": "ALOJAMIENTO EN HOTELES CASA BLANCA RODRIGUEZ", "SUBCATRNT": "9", "LOCALIDAD": "8", "SECCATASTR": "PROVIVIENDA OCCIDENTAL", "LATITUD": 4.616329891, "LONGITUD": -74.14040559 }, "geometry": { "type": "Point", "coordinates": [ -8253272.197499999776483, 514444.384500000625849 ] } },
{ "type": "Feature", "properties": { "REGNTURISM": 239595, "NOMESTABLE": "EXPOHOTEL FERIAL", "SUBCATRNT": "9", "LOCALIDAD": "13", "SECCATASTR": "EL RECUERDO", "LATITUD": 4.630830848, "LONGITUD": -74.0870099 }, "geometry": { "type": "Point", "coordinates": [ -8247328.216499999165535, 516063.893899999558926 ] } },
{ "type": "Feature", "properties": { "REGNTURISM": 239945, "NOMESTABLE": "STAR PLACE HOTEL", "SUBCATRNT": "7", "LOCALIDAD": "13", "SECCATASTR": "QUINTA PAREDES", "LATITUD": 4.631507577, "LONGITUD": -74.092025 }, "geometry": { "type": "Point", "coordinates": [ -8247886.494799999520183, 516139.473799999803305 ] } },
{ "type": "Feature", "properties": { "REGNTURISM": 240048, "NOMESTABLE": "TORRE MONSERRATE", "SUBCATRNT": "9", "LOCALIDAD": "3", "SECCATASTR": "SAN DIEGO", "LATITUD": 4.612902239, "LONGITUD": -74.07047225 }, "geometry": { "type": "Point", "coordinates": [ -8245487.253699999302626, 514061.579100001603365 ] } },
{ "type": "Feature", "properties": { "REGNTURISM": 240320, "NOMESTABLE": "UDARA POLO COLIVING", "SUBCATRNT": "7", "LOCALIDAD": "12", "SECCATASTR": "POLO CLUB", "LATITUD": 4.671175072, "LONGITUD": -74.06486954 }, "geometry": { "type": "Point", "coordinates": [ -8244863.562899999320507, 520569.830099999904633 ] } },
{ "type": "Feature", "properties": { "REGNTURISM": 240442, "NOMESTABLE": "HOTEL SARON", "SUBCATRNT": "9", "LOCALIDAD": "1", "SECCATASTR": "LA PRADERA NORTE", "LATITUD": 4.741833589, "LONGITUD": -74.03552032 }, "geometry": { "type": "Point", "coordinates": [ -8241596.42259999923408, 528462.112900000065565 ] } },
{ "type": "Feature", "properties": { "REGNTURISM": 240682, "NOMESTABLE": "HOTEL LATIN BOUTIQUE", "SUBCATRNT": "9", "LOCALIDAD": "13", "SECCATASTR": "ORTEZAL", "LATITUD": 4.631144245, "LONGITUD": -74.09641007 }, "geometry": { "type": "Point", "coordinates": [ -8248374.638599999248981, 516098.895399998873472 ] } },
{ "type": "Feature", "properties": { "REGNTURISM": 240787, "NOMESTABLE": "VIVIENDA TURISTICA LOS DELFINES", "SUBCATRNT": "8", "LOCALIDAD": "3", "SECCATASTR": "GIRARDOT", "LATITUD": 4.586685454, "LONGITUD": -74.07531369 }, "geometry": { "type": "Point", "coordinates": [ -8246026.200300000607967, 511133.709800001233816 ] } },
{ "type": "Feature", "properties": { "REGNTURISM": 241699, "NOMESTABLE": "MONTECARLO DEL NORTE", "SUBCATRNT": "8", "LOCALIDAD": "2", "SECCATASTR": "CHAPINERO CENTRAL", "LATITUD": 4.644329162, "LONGITUD": -74.0632152 }, "geometry": { "type": "Point", "coordinates": [ -8244679.402599999681115, 517571.454999998211861 ] } },
{ "type": "Feature", "properties": { "REGNTURISM": 241745, "NOMESTABLE": "HOTEL VITAE GALERY", "SUBCATRNT": "9", "LOCALIDAD": "13", "SECCATASTR": "GALERIAS", "LATITUD": 4.640996782, "LONGITUD": -74.07421504 }, "geometry": { "type": "Point", "coordinates": [ -8245903.89919999986887, 517199.274999998509884 ] } },
{ "type": "Feature", "properties": { "REGNTURISM": 242120, "NOMESTABLE": "HEMMA SUITES CHAPINERO", "SUBCATRNT": "7", "LOCALIDAD": "2", "SECCATASTR": "MARLY", "LATITUD": 4.635166608, "LONGITUD": -74.06496583000001 }, "geometry": { "type": "Point", "coordinates": [ -8244874.2818, 516548.130699999630451 ] } },
{ "type": "Feature", "properties": { "REGNTURISM": 242240, "NOMESTABLE": "AREA 97 APTO 212", "SUBCATRNT": "7", "LOCALIDAD": "2", "SECCATASTR": "CHICO NORTE II SECTOR", "LATITUD": 4.68030287, "LONGITUD": -74.04613174000001 }, "geometry": { "type": "Point", "coordinates": [ -8242777.680500000715256, 521589.324799999594688 ] } },
{ "type": "Feature", "properties": { "REGNTURISM": 242241, "NOMESTABLE": "AREA 97 APTO 221", "SUBCATRNT": "7", "LOCALIDAD": "2", "SECCATASTR": "CHICO NORTE II SECTOR", "LATITUD": 4.68030287, "LONGITUD": -74.04613174000001 }, "geometry": { "type": "Point", "coordinates": [ -8242777.680500000715256, 521589.324799999594688 ] } },
{ "type": "Feature", "properties": { "REGNTURISM": 242374, "NOMESTABLE": "ROMA", "SUBCATRNT": "9", "LOCALIDAD": "17", "SECCATASTR": "EGIPTO", "LATITUD": 4.595674122, "LONGITUD": -74.07114596 }, "geometry": { "type": "Point", "coordinates": [ -8245562.250700000673532, 512137.544799998402596 ] } },
{ "type": "Feature", "properties": { "REGNTURISM": 242397, "NOMESTABLE": "SUITES ZONA G BOUTIQUE", "SUBCATRNT": "9", "LOCALIDAD": "2", "SECCATASTR": "EMAUS", "LATITUD": 4.651620543, "LONGITUD": -74.05573702 }, "geometry": { "type": "Point", "coordinates": [ -8243846.935399999842048, 518385.805900000035763 ] } },
{ "type": "Feature", "properties": { "REGNTURISM": 242400, "NOMESTABLE": "SUITES CASA LOZADA", "SUBCATRNT": "9", "LOCALIDAD": "2", "SECCATASTR": "CHICO NORTE", "LATITUD": 4.677982428, "LONGITUD": -74.05232458 }, "geometry": { "type": "Point", "coordinates": [ -8243467.064300000667572, 521330.150600001215935 ] } },
{ "type": "Feature", "properties": { "REGNTURISM": 242852, "NOMESTABLE": "SOCIALTEL PARQUE 93", "SUBCATRNT": "9", "LOCALIDAD": "2", "SECCATASTR": "CHICO NORTE", "LATITUD": 4.679961639, "LONGITUD": -74.04816218000001 }, "geometry": { "type": "Point", "coordinates": [ -8243003.708100000396371, 521551.212099999189377 ] } },
{ "type": "Feature", "properties": { "REGNTURISM": 242997, "NOMESTABLE": "REX HOUSE", "SUBCATRNT": "8", "LOCALIDAD": "13", "SECCATASTR": "CHAPINERO OCCIDENTAL", "LATITUD": 4.644029379, "LONGITUD": -74.06766676 }, "geometry": { "type": "Point", "coordinates": [ -8245174.948000000789762, 517537.973400000482798 ] } },
{ "type": "Feature", "properties": { "REGNTURISM": 243161, "NOMESTABLE": "HOTEL ALFAY BOGOTA", "SUBCATRNT": "9", "LOCALIDAD": "9", "SECCATASTR": "SAN PEDRO DE LOS ROBLES", "LATITUD": 4.666274042, "LONGITUD": -74.14598762 }, "geometry": { "type": "Point", "coordinates": [ -8253893.586200000718236, 520022.433699999004602 ] } },
{ "type": "Feature", "properties": { "REGNTURISM": 243219, "NOMESTABLE": "ORANGE TRIP", "SUBCATRNT": "9", "LOCALIDAD": "9", "SECCATASTR": "MODELIA OCCIDENTAL", "LATITUD": 4.666766616, "LONGITUD": -74.12430233000001 }, "geometry": { "type": "Point", "coordinates": [ -8251479.590800000354648, 520077.449099998921156 ] } },
{ "type": "Feature", "properties": { "REGNTURISM": 243340, "NOMESTABLE": "ORANGE WILD", "SUBCATRNT": "9", "LOCALIDAD": "9", "SECCATASTR": "SANTA CECILIA", "LATITUD": 4.668205564, "LONGITUD": -74.11835821 }, "geometry": { "type": "Point", "coordinates": [ -8250817.894400000572205, 520238.16499999910593 ] } },
{ "type": "Feature", "properties": { "REGNTURISM": 243399, "NOMESTABLE": "LAVID HOTEL PALACIO", "SUBCATRNT": "9", "LOCALIDAD": "10", "SECCATASTR": "BOYACA", "LATITUD": 4.689583163, "LONGITUD": -74.09823077 }, "geometry": { "type": "Point", "coordinates": [ -8248577.318, 522625.865499999374151 ] } },
{ "type": "Feature", "properties": { "REGNTURISM": 243502, "NOMESTABLE": "LA TUA CASA HOTEL BOUTIQUE", "SUBCATRNT": "9", "LOCALIDAD": "13", "SECCATASTR": "SANTA TERESITA", "LATITUD": 4.632455454, "LONGITUD": -74.07131088 }, "geometry": { "type": "Point", "coordinates": [ -8245580.6096, 516245.33669999986887 ] } },
{ "type": "Feature", "properties": { "REGNTURISM": 243518, "NOMESTABLE": "SOCIALTEL LA CANDELARIA", "SUBCATRNT": "9", "LOCALIDAD": "17", "SECCATASTR": "CENTRO ADMINISTRATIVO", "LATITUD": 4.596234374, "LONGITUD": -74.07220806 }, "geometry": { "type": "Point", "coordinates": [ -8245680.483200000599027, 512200.113000001758337 ] } },
{ "type": "Feature", "properties": { "REGNTURISM": 243752, "NOMESTABLE": "NEWHOTEL.VIP", "SUBCATRNT": "9", "LOCALIDAD": "11", "SECCATASTR": "AURES", "LATITUD": 4.734290756, "LONGITUD": -74.09518612 }, "geometry": { "type": "Point", "coordinates": [ -8248238.38910000026226, 527619.569400001317263 ] } },
{ "type": "Feature", "properties": { "REGNTURISM": 243957, "NOMESTABLE": "HOTEL DE LA SALLE", "SUBCATRNT": "9", "LOCALIDAD": "13", "SECCATASTR": "QUESADA", "LATITUD": 4.638548245, "LONGITUD": -74.06879382 }, "geometry": { "type": "Point", "coordinates": [ -8245300.411699999123812, 516925.808899998664856 ] } },
{ "type": "Feature", "properties": { "REGNTURISM": 244164, "NOMESTABLE": "HOTEL CONNECTIONS VIP", "SUBCATRNT": "9", "LOCALIDAD": "10", "SECCATASTR": "NORMANDIA OCCIDENTAL", "LATITUD": 4.673361273, "LONGITUD": -74.10896678 }, "geometry": { "type": "Point", "coordinates": [ -8249772.4452, 520814.008299998939037 ] } },
{ "type": "Feature", "properties": { "REGNTURISM": 244237, "NOMESTABLE": "BABABUY", "SUBCATRNT": "8", "LOCALIDAD": "9", "SECCATASTR": "LA CABANA FONTIBON", "LATITUD": 4.682477801, "LONGITUD": -74.13532173 }, "geometry": { "type": "Point", "coordinates": [ -8252706.264799999073148, 521832.247400000691414 ] } },
{ "type": "Feature", "properties": { "REGNTURISM": 244804, "NOMESTABLE": "HOTEL AIRPORT OMARA", "SUBCATRNT": "9", "LOCALIDAD": "9", "SECCATASTR": "SANTA CECILIA", "LATITUD": 4.668075379, "LONGITUD": -74.11835856 }, "geometry": { "type": "Point", "coordinates": [ -8250817.933299999684095, 520223.624699998646975 ] } },
{ "type": "Feature", "properties": { "REGNTURISM": 245139, "NOMESTABLE": "THE HIPINTO SOCIAL EXPERIENCE", "SUBCATRNT": "8", "LOCALIDAD": "17", "SECCATASTR": "LA CONCORDIA", "LATITUD": 4.597097604, "LONGITUD": -74.0690995 }, "geometry": { "type": "Point", "coordinates": [ -8245334.439899999648333, 512296.517400000244379 ] } },
{ "type": "Feature", "properties": { "REGNTURISM": 245228, "NOMESTABLE": "HOTEL MI CASA PRIMAVERA", "SUBCATRNT": "9", "LOCALIDAD": "13", "SECCATASTR": "ARMENIA", "LATITUD": 4.618811859, "LONGITUD": -74.07281709 }, "geometry": { "type": "Point", "coordinates": [ -8245748.280099999159575, 514721.575599998235703 ] } },
{ "type": "Feature", "properties": { "REGNTURISM": 245234, "NOMESTABLE": "CASA HOTEL SANTA MARIA EL GRECO", "SUBCATRNT": "9", "LOCALIDAD": "13", "SECCATASTR": "EL SALITRE", "LATITUD": 4.65547035, "LONGITUD": -74.09958999 }, "geometry": { "type": "Point", "coordinates": [ -8248728.625700000673532, 518815.781899999827147 ] } },
{ "type": "Feature", "properties": { "REGNTURISM": 245333, "NOMESTABLE": "SERENITY BY NOA HOTELS", "SUBCATRNT": "9", "LOCALIDAD": "13", "SECCATASTR": "EL RECUERDO", "LATITUD": 4.631188557, "LONGITUD": -74.08673517 }, "geometry": { "type": "Point", "coordinates": [ -8247297.63370000012219, 516103.844300001859665 ] } },
{ "type": "Feature", "properties": { "REGNTURISM": 245677, "NOMESTABLE": "HOTEL CASA QUINTA BOGOTA", "SUBCATRNT": "9", "LOCALIDAD": "3", "SECCATASTR": "VERACRUZ", "LATITUD": 4.602303065, "LONGITUD": -74.06944101000001 }, "geometry": { "type": "Point", "coordinates": [ -8245372.456599999219179, 512877.859000001102686 ] } },
{ "type": "Feature", "properties": { "REGNTURISM": 245697, "NOMESTABLE": "HOTEL MI LLANURA", "SUBCATRNT": "9", "LOCALIDAD": "17", "SECCATASTR": "CENTRO ADMINISTRATIVO", "LATITUD": 4.596662808, "LONGITUD": -74.07621261 }, "geometry": { "type": "Point", "coordinates": [ -8246126.2676, 512247.959899999201298 ] } },
{ "type": "Feature", "properties": { "REGNTURISM": 246041, "NOMESTABLE": "HOSPEDAJES JM", "SUBCATRNT": "8", "LOCALIDAD": "17", "SECCATASTR": "CENTRO ADMINISTRATIVO", "LATITUD": 4.596779726, "LONGITUD": -74.07892494 }, "geometry": { "type": "Point", "coordinates": [ -8246428.2028, 512261.017200000584126 ] } },
{ "type": "Feature", "properties": { "REGNTURISM": 246043, "NOMESTABLE": "HOSPEDAJES JM", "SUBCATRNT": "8", "LOCALIDAD": "3", "SECCATASTR": "LA CAPUCHINA", "LATITUD": 4.607175497, "LONGITUD": -74.07463774 }, "geometry": { "type": "Point", "coordinates": [ -8245950.9539, 513422.011999998241663 ] } },
{ "type": "Feature", "properties": { "REGNTURISM": 246192, "NOMESTABLE": "HOTEL BOGOTÁ SUITES LIONS", "SUBCATRNT": "9", "LOCALIDAD": "13", "SECCATASTR": "TEUSAQUILLO", "LATITUD": 4.620591095, "LONGITUD": -74.07370683000001 }, "geometry": { "type": "Point", "coordinates": [ -8245847.325500000268221, 514920.284800000488758 ] } },
{ "type": "Feature", "properties": { "REGNTURISM": 246431, "NOMESTABLE": "HOTEL PUNTA CANA VIP", "SUBCATRNT": "9", "LOCALIDAD": "12", "SECCATASTR": "SIETE DE AGOSTO", "LATITUD": 4.657896955, "LONGITUD": -74.06930182000001 }, "geometry": { "type": "Point", "coordinates": [ -8245356.96199999935925, 519086.804999999701977 ] } },
{ "type": "Feature", "properties": { "REGNTURISM": 246579, "NOMESTABLE": "HOTEL OKIII", "SUBCATRNT": "9", "LOCALIDAD": "9", "SECCATASTR": "EL CARMEN FONTIBON", "LATITUD": 4.672969611, "LONGITUD": -74.14733813 }, "geometry": { "type": "Point", "coordinates": [ -8254043.9243, 520770.263300001621246 ] } },
{ "type": "Feature", "properties": { "REGNTURISM": 246716, "NOMESTABLE": "HOTEL NEW COMFORT D.C.", "SUBCATRNT": "9", "LOCALIDAD": "13", "SECCATASTR": "QUINTA PAREDES", "LATITUD": 4.632888802, "LONGITUD": -74.09412533 }, "geometry": { "type": "Point", "coordinates": [ -8248120.302500000223517, 516293.734900001436472 ] } },
{ "type": "Feature", "properties": { "REGNTURISM": 247047, "NOMESTABLE": "HOTEL PLAZA SPORT", "SUBCATRNT": "9", "LOCALIDAD": "13", "SECCATASTR": "GRAN AMERICA", "LATITUD": 4.628409791, "LONGITUD": -74.08516077 }, "geometry": { "type": "Point", "coordinates": [ -8247122.372300000861287, 515793.500900000333786 ] } },
{ "type": "Feature", "properties": { "REGNTURISM": 247204, "NOMESTABLE": "HOTEL PALMA 53", "SUBCATRNT": "9", "LOCALIDAD": "13", "SECCATASTR": "QUESADA", "LATITUD": 4.640030067, "LONGITUD": -74.06657862 }, "geometry": { "type": "Point", "coordinates": [ -8245053.816800000146031, 517091.306800000369549 ] } },
{ "type": "Feature", "properties": { "REGNTURISM": 247348, "NOMESTABLE": "NUEVO NORMANDIA HOTEL BOUTIQUE", "SUBCATRNT": "9", "LOCALIDAD": "10", "SECCATASTR": "NORMANDIA", "LATITUD": 4.669076946, "LONGITUD": -74.1087731 }, "geometry": { "type": "Point", "coordinates": [ -8249750.884800000116229, 520335.489799998700619 ] } },
{ "type": "Feature", "properties": { "REGNTURISM": 247445, "NOMESTABLE": "APARTAHOTEL BADEN", "SUBCATRNT": "7", "LOCALIDAD": "9", "SECCATASTR": "SALITRE OCCIDENTAL", "LATITUD": 4.654867249, "LONGITUD": -74.10941397000001 }, "geometry": { "type": "Point", "coordinates": [ -8249822.226099999621511, 518748.422800000756979 ] } },
{ "type": "Feature", "properties": { "REGNTURISM": 247520, "NOMESTABLE": "YASHIRA BOUTIQUE HOTEL", "SUBCATRNT": "9", "LOCALIDAD": "10", "SECCATASTR": "NORMANDIA OCCIDENTAL", "LATITUD": 4.673718961, "LONGITUD": -74.10538213 }, "geometry": { "type": "Point", "coordinates": [ -8249373.403799999505281, 520853.958799999207258 ] } },
{ "type": "Feature", "properties": { "REGNTURISM": 247593, "NOMESTABLE": "HOTEL FLORES DE LA 66", "SUBCATRNT": "8", "LOCALIDAD": "2", "SECCATASTR": "CHAPINERO NORTE", "LATITUD": 4.6525291, "LONGITUD": -74.06269394 }, "geometry": { "type": "Point", "coordinates": [ -8244621.376199999824166, 518487.280299998819828 ] } },
{ "type": "Feature", "properties": { "REGNTURISM": 247855, "NOMESTABLE": "HOTEL BOGOTA SIUTE INN", "SUBCATRNT": "9", "LOCALIDAD": "3", "SECCATASTR": "LA ALAMEDA", "LATITUD": 4.609979596, "LONGITUD": -74.07354509 }, "geometry": { "type": "Point", "coordinates": [ -8245829.320699999108911, 513735.175400000065565 ] } },
{ "type": "Feature", "properties": { "REGNTURISM": 247940, "NOMESTABLE": "ARISTON HOTEL SALITRE REAL", "SUBCATRNT": "9", "LOCALIDAD": "13", "SECCATASTR": "ORTEZAL", "LATITUD": 4.631683004, "LONGITUD": -74.09354932 }, "geometry": { "type": "Point", "coordinates": [ -8248056.181399999186397, 516159.066199999302626 ] } },
{ "type": "Feature", "properties": { "REGNTURISM": 248045, "NOMESTABLE": "HOGAR DE PASO MAO", "SUBCATRNT": "6", "LOCALIDAD": "3", "SECCATASTR": "LA ALAMEDA", "LATITUD": 4.609575715, "LONGITUD": -74.07349675 }, "geometry": { "type": "Point", "coordinates": [ -8245823.939500000327826, 513690.069699998944998 ] } },
{ "type": "Feature", "properties": { "REGNTURISM": 248087, "NOMESTABLE": "HOSTAL LAS FLORES", "SUBCATRNT": "8", "LOCALIDAD": "17", "SECCATASTR": "CENTRO ADMINISTRATIVO", "LATITUD": 4.594562273, "LONGITUD": -74.0732501 }, "geometry": { "type": "Point", "coordinates": [ -8245796.4825, 512013.375199999660254 ] } },
{ "type": "Feature", "properties": { "REGNTURISM": 248973, "NOMESTABLE": "R14", "SUBCATRNT": "9", "LOCALIDAD": "17", "SECCATASTR": "LA CATEDRAL", "LATITUD": 4.598848236, "LONGITUD": -74.07264669 }, "geometry": { "type": "Point", "coordinates": [ -8245729.311200000345707, 512492.026000000536442 ] } },
{ "type": "Feature", "properties": { "REGNTURISM": 249057, "NOMESTABLE": "NUIT HOTEL", "SUBCATRNT": "9", "LOCALIDAD": "2", "SECCATASTR": "PARDO RUBIO", "LATITUD": 4.637035416, "LONGITUD": -74.06288512 }, "geometry": { "type": "Point", "coordinates": [ -8244642.65819999948144, 516756.848400000482798 ] } },
{ "type": "Feature", "properties": { "REGNTURISM": 249808, "NOMESTABLE": "HOTEL BOGOTA AIRPORT DORADO", "SUBCATRNT": "9", "LOCALIDAD": "9", "SECCATASTR": "SAN JOSE DE FONTIBON", "LATITUD": 4.685911368, "LONGITUD": -74.13348812 }, "geometry": { "type": "Point", "coordinates": [ -8252502.148199999704957, 522215.751299999654293 ] } },
{ "type": "Feature", "properties": { "REGNTURISM": 249982, "NOMESTABLE": "HOTEL JELT AEROPUERTO", "SUBCATRNT": "9", "LOCALIDAD": "9", "SECCATASTR": "SAN JOSE DE FONTIBON", "LATITUD": 4.686366419, "LONGITUD": -74.13283295 }, "geometry": { "type": "Point", "coordinates": [ -8252429.215099999681115, 522266.577199999243021 ] } },
{ "type": "Feature", "properties": { "REGNTURISM": 250095, "NOMESTABLE": "MR. POLLO COMPANY HOTEL", "SUBCATRNT": "9", "LOCALIDAD": "3", "SECCATASTR": "LA CAPUCHINA", "LATITUD": 4.604137506, "LONGITUD": -74.07568545 }, "geometry": { "type": "Point", "coordinates": [ -8246067.584499999880791, 513082.728799998760223 ] } },
{ "type": "Feature", "properties": { "REGNTURISM": 250243, "NOMESTABLE": "ORANGE CITY", "SUBCATRNT": "9", "LOCALIDAD": "9", "SECCATASTR": "SANTA CECILIA", "LATITUD": 4.668075379, "LONGITUD": -74.11835856 }, "geometry": { "type": "Point", "coordinates": [ -8250817.933299999684095, 520223.624699998646975 ] } },
{ "type": "Feature", "properties": { "REGNTURISM": 250531, "NOMESTABLE": "HOGAR EVELYNS PLACE", "SUBCATRNT": "8", "LOCALIDAD": "10", "SECCATASTR": "LA GRANJA", "LATITUD": 4.699569721, "LONGITUD": -74.09710557 }, "geometry": { "type": "Point", "coordinates": [ -8248452.061300000175834, 523741.306200001388788 ] } },
{ "type": "Feature", "properties": { "REGNTURISM": 250532, "NOMESTABLE": "HOGAR EVELYNS PLACE MADRIGAL", "SUBCATRNT": "8", "LOCALIDAD": "10", "SECCATASTR": "EL MADRIGAL", "LATITUD": 4.706561418, "LONGITUD": -74.11539742 }, "geometry": { "type": "Point", "coordinates": [ -8250488.300699999555945, 524522.247800000011921 ] } }
]
}
